,group,round,id_in_group,split,high,guess,win,turker,strategy
0,1,1,1,1,1,24.0,1,A1HWB810RJBV2K,
1,1,1,2,1,1,63.0,0,A24UUWI8IIJKT6,
2,1,1,3,1,1,25.0,0,AZIDXMX2VZOTZ,
3,1,1,4,1,1,26.0,0,AEXYBW3COL9JM,
4,1,2,1,1,1,42.0,0,A1HWB810RJBV2K,
5,1,2,2,1,1,63.0,0,A24UUWI8IIJKT6,
6,1,2,3,1,1,40.0,0,AZIDXMX2VZOTZ,
7,1,2,4,1,1,20.0,1,AEXYBW3COL9JM,
8,1,3,1,1,1,28.0,0,A1HWB810RJBV2K,
9,1,3,2,1,1,32.0,0,A24UUWI8IIJKT6,
10,1,3,3,1,1,30.0,0,AZIDXMX2VZOTZ,
11,1,3,4,1,1,24.0,1,AEXYBW3COL9JM,
12,1,4,1,1,1,26.0,0,A1HWB810RJBV2K,
13,1,4,2,1,1,25.0,0,A24UUWI8IIJKT6,
14,1,4,3,1,1,19.0,1,AZIDXMX2VZOTZ,
15,1,4,4,1,1,22.0,0,AEXYBW3COL9JM,
16,1,5,1,1,1,25.0,0,A1HWB810RJBV2K,
17,1,5,2,1,1,12.0,1,A24UUWI8IIJKT6,
18,1,5,3,1,1,16.0,0,AZIDXMX2VZOTZ,
19,1,5,4,1,1,17.0,0,AEXYBW3COL9JM,
20,1,6,1,1,1,32.0,0,A1HWB810RJBV2K,
21,1,6,2,1,1,10.0,1,A24UUWI8IIJKT6,
22,1,6,3,1,1,8.0,0,AZIDXMX2VZOTZ,
23,1,6,4,1,1,9.0,0,AEXYBW3COL9JM,
24,1,7,1,1,1,6.0,1,A1HWB810RJBV2K,
25,1,7,2,1,1,8.0,0,A24UUWI8IIJKT6,
26,1,7,3,1,1,10.0,0,AZIDXMX2VZOTZ,
27,1,7,4,1,1,7.0,0,AEXYBW3COL9JM,
28,1,8,1,1,1,8.0,0,A1HWB810RJBV2K,i just tried to guess what the other players would do
29,1,8,2,1,1,2.0,0,A24UUWI8IIJKT6,Decrease guess every round
30,1,8,3,1,1,5.0,0,AZIDXMX2VZOTZ,Try to go with what I thought was coming next
31,1,8,4,1,1,3.0,1,AEXYBW3COL9JM,"guessed 25 to start, then progressively lower, taking into account other people's guesses"
32,2,1,1,1,1,55.0,0,ASS4LIVDW452F,
33,2,1,2,1,1,35.0,1,A26Y58YECZUZZG,
34,2,1,3,1,1,42.0,0,AVZOC3OGBQRX2,
35,2,1,4,1,1,70.0,0,A28WSBB0DSV47X,
36,2,2,1,1,1,60.0,0,ASS4LIVDW452F,
37,2,2,2,1,1,22.0,1,A26Y58YECZUZZG,
38,2,2,3,1,1,36.0,0,AVZOC3OGBQRX2,
39,2,2,4,1,1,55.0,0,A28WSBB0DSV47X,
40,2,3,1,1,1,80.0,0,ASS4LIVDW452F,
41,2,3,2,1,1,23.0,0,A26Y58YECZUZZG,
42,2,3,3,1,1,35.0,1,AVZOC3OGBQRX2,
43,2,3,4,1,1,47.0,0,A28WSBB0DSV47X,
44,2,4,1,1,1,25.0,0,ASS4LIVDW452F,
45,2,4,2,1,1,31.0,0,A26Y58YECZUZZG,
46,2,4,3,1,1,35.0,0,AVZOC3OGBQRX2,
47,2,4,4,1,1,24.0,1,A28WSBB0DSV47X,
48,2,5,1,1,1,40.0,0,ASS4LIVDW452F,
49,2,5,2,1,1,20.0,1,A26Y58YECZUZZG,
50,2,5,3,1,1,25.0,0,AVZOC3OGBQRX2,
51,2,5,4,1,1,37.0,0,A28WSBB0DSV47X,
52,2,6,1,1,1,42.0,0,ASS4LIVDW452F,
53,2,6,2,1,1,23.0,0,A26Y58YECZUZZG,
54,2,6,3,1,1,23.0,0,AVZOC3OGBQRX2,
55,2,6,4,1,1,22.0,1,A28WSBB0DSV47X,
56,2,7,1,1,1,15.0,1,ASS4LIVDW452F,
57,2,7,2,1,1,19.0,0,A26Y58YECZUZZG,
58,2,7,3,1,1,22.0,0,AVZOC3OGBQRX2,
59,2,7,4,1,1,20.0,0,A28WSBB0DSV47X,
60,2,8,1,1,1,24.0,0,ASS4LIVDW452F,Picked random numbers
61,2,8,2,1,1,16.0,0,A26Y58YECZUZZG,"I tried to guess based on some mix of the previous round's 2/3rds average plus the answers of my fellow partners. Sometimes it worked, and sometimes I was completely baffled."
62,2,8,3,1,1,15.0,0,AVZOC3OGBQRX2,It appeared that 2/3 the average kept getting smaller so I kept moving down my guess.
63,2,8,4,1,1,10.0,1,A28WSBB0DSV47X,I liked this so much.
64,3,1,1,1,1,77.0,0,AQ4OZLFFA58MV,
65,3,1,2,1,1,29.0,1,A23BMD8M0RLV77,
66,3,1,3,1,1,50.0,0,A2JZUSRBP6H5S,
67,3,1,4,1,1,51.0,0,A2EFD7AW29IXUR,
68,3,2,1,1,1,54.0,0,AQ4OZLFFA58MV,
69,3,2,2,1,1,24.0,0,A23BMD8M0RLV77,
70,3,2,3,1,1,37.0,1,A2JZUSRBP6H5S,
71,3,2,4,1,1,74.0,0,A2EFD7AW29IXUR,
72,3,3,1,1,1,63.0,0,AQ4OZLFFA58MV,
73,3,3,2,1,1,28.0,1,A23BMD8M0RLV77,
74,3,3,3,1,1,33.0,0,A2JZUSRBP6H5S,
75,3,3,4,1,1,40.0,0,A2EFD7AW29IXUR,
76,3,4,1,1,1,22.0,1,AQ4OZLFFA58MV,
77,3,4,2,1,1,26.0,0,A23BMD8M0RLV77,
78,3,4,3,1,1,30.0,0,A2JZUSRBP6H5S,
79,3,4,4,1,1,26.0,0,A2EFD7AW29IXUR,
80,3,5,1,1,1,16.0,1,AQ4OZLFFA58MV,
81,3,5,2,1,1,18.0,0,A23BMD8M0RLV77,
82,3,5,3,1,1,24.0,0,A2JZUSRBP6H5S,
83,3,5,4,1,1,16.0,1,A2EFD7AW29IXUR,
84,3,6,1,1,1,15.0,0,AQ4OZLFFA58MV,
85,3,6,2,1,1,10.0,1,A23BMD8M0RLV77,
86,3,6,3,1,1,14.0,0,A2JZUSRBP6H5S,
87,3,6,4,1,1,14.0,0,A2EFD7AW29IXUR,
88,3,7,1,1,1,7.0,0,AQ4OZLFFA58MV,
89,3,7,2,1,1,9.0,0,A23BMD8M0RLV77,
90,3,7,3,1,1,4.0,1,A2JZUSRBP6H5S,
91,3,7,4,1,1,11.0,0,A2EFD7AW29IXUR,
92,3,8,1,1,1,2.0,1,AQ4OZLFFA58MV,After the third round I tried to anticipate the declining value of the 2/3 average
93,3,8,2,1,1,3.0,0,A23BMD8M0RLV77,"I just kept hoping to lowball what I thought other people might try, since I knew I needed to be guessing an average of one third less than them, and I assumed each round the number would get lower as the others tried to do the same."
94,3,8,3,1,1,2.0,1,A2JZUSRBP6H5S,"Seeing how the average progressed during each round, and making my guess accordingly"
95,3,8,4,1,1,5.0,0,A2EFD7AW29IXUR,Tried to guess lower or in the middle
96,4,1,1,1,1,55.0,0,A2Z6NL0CTXY0ZB,
97,4,1,2,1,1,60.0,0,A3AIUG6ILEEBI7,
98,4,1,3,1,1,75.0,0,A1HSGWFVXK2MYZ,
99,4,1,4,1,1,33.0,1,ATF7HBD1TFI2U,
100,4,2,1,1,1,89.0,0,A2Z6NL0CTXY0ZB,
101,4,2,2,1,1,10.0,0,A3AIUG6ILEEBI7,
102,4,2,3,1,1,65.0,0,A1HSGWFVXK2MYZ,
103,4,2,4,1,1,42.0,1,ATF7HBD1TFI2U,
104,4,3,1,1,1,35.0,0,A2Z6NL0CTXY0ZB,
105,4,3,2,1,1,32.0,0,A3AIUG6ILEEBI7,
106,4,3,3,1,1,42.0,0,A1HSGWFVXK2MYZ,
107,4,3,4,1,1,25.0,1,ATF7HBD1TFI2U,
108,4,4,1,1,1,30.0,0,A2Z6NL0CTXY0ZB,
109,4,4,2,1,1,20.0,0,A3AIUG6ILEEBI7,
110,4,4,3,1,1,15.0,1,A1HSGWFVXK2MYZ,
111,4,4,4,1,1,18.0,0,ATF7HBD1TFI2U,
112,4,5,1,1,1,1.0,0,A2Z6NL0CTXY0ZB,
113,4,5,2,1,1,8.0,0,A3AIUG6ILEEBI7,
114,4,5,3,1,1,5.0,1,A1HSGWFVXK2MYZ,
115,4,5,4,1,1,5.0,1,ATF7HBD1TFI2U,
116,4,6,1,1,1,2.0,1,A2Z6NL0CTXY0ZB,
117,4,6,2,1,1,2.0,1,A3AIUG6ILEEBI7,
118,4,6,3,1,1,1.0,0,A1HSGWFVXK2MYZ,
119,4,6,4,1,1,5.0,0,ATF7HBD1TFI2U,
120,4,7,1,1,1,2.0,0,A2Z6NL0CTXY0ZB,
121,4,7,2,1,1,1.0,1,A3AIUG6ILEEBI7,
122,4,7,3,1,1,1.0,1,A1HSGWFVXK2MYZ,
123,4,7,4,1,1,1.0,1,ATF7HBD1TFI2U,
124,4,8,1,1,1,1.0,1,A2Z6NL0CTXY0ZB,I matched my choice with the others. Or at least I tried.
125,4,8,2,1,1,1.0,1,A3AIUG6ILEEBI7,"I just tried to anticipate what the others would pick and pick something lower, didn't work out too well for me."
126,4,8,3,1,1,1.0,1,A1HSGWFVXK2MYZ,Using math
127,4,8,4,1,1,1.0,1,ATF7HBD1TFI2U,i played low to try to get closest to the number
128,5,1,1,1,1,64.0,0,A2G8WNFN1VV02S,
129,5,1,2,1,1,6.0,0,A1WZBK5PRHBW3H,
130,5,1,3,1,1,10.0,1,A9MJVJAMLCDMV,
131,5,1,4,1,1,45.0,0,A2V7KYLBCBTI3B,
132,5,2,1,1,1,64.0,0,A2G8WNFN1VV02S,
133,5,2,2,1,1,66.0,0,A1WZBK5PRHBW3H,
134,5,2,3,1,1,8.0,0,A9MJVJAMLCDMV,
135,5,2,4,1,1,25.0,1,A2V7KYLBCBTI3B,
136,5,3,1,1,1,30.0,0,A2G8WNFN1VV02S,
137,5,3,2,1,1,48.0,0,A1WZBK5PRHBW3H,
138,5,3,3,1,1,15.0,1,A9MJVJAMLCDMV,
139,5,3,4,1,1,24.0,1,A2V7KYLBCBTI3B,
140,5,4,1,1,1,19.0,0,A2G8WNFN1VV02S,
141,5,4,2,1,1,88.0,0,A1WZBK5PRHBW3H,
142,5,4,3,1,1,25.0,1,A9MJVJAMLCDMV,
143,5,4,4,1,1,22.0,0,A2V7KYLBCBTI3B,
144,5,5,1,1,1,24.0,1,A2G8WNFN1VV02S,
145,5,5,2,1,1,97.0,0,A1WZBK5PRHBW3H,
146,5,5,3,1,1,15.0,0,A9MJVJAMLCDMV,
147,5,5,4,1,1,24.0,1,A2V7KYLBCBTI3B,
148,5,6,1,1,1,22.0,0,A2G8WNFN1VV02S,
149,5,6,2,1,1,78.0,0,A1WZBK5PRHBW3H,
150,5,6,3,1,1,28.0,0,A9MJVJAMLCDMV,
151,5,6,4,1,1,25.0,1,A2V7KYLBCBTI3B,
152,5,7,1,1,1,25.0,1,A2G8WNFN1VV02S,
153,5,7,2,1,1,26.0,0,A1WZBK5PRHBW3H,
154,5,7,3,1,1,45.0,0,A9MJVJAMLCDMV,
155,5,7,4,1,1,25.0,1,A2V7KYLBCBTI3B,
156,5,8,1,1,1,23.0,0,A2G8WNFN1VV02S,I realized that all the numbers were in the 20's so I tried to pick numbers in that range. 
157,5,8,2,1,1,22.0,1,A1WZBK5PRHBW3H,just guessed
158,5,8,3,1,1,25.0,0,A9MJVJAMLCDMV,JUST GUESSED 
159,5,8,4,1,1,22.0,1,A2V7KYLBCBTI3B,Looking at the previous averages and trying to stay around that number.
160,6,1,1,1,1,69.0,0,A2R9OK4M877ZCC,
161,6,1,2,1,1,15.0,1,A15TFO5B95QVQZ,
162,6,1,3,1,1,62.0,0,A3HHDPKL3O3O7Y,
163,6,1,4,1,1,65.0,0,A3HNEYFOIJWPH1,
164,6,2,1,1,1,33.0,0,A2R9OK4M877ZCC,
165,6,2,2,1,1,27.0,1,A15TFO5B95QVQZ,
166,6,2,3,1,1,38.0,0,A3HHDPKL3O3O7Y,
167,6,2,4,1,1,75.0,0,A3HNEYFOIJWPH1,
168,6,3,1,1,1,50.0,0,A2R9OK4M877ZCC,
169,6,3,2,1,1,53.0,0,A15TFO5B95QVQZ,
170,6,3,3,1,1,26.0,1,A3HHDPKL3O3O7Y,
171,6,3,4,1,1,35.0,0,A3HNEYFOIJWPH1,
172,6,4,1,1,1,4.0,0,A2R9OK4M877ZCC,
173,6,4,2,1,1,38.0,0,A15TFO5B95QVQZ,
174,6,4,3,1,1,27.0,1,A3HHDPKL3O3O7Y,
175,6,4,4,1,1,27.0,1,A3HNEYFOIJWPH1,
176,6,5,1,1,1,10.0,0,A2R9OK4M877ZCC,
177,6,5,2,1,1,15.0,1,A15TFO5B95QVQZ,
178,6,5,3,1,1,26.0,0,A3HHDPKL3O3O7Y,
179,6,5,4,1,1,25.0,0,A3HNEYFOIJWPH1,
180,6,6,1,1,1,19.0,1,A2R9OK4M877ZCC,
181,6,6,2,1,1,77.0,0,A15TFO5B95QVQZ,
182,6,6,3,1,1,18.0,0,A3HHDPKL3O3O7Y,
183,6,6,4,1,1,10.0,0,A3HNEYFOIJWPH1,
184,6,7,1,1,1,16.0,0,A2R9OK4M877ZCC,
185,6,7,2,1,1,17.0,0,A15TFO5B95QVQZ,
186,6,7,3,1,1,16.0,0,A3HHDPKL3O3O7Y,
187,6,7,4,1,1,15.0,1,A3HNEYFOIJWPH1,
188,6,8,1,1,1,55.0,0,A2R9OK4M877ZCC,Pick random numbers
189,6,8,2,1,1,12.0,0,A15TFO5B95QVQZ,"I tried to stay with lower numbers as that seemed to be the pattern,  but would occasionally try a higher number just in case the pattern switched. "
190,6,8,3,1,1,14.0,0,A3HHDPKL3O3O7Y,I tried to guess roughly around the value of the previous correct answer.
191,6,8,4,1,1,16.0,1,A3HNEYFOIJWPH1,Just tried to follow the pattern of numbers. There was a pattern for sure. Took a few rounds to figure it out. 
192,7,1,1,1,1,100.0,0,A183GCTM4YW1SQ,
193,7,1,2,1,1,55.0,1,AQZS4LLD5E5ZW,
194,7,1,3,1,1,75.0,0,A333BXH5ATXBHC,
195,7,1,4,1,1,23.0,0,A3GEHH49HNJM57,
196,7,2,1,1,1,60.0,0,A183GCTM4YW1SQ,
197,7,2,2,1,1,45.0,0,AQZS4LLD5E5ZW,
198,7,2,3,1,1,65.0,0,A333BXH5ATXBHC,
199,7,2,4,1,1,41.0,1,A3GEHH49HNJM57,
200,7,3,1,1,1,43.0,1,A183GCTM4YW1SQ,
201,7,3,2,1,1,50.0,0,AQZS4LLD5E5ZW,
202,7,3,3,1,1,50.0,0,A333BXH5ATXBHC,
203,7,3,4,1,1,62.0,0,A3GEHH49HNJM57,
204,7,4,1,1,1,38.0,0,A183GCTM4YW1SQ,
205,7,4,2,1,1,40.0,0,AQZS4LLD5E5ZW,
206,7,4,3,1,1,35.0,1,A333BXH5ATXBHC,
207,7,4,4,1,1,39.0,0,A3GEHH49HNJM57,
208,7,5,1,1,1,28.0,0,A183GCTM4YW1SQ,
209,7,5,2,1,1,32.0,0,AQZS4LLD5E5ZW,
210,7,5,3,1,1,27.0,1,A333BXH5ATXBHC,
211,7,5,4,1,1,72.0,0,A3GEHH49HNJM57,
212,7,6,1,1,1,25.0,1,A183GCTM4YW1SQ,
213,7,6,2,1,1,30.0,0,AQZS4LLD5E5ZW,
214,7,6,3,1,1,28.0,0,A333BXH5ATXBHC,
215,7,6,4,1,1,55.0,0,A3GEHH49HNJM57,
216,7,7,1,1,1,22.0,0,A183GCTM4YW1SQ,
217,7,7,2,1,1,22.0,0,AQZS4LLD5E5ZW,
218,7,7,3,1,1,24.0,0,A333BXH5ATXBHC,
219,7,7,4,1,1,20.0,1,A3GEHH49HNJM57,
220,7,8,1,1,1,14.0,0,A183GCTM4YW1SQ,I choose number based on the previous average. 
221,7,8,2,1,1,18.0,0,AQZS4LLD5E5ZW,i started low- and saw everyone else was guessing lower each time so i lowered my guess
222,7,8,3,1,1,11.0,1,A333BXH5ATXBHC,"I saw a pattern that the average was decreasing and so I tried to go lower than the guess. For example in round 7 the average was 14.67, so for the next I thought maybe 15 but then I went down a little lower to account for this, because the average is generally going to be lower than the initial guess."
223,7,8,4,1,1,30.0,0,A3GEHH49HNJM57,I tried to guess the best number that was assuming that the 2/3 average was decreasing as the rounds went on.
224,8,1,1,1,1,50.0,0,A2M6URTK6WO6XJ,
225,8,1,2,1,1,50.0,0,A2CSD7F60ZQLR,
226,8,1,3,1,1,44.0,0,AZP301TUFBRUG,
227,8,1,4,1,1,33.0,1,A3568WHL16R694,
228,8,2,1,1,1,20.0,1,A2M6URTK6WO6XJ,
229,8,2,2,1,1,17.0,0,A2CSD7F60ZQLR,
230,8,2,3,1,1,66.0,0,AZP301TUFBRUG,
231,8,2,4,1,1,66.0,0,A3568WHL16R694,
232,8,3,1,1,1,75.0,0,A2M6URTK6WO6XJ,
233,8,3,2,1,1,17.0,0,A2CSD7F60ZQLR,
234,8,3,3,1,1,33.0,1,AZP301TUFBRUG,
235,8,3,4,1,1,55.0,0,A3568WHL16R694,
236,8,4,1,1,1,46.0,0,A2M6URTK6WO6XJ,
237,8,4,2,1,1,24.0,1,A2CSD7F60ZQLR,
238,8,4,3,1,1,34.0,0,AZP301TUFBRUG,
239,8,4,4,1,1,35.0,0,A3568WHL16R694,
240,8,5,1,1,1,15.0,1,A2M6URTK6WO6XJ,
241,8,5,2,1,1,21.0,0,A2CSD7F60ZQLR,
242,8,5,3,1,1,36.0,0,AZP301TUFBRUG,
243,8,5,4,1,1,31.0,0,A3568WHL16R694,
244,8,6,1,1,1,30.0,0,A2M6URTK6WO6XJ,
245,8,6,2,1,1,17.0,0,A2CSD7F60ZQLR,
246,8,6,3,1,1,67.0,0,AZP301TUFBRUG,
247,8,6,4,1,1,18.0,1,A3568WHL16R694,
248,8,7,1,1,1,10.0,1,A2M6URTK6WO6XJ,
249,8,7,2,1,1,17.0,0,A2CSD7F60ZQLR,
250,8,7,3,1,1,14.0,0,AZP301TUFBRUG,
251,8,7,4,1,1,25.0,0,A3568WHL16R694,
252,8,8,1,1,1,24.0,0,A2M6URTK6WO6XJ,I noticed the numbers were usually lower in each round so I made a guess between 15-40
253,8,8,2,1,1,1.0,0,A2CSD7F60ZQLR,"all over the place - just chose favorite numbers, really"
254,8,8,3,1,1,16.0,1,AZP301TUFBRUG,just following my instinct 
255,8,8,4,1,1,40.0,0,A3568WHL16R694,just tried to guess the average number doing the math in my head 
256,9,1,1,1,1,45.0,0,AEXF5EUX32U0M,
257,9,1,2,1,1,7.0,0,A1MVPAAPFIWETH,
258,9,1,3,1,1,27.0,1,A10TWCI2VE0LWJ,
259,9,1,4,1,1,50.0,0,A2UVS1PDM9QM4Z,
260,9,2,1,1,1,22.0,1,AEXF5EUX32U0M,
261,9,2,2,1,1,7.0,0,A1MVPAAPFIWETH,
262,9,2,3,1,1,32.0,0,A10TWCI2VE0LWJ,
263,9,2,4,1,1,70.0,0,A2UVS1PDM9QM4Z,
264,9,3,1,1,1,22.0,1,AEXF5EUX32U0M,
265,9,3,2,1,1,27.0,0,A1MVPAAPFIWETH,
266,9,3,3,1,1,25.0,0,A10TWCI2VE0LWJ,
267,9,3,4,1,1,60.0,0,A2UVS1PDM9QM4Z,
268,9,4,1,1,1,22.0,0,AEXF5EUX32U0M,
269,9,4,2,1,1,22.0,0,A1MVPAAPFIWETH,
270,9,4,3,1,1,21.0,1,A10TWCI2VE0LWJ,
271,9,4,4,1,1,40.0,0,A2UVS1PDM9QM4Z,
272,9,5,1,1,1,19.0,1,AEXF5EUX32U0M,
273,9,5,2,1,1,19.0,1,A1MVPAAPFIWETH,
274,9,5,3,1,1,19.0,1,A10TWCI2VE0LWJ,
275,9,5,4,1,1,43.0,0,A2UVS1PDM9QM4Z,
276,9,6,1,1,1,18.0,0,AEXF5EUX32U0M,
277,9,6,2,1,1,18.0,0,A1MVPAAPFIWETH,
278,9,6,3,1,1,17.0,1,A10TWCI2VE0LWJ,
279,9,6,4,1,1,43.0,0,A2UVS1PDM9QM4Z,
280,9,7,1,1,1,16.0,1,AEXF5EUX32U0M,
281,9,7,2,1,1,17.0,0,A1MVPAAPFIWETH,
282,9,7,3,1,1,16.0,1,A10TWCI2VE0LWJ,
283,9,7,4,1,1,18.0,0,A2UVS1PDM9QM4Z,
284,9,8,1,1,1,15.0,0,AEXF5EUX32U0M,I just saw a pattern of it slowly decreasing and tried to follow that
285,9,8,2,1,1,7.0,1,A1MVPAAPFIWETH,Trying to figure out the averages of the past numbers. 
286,9,8,3,1,1,16.0,0,A10TWCI2VE0LWJ,After round 2 I tried to keep my guesses close to what the previous average was.
287,9,8,4,1,1,15.0,0,A2UVS1PDM9QM4Z,GOOD STRATEGY
288,10,1,1,1,1,55.0,0,AJUDT3UBBKYPK,
289,10,1,2,1,1,50.0,0,ATXY4CAGV87ZL,
290,10,1,3,1,1,50.0,0,A2251NUVA69G7E,
291,10,1,4,1,1,27.0,1,A2GY8FV96EVCZN,
292,10,2,1,1,1,37.0,0,AJUDT3UBBKYPK,
293,10,2,2,1,1,30.0,0,ATXY4CAGV87ZL,
294,10,2,3,1,1,45.0,0,A2251NUVA69G7E,
295,10,2,4,1,1,22.0,1,A2GY8FV96EVCZN,
296,10,3,1,1,1,42.0,0,AJUDT3UBBKYPK,
297,10,3,2,1,1,25.0,0,ATXY4CAGV87ZL,
298,10,3,3,1,1,20.0,0,A2251NUVA69G7E,
299,10,3,4,1,1,17.0,1,A2GY8FV96EVCZN,
300,10,4,1,1,1,35.0,0,AJUDT3UBBKYPK,
301,10,4,2,1,1,15.0,0,ATXY4CAGV87ZL,
302,10,4,3,1,1,15.0,0,A2251NUVA69G7E,
303,10,4,4,1,1,14.0,1,A2GY8FV96EVCZN,
304,10,5,1,1,1,24.0,0,AJUDT3UBBKYPK,
305,10,5,2,1,1,9.0,1,ATXY4CAGV87ZL,
306,10,5,3,1,1,10.0,0,A2251NUVA69G7E,
307,10,5,4,1,1,9.0,1,A2GY8FV96EVCZN,
308,10,6,1,1,1,15.0,0,AJUDT3UBBKYPK,
309,10,6,2,1,1,6.0,0,ATXY4CAGV87ZL,
310,10,6,3,1,1,5.0,1,A2251NUVA69G7E,
311,10,6,4,1,1,5.0,1,A2GY8FV96EVCZN,
312,10,7,1,1,1,23.0,0,AJUDT3UBBKYPK,
313,10,7,2,1,1,2.0,0,ATXY4CAGV87ZL,
314,10,7,3,1,1,2.0,0,A2251NUVA69G7E,
315,10,7,4,1,1,3.0,1,A2GY8FV96EVCZN,
316,10,8,1,1,1,75.0,0,AJUDT3UBBKYPK,I tried seeing what would be best but it was hard. 
317,10,8,2,1,1,3.0,1,ATXY4CAGV87ZL,I just kept guessing a few numbers below the last average
318,10,8,3,1,1,2.0,0,A2251NUVA69G7E,"Keep lowering the highest, as the others guessed lower, the overall average went down "
319,10,8,4,1,1,2.0,0,A2GY8FV96EVCZN,I tried to judge what the other people will think of.
320,11,1,1,1,1,20.0,1,A1BEM74QY3Y2GT,
321,11,1,2,1,1,50.0,0,ASV53ZC7ILJ7B,
322,11,1,3,1,1,50.0,0,A2HGZOXZ36XKRI,
323,11,1,4,1,1,65.0,0,A1T3ROSW2LC4FG,
324,11,2,1,1,1,15.0,1,A1BEM74QY3Y2GT,
325,11,2,2,1,1,25.0,0,ASV53ZC7ILJ7B,
326,11,2,3,1,1,34.0,0,A2HGZOXZ36XKRI,
327,11,2,4,1,1,28.0,0,A1T3ROSW2LC4FG,
328,11,3,1,1,1,10.0,1,A1BEM74QY3Y2GT,
329,11,3,2,1,1,20.0,0,ASV53ZC7ILJ7B,
330,11,3,3,1,1,11.0,0,A2HGZOXZ36XKRI,
331,11,3,4,1,1,17.0,0,A1T3ROSW2LC4FG,
332,11,4,1,1,1,5.0,1,A1BEM74QY3Y2GT,
333,11,4,2,1,1,15.0,0,ASV53ZC7ILJ7B,
334,11,4,3,1,1,7.0,0,A2HGZOXZ36XKRI,
335,11,4,4,1,1,6.0,1,A1T3ROSW2LC4FG,
336,11,5,1,1,1,1.0,0,A1BEM74QY3Y2GT,
337,11,5,2,1,1,5.0,0,ASV53ZC7ILJ7B,
338,11,5,3,1,1,2.0,1,A2HGZOXZ36XKRI,
339,11,5,4,1,1,3.0,0,A1T3ROSW2LC4FG,
340,11,6,1,1,1,2.0,1,A1BEM74QY3Y2GT,
341,11,6,2,1,1,2.0,1,ASV53ZC7ILJ7B,
342,11,6,3,1,1,2.0,1,A2HGZOXZ36XKRI,
343,11,6,4,1,1,0.0,1,A1T3ROSW2LC4FG,
344,11,7,1,1,1,1.0,1,A1BEM74QY3Y2GT,
345,11,7,2,1,1,1.0,1,ASV53ZC7ILJ7B,
346,11,7,3,1,1,1.0,1,A2HGZOXZ36XKRI,
347,11,7,4,1,1,1.0,1,A1T3ROSW2LC4FG,
348,11,8,1,1,1,1.0,1,A1BEM74QY3Y2GT,"First, the guess should be between 1-67, for the first round I guessed that the average would be in the middle of that, about 34.  2/3 of that is about 20.  After that I progressively went lower, figuring that the other players would also go lower to correct themselves."
349,11,8,2,1,1,1.0,1,ASV53ZC7ILJ7B,The numbers kept going down so I kept lowering my number to match the trend
350,11,8,3,1,1,1.0,1,A2HGZOXZ36XKRI,I tried to get lower but it took a bit to get the downward curve right
351,11,8,4,1,1,1.0,1,A1T3ROSW2LC4FG,I averaged down until I stared winning and then held my answers there. I figured most players would do the same once they found the sweet spot. 
352,12,1,1,1,1,65.0,0,A22QD6M0A2C77C,
353,12,1,2,1,1,45.0,0,A1YK5BEUKS3S1W,
354,12,1,3,1,1,50.0,0,A3MXI2O3JZ0TZH,
355,12,1,4,1,1,22.0,1,AOPZSU77ONJXS,
356,12,2,1,1,1,43.0,0,A22QD6M0A2C77C,
357,12,2,2,1,1,20.0,1,A1YK5BEUKS3S1W,
358,12,2,3,1,1,20.0,1,A3MXI2O3JZ0TZH,
359,12,2,4,1,1,32.0,0,AOPZSU77ONJXS,
360,12,3,1,1,1,31.0,0,A22QD6M0A2C77C,
361,12,3,2,1,1,30.0,0,A1YK5BEUKS3S1W,
362,12,3,3,1,1,30.0,0,A3MXI2O3JZ0TZH,
363,12,3,4,1,1,19.0,1,AOPZSU77ONJXS,
364,12,4,1,1,1,20.0,1,A22QD6M0A2C77C,
365,12,4,2,1,1,25.0,0,A1YK5BEUKS3S1W,
366,12,4,3,1,1,50.0,0,A3MXI2O3JZ0TZH,
367,12,4,4,1,1,21.0,0,AOPZSU77ONJXS,
368,12,5,1,1,1,20.0,0,A22QD6M0A2C77C,
369,12,5,2,1,1,50.0,0,A1YK5BEUKS3S1W,
370,12,5,3,1,1,25.0,0,A3MXI2O3JZ0TZH,
371,12,5,4,1,1,19.0,1,AOPZSU77ONJXS,
372,12,6,1,1,1,18.0,1,A22QD6M0A2C77C,
373,12,6,2,1,1,10.0,0,A1YK5BEUKS3S1W,
374,12,6,3,1,1,60.0,0,A3MXI2O3JZ0TZH,
375,12,6,4,1,1,19.0,0,AOPZSU77ONJXS,
376,12,7,1,1,1,75.0,0,A22QD6M0A2C77C,
377,12,7,2,1,1,20.0,1,A1YK5BEUKS3S1W,
378,12,7,3,1,1,16.0,0,A3MXI2O3JZ0TZH,
379,12,7,4,1,1,17.0,0,AOPZSU77ONJXS,
380,12,8,1,1,1,18.0,1,A22QD6M0A2C77C,I just tried to be close to what was the average the last round.
381,12,8,2,1,1,20.0,0,A1YK5BEUKS3S1W,Just a mind game 
382,12,8,3,1,1,22.0,0,A3MXI2O3JZ0TZH,Going with my intuition.
383,12,8,4,1,1,19.0,0,AOPZSU77ONJXS,"I tried to guess what other players would guess, then realized that the other players are robots, because if they werent, no one would randomly pick a higher number each round. CHoices should have reverted to a mean by the 3rd round, or 4th at the latest,"
384,13,1,1,1,1,13.0,1,A2653BIPJKEMRK,
385,13,1,2,1,1,51.0,0,A3BHRFFG75X3GO,
386,13,1,3,1,1,2.0,0,A8TIL9U6YHG5,
387,13,1,4,1,1,33.0,0,AU34T9OMHN4Z4,
388,13,2,1,1,1,23.0,0,A2653BIPJKEMRK,
389,13,2,2,1,1,17.0,1,A3BHRFFG75X3GO,
390,13,2,3,1,1,22.0,0,A8TIL9U6YHG5,
391,13,2,4,1,1,42.0,0,AU34T9OMHN4Z4,
392,13,3,1,1,1,63.0,0,A2653BIPJKEMRK,
393,13,3,2,1,1,18.0,0,A3BHRFFG75X3GO,
394,13,3,3,1,1,23.0,1,A8TIL9U6YHG5,
395,13,3,4,1,1,25.0,0,AU34T9OMHN4Z4,
396,13,4,1,1,1,18.0,0,A2653BIPJKEMRK,
397,13,4,2,1,1,23.0,0,A3BHRFFG75X3GO,
398,13,4,3,1,1,5.0,1,A8TIL9U6YHG5,
399,13,4,4,1,1,20.0,0,AU34T9OMHN4Z4,
400,13,5,1,1,1,13.0,1,A2653BIPJKEMRK,
401,13,5,2,1,1,8.0,0,A3BHRFFG75X3GO,
402,13,5,3,1,1,20.0,0,A8TIL9U6YHG5,
403,13,5,4,1,1,33.0,0,AU34T9OMHN4Z4,
404,13,6,1,1,1,15.0,0,A2653BIPJKEMRK,
405,13,6,2,1,1,19.0,0,A3BHRFFG75X3GO,
406,13,6,3,1,1,20.0,0,A8TIL9U6YHG5,
407,13,6,4,1,1,10.0,1,AU34T9OMHN4Z4,
408,13,7,1,1,1,14.0,0,A2653BIPJKEMRK,
409,13,7,2,1,1,11.0,1,A3BHRFFG75X3GO,
410,13,7,3,1,1,1.0,0,A8TIL9U6YHG5,
411,13,7,4,1,1,12.0,0,AU34T9OMHN4Z4,
412,13,8,1,1,1,9.0,0,A2653BIPJKEMRK,I knew to choose lower numbers because the 2/3 average would come out to less than 2/3 for guesses out of 100.
413,13,8,2,1,1,10.0,0,A3BHRFFG75X3GO,I sometimes repeated a number close to the previous average. Kind of random.
414,13,8,3,1,1,1.0,1,A8TIL9U6YHG5,none
415,13,8,4,1,1,9.0,0,AU34T9OMHN4Z4,I didn't really have one other than just trying to keep my numbers low
416,14,1,1,1,1,50.0,0,A2U01ZSNRCSV3V,
417,14,1,2,1,1,60.0,0,A2MS0L8NYOH7HJ,
418,14,1,3,1,1,80.0,0,AHT1HZRFZEIU2,
419,14,1,4,1,1,41.0,1,A24NDC7JH9LEM1,
420,14,2,1,1,1,80.0,0,A2U01ZSNRCSV3V,
421,14,2,2,1,1,45.0,1,A2MS0L8NYOH7HJ,
422,14,2,3,1,1,50.0,0,AHT1HZRFZEIU2,
423,14,2,4,1,1,66.0,0,A24NDC7JH9LEM1,
424,14,3,1,1,1,65.0,0,A2U01ZSNRCSV3V,
425,14,3,2,1,1,55.0,0,A2MS0L8NYOH7HJ,
426,14,3,3,1,1,39.0,1,AHT1HZRFZEIU2,
427,14,3,4,1,1,60.0,0,A24NDC7JH9LEM1,
428,14,4,1,1,1,50.0,0,A2U01ZSNRCSV3V,
429,14,4,2,1,1,40.0,0,A2MS0L8NYOH7HJ,
430,14,4,3,1,1,37.0,1,AHT1HZRFZEIU2,
431,14,4,4,1,1,55.0,0,A24NDC7JH9LEM1,
432,14,5,1,1,1,50.0,0,A2U01ZSNRCSV3V,
433,14,5,2,1,1,40.0,1,A2MS0L8NYOH7HJ,
434,14,5,3,1,1,2.0,0,AHT1HZRFZEIU2,
435,14,5,4,1,1,45.0,0,A24NDC7JH9LEM1,
436,14,6,1,1,1,40.0,0,A2U01ZSNRCSV3V,
437,14,6,2,1,1,45.0,0,A2MS0L8NYOH7HJ,
438,14,6,3,1,1,25.0,1,AHT1HZRFZEIU2,
439,14,6,4,1,1,35.0,0,A24NDC7JH9LEM1,
440,14,7,1,1,1,45.0,0,A2U01ZSNRCSV3V,
441,14,7,2,1,1,35.0,0,A2MS0L8NYOH7HJ,
442,14,7,3,1,1,26.0,1,AHT1HZRFZEIU2,
443,14,7,4,1,1,30.0,0,A24NDC7JH9LEM1,
444,14,8,1,1,1,30.0,0,A2U01ZSNRCSV3V,I tried to pick a number nearly opposite of the previous round
445,14,8,2,1,1,30.0,0,A2MS0L8NYOH7HJ,The average was decreasing so i take that as an advantage
446,14,8,3,1,1,24.0,0,AHT1HZRFZEIU2,tried to stay close to the average given 
447,14,8,4,1,1,23.0,1,A24NDC7JH9LEM1,The numbers are in reducing pattern. Every time the final number was less than previous one.
448,15,1,1,1,1,62.0,0,A2Z3UZ9T9XBI8Z,
449,15,1,2,1,1,55.0,0,AYBMCJK8G46EU,
450,15,1,3,1,1,50.0,1,A2RBRNYX991X6O,
451,15,1,4,1,1,7.0,0,A32HGUNCFIZVBL,
452,15,2,1,1,1,23.0,1,A2Z3UZ9T9XBI8Z,
453,15,2,2,1,1,67.0,0,AYBMCJK8G46EU,
454,15,2,3,1,1,30.0,0,A2RBRNYX991X6O,
455,15,2,4,1,1,15.0,0,A32HGUNCFIZVBL,
456,15,3,1,1,1,2.0,0,A2Z3UZ9T9XBI8Z,
457,15,3,2,1,1,35.0,0,AYBMCJK8G46EU,
458,15,3,3,1,1,25.0,1,A2RBRNYX991X6O,
459,15,3,4,1,1,25.0,1,A32HGUNCFIZVBL,
460,15,4,1,1,1,18.0,1,A2Z3UZ9T9XBI8Z,
461,15,4,2,1,1,25.0,0,AYBMCJK8G46EU,
462,15,4,3,1,1,20.0,0,A2RBRNYX991X6O,
463,15,4,4,1,1,30.0,0,A32HGUNCFIZVBL,
464,15,5,1,1,1,82.0,0,A2Z3UZ9T9XBI8Z,
465,15,5,2,1,1,46.0,1,AYBMCJK8G46EU,
466,15,5,3,1,1,17.0,0,A2RBRNYX991X6O,
467,15,5,4,1,1,52.0,0,A32HGUNCFIZVBL,
468,15,6,1,1,1,16.0,1,A2Z3UZ9T9XBI8Z,
469,15,6,2,1,1,15.0,0,AYBMCJK8G46EU,
470,15,6,3,1,1,28.0,0,A2RBRNYX991X6O,
471,15,6,4,1,1,48.0,0,A32HGUNCFIZVBL,
472,15,7,1,1,1,3.0,0,A2Z3UZ9T9XBI8Z,
473,15,7,2,1,1,35.0,0,AYBMCJK8G46EU,
474,15,7,3,1,1,22.0,1,A2RBRNYX991X6O,
475,15,7,4,1,1,22.0,1,A32HGUNCFIZVBL,
476,15,8,1,1,1,44.0,0,A2Z3UZ9T9XBI8Z,"My instincts. As soon as a number popped in my head, that was the one I chose. Thank you so much for this fun game! I can definitely use that $3.50 on bills :) "
477,15,8,2,1,1,48.0,0,AYBMCJK8G46EU,just following my gut feelings 
478,15,8,3,1,1,15.0,0,A2RBRNYX991X6O,I tried to guess how others will decrease or increase their numbers according to the average of the previous round
479,15,8,4,1,1,18.0,1,A32HGUNCFIZVBL,I chose numbers close to what was the average
480,16,1,1,1,1,30.0,1,A3Z8J9G2CIQ0U,
481,16,1,2,1,1,55.0,0,A1HN2V46HTHYT5,
482,16,1,3,1,1,77.0,0,ANJ9V1S2RYOE8,
483,16,1,4,1,1,88.0,0,A3V8C77FN4FLUA,
484,16,2,1,1,1,55.0,0,A3Z8J9G2CIQ0U,
485,16,2,2,1,1,46.0,0,A1HN2V46HTHYT5,
486,16,2,3,1,1,44.0,0,ANJ9V1S2RYOE8,
487,16,2,4,1,1,24.0,1,A3V8C77FN4FLUA,
488,16,3,1,1,1,23.0,1,A3Z8J9G2CIQ0U,
489,16,3,2,1,1,20.0,0,A1HN2V46HTHYT5,
490,16,3,3,1,1,75.0,0,ANJ9V1S2RYOE8,
491,16,3,4,1,1,20.0,0,A3V8C77FN4FLUA,
492,16,4,1,1,1,25.0,1,A3Z8J9G2CIQ0U,
493,16,4,2,1,1,10.0,0,A1HN2V46HTHYT5,
494,16,4,3,1,1,88.0,0,ANJ9V1S2RYOE8,
495,16,4,4,1,1,16.0,0,A3V8C77FN4FLUA,
496,16,5,1,1,1,26.0,0,A3Z8J9G2CIQ0U,
497,16,5,2,1,1,30.0,0,A1HN2V46HTHYT5,
498,16,5,3,1,1,18.0,1,ANJ9V1S2RYOE8,
499,16,5,4,1,1,28.0,0,A3V8C77FN4FLUA,
500,16,6,1,1,1,18.0,0,A3Z8J9G2CIQ0U,
501,16,6,2,1,1,25.0,0,A1HN2V46HTHYT5,
502,16,6,3,1,1,22.0,0,ANJ9V1S2RYOE8,
503,16,6,4,1,1,12.0,1,A3V8C77FN4FLUA,
504,16,7,1,1,1,50.0,0,A3Z8J9G2CIQ0U,
505,16,7,2,1,1,15.0,1,A1HN2V46HTHYT5,
506,16,7,3,1,1,19.0,0,ANJ9V1S2RYOE8,
507,16,7,4,1,1,15.0,1,A3V8C77FN4FLUA,
508,16,8,1,1,1,10.0,1,A3Z8J9G2CIQ0U,I saw that average is decreasing so I also decreased my numbers.
509,16,8,2,1,1,18.0,0,A1HN2V46HTHYT5,a losing one....     It was hard because when I lowered my guess so did everyone else
510,16,8,3,1,1,14.0,0,ANJ9V1S2RYOE8,none just random numbers
511,16,8,4,1,1,12.0,0,A3V8C77FN4FLUA,I started high and realized others were going much lower so I tried to stay near the teens.
512,17,1,1,1,1,50.0,0,AIEKCWYZTS41V,
513,17,1,2,1,1,55.0,0,AGXZAVCNU7E4T,
514,17,1,3,1,1,45.0,0,A2WWYVKGZZXBOB,
515,17,1,4,1,1,40.0,1,A147F5PJTHOB8A,
516,17,2,1,1,1,60.0,0,AIEKCWYZTS41V,
517,17,2,2,1,1,30.0,1,AGXZAVCNU7E4T,
518,17,2,3,1,1,75.0,0,A2WWYVKGZZXBOB,
519,17,2,4,1,1,50.0,0,A147F5PJTHOB8A,
520,17,3,1,1,1,20.0,1,AIEKCWYZTS41V,
521,17,3,2,1,1,45.0,0,AGXZAVCNU7E4T,
522,17,3,3,1,1,24.0,0,A2WWYVKGZZXBOB,
523,17,3,4,1,1,40.0,0,A147F5PJTHOB8A,
524,17,4,1,1,1,15.0,1,AIEKCWYZTS41V,
525,17,4,2,1,1,30.0,0,AGXZAVCNU7E4T,
526,17,4,3,1,1,55.0,0,A2WWYVKGZZXBOB,
527,17,4,4,1,1,15.0,1,A147F5PJTHOB8A,
528,17,5,1,1,1,19.0,1,AIEKCWYZTS41V,
529,17,5,2,1,1,25.0,0,AGXZAVCNU7E4T,
530,17,5,3,1,1,76.0,0,A2WWYVKGZZXBOB,
531,17,5,4,1,1,10.0,0,A147F5PJTHOB8A,
532,17,6,1,1,1,22.0,1,AIEKCWYZTS41V,
533,17,6,2,1,1,25.0,0,AGXZAVCNU7E4T,
534,17,6,3,1,1,32.0,0,A2WWYVKGZZXBOB,
535,17,6,4,1,1,23.0,0,A147F5PJTHOB8A,
536,17,7,1,1,1,15.0,0,AIEKCWYZTS41V,
537,17,7,2,1,1,20.0,1,AGXZAVCNU7E4T,
538,17,7,3,1,1,87.0,0,A2WWYVKGZZXBOB,
539,17,7,4,1,1,19.0,0,A147F5PJTHOB8A,
540,17,8,1,1,1,20.0,1,AIEKCWYZTS41V,Honestly during the first two rounds I didn't quite understand how to play but when I realized the average thing it was pretty simple that the number was always going to be a low one.
541,17,8,2,1,1,21.0,0,AGXZAVCNU7E4T,I guessed that people would guess lower numbers so slowly lowed my guesses.
542,17,8,3,1,1,26.0,0,A2WWYVKGZZXBOB,none
543,17,8,4,1,1,20.0,1,A147F5PJTHOB8A,I tried to keep my guess close to the last winning guess
544,18,1,1,1,1,48.0,0,A3DQJ0444KNF3,
545,18,1,2,1,1,37.0,1,A1Q2LJQG0TWBWC,
546,18,1,3,1,1,50.0,0,A1RUURPQJ14A8X,
547,18,1,4,1,1,75.0,0,A1JEMN51X76N2O,
548,18,2,1,1,1,28.0,1,A3DQJ0444KNF3,
549,18,2,2,1,1,22.0,0,A1Q2LJQG0TWBWC,
550,18,2,3,1,1,30.0,0,A1RUURPQJ14A8X,
551,18,2,4,1,1,75.0,0,A1JEMN51X76N2O,
552,18,3,1,1,1,15.0,0,A3DQJ0444KNF3,
553,18,3,2,1,1,67.0,0,A1Q2LJQG0TWBWC,
554,18,3,3,1,1,30.0,1,A1RUURPQJ14A8X,
555,18,3,4,1,1,75.0,0,A1JEMN51X76N2O,
556,18,4,1,1,1,43.0,0,A3DQJ0444KNF3,
557,18,4,2,1,1,30.0,1,A1Q2LJQG0TWBWC,
558,18,4,3,1,1,30.0,1,A1RUURPQJ14A8X,
559,18,4,4,1,1,75.0,0,A1JEMN51X76N2O,
560,18,5,1,1,1,32.0,0,A3DQJ0444KNF3,
561,18,5,2,1,1,34.0,0,A1Q2LJQG0TWBWC,
562,18,5,3,1,1,30.0,1,A1RUURPQJ14A8X,
563,18,5,4,1,1,75.0,0,A1JEMN51X76N2O,
564,18,6,1,1,1,25.0,1,A3DQJ0444KNF3,
565,18,6,2,1,1,29.0,0,A1Q2LJQG0TWBWC,
566,18,6,3,1,1,30.0,0,A1RUURPQJ14A8X,
567,18,6,4,1,1,33.0,0,A1JEMN51X76N2O,
568,18,7,1,1,1,30.0,0,A3DQJ0444KNF3,
569,18,7,2,1,1,18.0,1,A1Q2LJQG0TWBWC,
570,18,7,3,1,1,30.0,0,A1RUURPQJ14A8X,
571,18,7,4,1,1,30.0,0,A1JEMN51X76N2O,
572,18,8,1,1,1,15.0,1,A3DQJ0444KNF3,"The strategy I used while playing this game was to figure out if there were any patterns between the numbers. For example, between the first three numbers and then the next three. So on and so forth for the rest. One pattern I tried to study while playing was subtracting five to ten for each guess. I mostly kept that strategy in mind while playing. "
573,18,8,2,1,1,27.0,0,A1Q2LJQG0TWBWC,"I just tried to guess if players were going to go higher or lower next round. I picked up a pattern of low numbers, in the 20s usually"
574,18,8,3,1,1,15.0,1,A1RUURPQJ14A8X,Used past average + bit of prediciton.
575,18,8,4,1,1,15.0,1,A1JEMN51X76N2O,at first I was picking the same number until I realized the number was decreasing
576,19,1,1,1,1,33.0,1,A2PI1MKBFRHGNK,
577,19,1,2,1,1,40.0,0,A37DTVGS7RX6AG,
578,19,1,3,1,1,45.0,0,A1RH3X41J9J05R,
579,19,1,4,1,1,40.0,0,A1ZYC0DLTRR6IU,
580,19,2,1,1,1,48.0,0,A2PI1MKBFRHGNK,
581,19,2,2,1,1,33.0,0,A37DTVGS7RX6AG,
582,19,2,3,1,1,38.0,0,A1RH3X41J9J05R,
583,19,2,4,1,1,13.0,1,A1ZYC0DLTRR6IU,
584,19,3,1,1,1,36.0,0,A2PI1MKBFRHGNK,
585,19,3,2,1,1,60.0,0,A37DTVGS7RX6AG,
586,19,3,3,1,1,30.0,1,A1RH3X41J9J05R,
587,19,3,4,1,1,5.0,0,A1ZYC0DLTRR6IU,
588,19,4,1,1,1,64.0,0,A2PI1MKBFRHGNK,
589,19,4,2,1,1,22.0,1,A37DTVGS7RX6AG,
590,19,4,3,1,1,30.0,0,A1RH3X41J9J05R,
591,19,4,4,1,1,20.0,0,A1ZYC0DLTRR6IU,
592,19,5,1,1,1,18.0,0,A2PI1MKBFRHGNK,
593,19,5,2,1,1,22.0,1,A37DTVGS7RX6AG,
594,19,5,3,1,1,28.0,0,A1RH3X41J9J05R,
595,19,5,4,1,1,60.0,0,A1ZYC0DLTRR6IU,
596,19,6,1,1,1,24.0,0,A2PI1MKBFRHGNK,
597,19,6,2,1,1,22.0,1,A37DTVGS7RX6AG,
598,19,6,3,1,1,25.0,0,A1RH3X41J9J05R,
599,19,6,4,1,1,25.0,0,A1ZYC0DLTRR6IU,
600,19,7,1,1,1,22.0,0,A2PI1MKBFRHGNK,
601,19,7,2,1,1,22.0,0,A37DTVGS7RX6AG,
602,19,7,3,1,1,25.0,0,A1RH3X41J9J05R,
603,19,7,4,1,1,12.0,1,A1ZYC0DLTRR6IU,
604,19,8,1,1,1,12.0,1,A2PI1MKBFRHGNK,no speciific strategy just guessed low 
605,19,8,2,1,1,22.0,0,A37DTVGS7RX6AG,Just tried to guess based on previous results.
606,19,8,3,1,1,20.0,0,A1RH3X41J9J05R,Basically I just lowered my guess because it seemed that is the range where people were picking numbers.
607,19,8,4,1,1,21.0,0,A1ZYC0DLTRR6IU,Pick lower numbers
608,20,1,1,1,1,27.0,0,A3KOT3B7E14QGF,
609,20,1,2,1,1,25.0,0,AIJEWX92UW722,
610,20,1,3,1,1,23.0,1,A1P0XSCJ9XAV74,
611,20,1,4,1,1,30.0,0,A2BW6WD7LZ9EGV,
612,20,2,1,1,1,32.0,0,A3KOT3B7E14QGF,
613,20,2,2,1,1,22.0,0,AIJEWX92UW722,
614,20,2,3,1,1,32.0,0,A1P0XSCJ9XAV74,
615,20,2,4,1,1,15.0,1,A2BW6WD7LZ9EGV,
616,20,3,1,1,1,23.0,0,A3KOT3B7E14QGF,
617,20,3,2,1,1,24.0,0,AIJEWX92UW722,
618,20,3,3,1,1,24.0,0,A1P0XSCJ9XAV74,
619,20,3,4,1,1,15.0,1,A2BW6WD7LZ9EGV,
620,20,4,1,1,1,16.0,0,A3KOT3B7E14QGF,
621,20,4,2,1,1,14.0,1,AIJEWX92UW722,
622,20,4,3,1,1,16.0,0,A1P0XSCJ9XAV74,
623,20,4,4,1,1,15.0,0,A2BW6WD7LZ9EGV,
624,20,5,1,1,1,15.0,0,A3KOT3B7E14QGF,
625,20,5,2,1,1,13.0,0,AIJEWX92UW722,
626,20,5,3,1,1,12.0,1,A1P0XSCJ9XAV74,
627,20,5,4,1,1,13.0,0,A2BW6WD7LZ9EGV,
628,20,6,1,1,1,16.0,0,A3KOT3B7E14QGF,
629,20,6,2,1,1,10.0,0,AIJEWX92UW722,
630,20,6,3,1,1,9.0,0,A1P0XSCJ9XAV74,
631,20,6,4,1,1,7.0,1,A2BW6WD7LZ9EGV,
632,20,7,1,1,1,9.0,0,A3KOT3B7E14QGF,
633,20,7,2,1,1,4.0,1,AIJEWX92UW722,
634,20,7,3,1,1,5.0,0,A1P0XSCJ9XAV74,
635,20,7,4,1,1,6.0,0,A2BW6WD7LZ9EGV,
636,20,8,1,1,1,3.0,0,A3KOT3B7E14QGF,I tried to go close to what they did or try higher since the numbers were all over the place
637,20,8,2,1,1,2.0,1,AIJEWX92UW722,"I initially planned to choose numbers that were around 2/3 of the average spread from 1 to 100; that is, between 60 and 70. Then I realized other players doing the same thing would make the 2/3 average a much smaller number. Everyone else realized this as well, and the game rapidly became a race to the bottom."
638,20,8,3,1,1,6.0,0,A1P0XSCJ9XAV74,"I tried to pick a small number so that the average would be around the same, once I figured it out. I think then it was too late. "
639,20,8,4,1,1,2.0,1,A2BW6WD7LZ9EGV,I just tried to anticipate what the other players would pick.
640,21,1,1,1,1,55.0,0,A3PLRMX7LGFL0A,
641,21,1,2,1,1,55.0,0,A20BMZQJS92QY2,
642,21,1,3,1,1,65.0,0,A1LLVMR50LYIIZ,
643,21,1,4,1,1,25.0,1,A2LZ0TBYJ91GYQ,
644,21,2,1,1,1,33.0,1,A3PLRMX7LGFL0A,
645,21,2,2,1,1,46.0,0,A20BMZQJS92QY2,
646,21,2,3,1,1,48.0,0,A1LLVMR50LYIIZ,
647,21,2,4,1,1,50.0,0,A2LZ0TBYJ91GYQ,
648,21,3,1,1,1,28.0,0,A3PLRMX7LGFL0A,
649,21,3,2,1,1,22.0,1,A20BMZQJS92QY2,
650,21,3,3,1,1,29.0,0,A1LLVMR50LYIIZ,
651,21,3,4,1,1,26.0,0,A2LZ0TBYJ91GYQ,
652,21,4,1,1,1,20.0,1,A3PLRMX7LGFL0A,
653,21,4,2,1,1,15.0,1,A20BMZQJS92QY2,
654,21,4,3,1,1,15.0,1,A1LLVMR50LYIIZ,
655,21,4,4,1,1,55.0,0,A2LZ0TBYJ91GYQ,
656,21,5,1,1,1,33.0,0,A3PLRMX7LGFL0A,
657,21,5,2,1,1,19.0,0,A20BMZQJS92QY2,
658,21,5,3,1,1,16.0,0,A1LLVMR50LYIIZ,
659,21,5,4,1,1,12.0,1,A2LZ0TBYJ91GYQ,
660,21,6,1,1,1,10.0,1,A3PLRMX7LGFL0A,
661,21,6,2,1,1,10.0,1,A20BMZQJS92QY2,
662,21,6,3,1,1,11.0,0,A1LLVMR50LYIIZ,
663,21,6,4,1,1,18.0,0,A2LZ0TBYJ91GYQ,
664,21,7,1,1,1,8.0,1,A3PLRMX7LGFL0A,
665,21,7,2,1,1,8.0,1,A20BMZQJS92QY2,
666,21,7,3,1,1,8.0,1,A1LLVMR50LYIIZ,
667,21,7,4,1,1,10.0,0,A2LZ0TBYJ91GYQ,
668,21,8,1,1,1,6.0,0,A3PLRMX7LGFL0A,Close to watch and guess this numbers.
669,21,8,2,1,1,5.0,1,A20BMZQJS92QY2,I realized I should start going on the lower side. Then after each round I would pick even lower as I noticed the others were doing the same thing.
670,21,8,3,1,1,6.0,0,A1LLVMR50LYIIZ,After the first couple of rounds I just estimated the number because I saw that it was going down each time
671,21,8,4,1,1,7.0,0,A2LZ0TBYJ91GYQ,"At first, I just picked a middle range number. After a couple rounds, I tried to predict what the other players may choose. "
672,22,1,1,1,1,35.0,1,A2RR04JS69Z5LE,
673,22,1,2,1,1,50.0,0,A3EN54EJAR9QP0,
674,22,1,3,1,1,77.0,0,A2FW27RNKPQT0Y,
675,22,1,4,1,1,40.0,0,A1MURUJBBDJWM6,
676,22,2,1,1,1,65.0,0,A2RR04JS69Z5LE,
677,22,2,2,1,1,40.0,0,A3EN54EJAR9QP0,
678,22,2,3,1,1,55.0,0,A2FW27RNKPQT0Y,
679,22,2,4,1,1,34.0,1,A1MURUJBBDJWM6,
680,22,3,1,1,1,34.0,0,A2RR04JS69Z5LE,
681,22,3,2,1,1,35.0,0,A3EN54EJAR9QP0,
682,22,3,3,1,1,31.0,1,A2FW27RNKPQT0Y,
683,22,3,4,1,1,33.0,0,A1MURUJBBDJWM6,
684,22,4,1,1,1,25.0,1,A2RR04JS69Z5LE,
685,22,4,2,1,1,35.0,0,A3EN54EJAR9QP0,
686,22,4,3,1,1,28.0,0,A2FW27RNKPQT0Y,
687,22,4,4,1,1,33.0,0,A1MURUJBBDJWM6,
688,22,5,1,1,1,32.0,0,A2RR04JS69Z5LE,
689,22,5,2,1,1,20.0,1,A3EN54EJAR9QP0,
690,22,5,3,1,1,21.0,0,A2FW27RNKPQT0Y,
691,22,5,4,1,1,20.0,1,A1MURUJBBDJWM6,
692,22,6,1,1,1,45.0,0,A2RR04JS69Z5LE,
693,22,6,2,1,1,13.0,0,A3EN54EJAR9QP0,
694,22,6,3,1,1,15.0,1,A2FW27RNKPQT0Y,
695,22,6,4,1,1,15.0,1,A1MURUJBBDJWM6,
696,22,7,1,1,1,10.0,1,A2RR04JS69Z5LE,
697,22,7,2,1,1,15.0,0,A3EN54EJAR9QP0,
698,22,7,3,1,1,12.0,0,A2FW27RNKPQT0Y,
699,22,7,4,1,1,14.0,0,A1MURUJBBDJWM6,
700,22,8,1,1,1,22.0,0,A2RR04JS69Z5LE,GUESSING
701,22,8,2,1,1,5.0,0,A3EN54EJAR9QP0,Watching the number flow
702,22,8,3,1,1,7.0,1,A2FW27RNKPQT0Y,At first I just picked a number. Then I realized it had to be a lower number to average out. I went by the latest average and tried to go lower. 
703,22,8,4,1,1,6.0,0,A1MURUJBBDJWM6,"Started with 2/3 of the mean, and then followed the trend down."
704,23,1,1,1,1,23.0,1,A2XG3FPY0UDZIJ,
705,23,1,2,1,1,28.0,0,A2TI9CGVG147MZ,
706,23,1,3,1,1,43.0,0,A3FJ79JZ9MO6GB,
707,23,1,4,1,1,52.0,0,A3BI0AX5T5GVO3,
708,23,2,1,1,1,44.0,0,A2XG3FPY0UDZIJ,
709,23,2,2,1,1,30.0,1,A2TI9CGVG147MZ,
710,23,2,3,1,1,60.0,0,A3FJ79JZ9MO6GB,
711,23,2,4,1,1,84.0,0,A3BI0AX5T5GVO3,
712,23,3,1,1,1,44.0,0,A2XG3FPY0UDZIJ,
713,23,3,2,1,1,45.0,0,A2TI9CGVG147MZ,
714,23,3,3,1,1,38.0,1,A3FJ79JZ9MO6GB,
715,23,3,4,1,1,67.0,0,A3BI0AX5T5GVO3,
716,23,4,1,1,1,34.0,1,A2XG3FPY0UDZIJ,
717,23,4,2,1,1,42.0,0,A2TI9CGVG147MZ,
718,23,4,3,1,1,40.0,0,A3FJ79JZ9MO6GB,
719,23,4,4,1,1,36.0,0,A3BI0AX5T5GVO3,
720,23,5,1,1,1,36.0,0,A2XG3FPY0UDZIJ,
721,23,5,2,1,1,35.0,0,A2TI9CGVG147MZ,
722,23,5,3,1,1,25.0,1,A3FJ79JZ9MO6GB,
723,23,5,4,1,1,29.0,0,A3BI0AX5T5GVO3,
724,23,6,1,1,1,28.0,0,A2XG3FPY0UDZIJ,
725,23,6,2,1,1,36.0,0,A2TI9CGVG147MZ,
726,23,6,3,1,1,25.0,1,A3FJ79JZ9MO6GB,
727,23,6,4,1,1,26.0,0,A3BI0AX5T5GVO3,
728,23,7,1,1,1,24.0,1,A2XG3FPY0UDZIJ,
729,23,7,2,1,1,24.0,1,A2TI9CGVG147MZ,
730,23,7,3,1,1,25.0,0,A3FJ79JZ9MO6GB,
731,23,7,4,1,1,24.0,1,A3BI0AX5T5GVO3,
732,23,8,1,1,1,24.0,0,A2XG3FPY0UDZIJ,"I tried to tweak my guess with prior rounds, get it closer to those numbers."
733,23,8,2,1,1,26.0,0,A2TI9CGVG147MZ,based on each guess tried to stay close to that range of numbers
734,23,8,3,1,1,25.0,0,A3FJ79JZ9MO6GB,I hit on 25 a couple times so I stuck with it.
735,23,8,4,1,1,23.0,1,A3BI0AX5T5GVO3,Just looking at what other people guessed.
