,session,code,turker,group,id_in_group,round,arrival,choice,certainty,bonus,strategy,cutoff,newcutoff,changingstrategy,fault,cok840,cok900,simple,payoff
0,px95dqer,awyxy9kj,,2,1,1,8.1,1.0,0.875,-0.13,,,,,,,,,0.0
1,px95dqer,r6ol7nz6,,2,2,1,8.0,1.0,0.99,-0.01,,,,,,,,,0.0
2,px95dqer,awyxy9kj,,2,1,2,8.1,0.0,0.99,-9.21,,,,,,,,,0.0
3,px95dqer,r6ol7nz6,,2,2,2,8.0,1.0,0.99,-9.21,,,,,,,,,0.0
4,px95dqer,awyxy9kj,,2,1,3,8.2,1.0,0.5,-0.69,,,,,,,,,0.0
5,px95dqer,r6ol7nz6,,2,2,3,8.3,1.0,0.5,-0.69,,,,,,,,,0.0
6,px95dqer,awyxy9kj,,2,1,4,8.1,1.0,0.99,-0.01,,,,,,,,,0.0
7,px95dqer,r6ol7nz6,,2,2,4,8.0,1.0,0.99,-0.01,,,,,,,,,0.0
8,px95dqer,awyxy9kj,,2,1,5,8.2,1.0,0.99,-0.01,,,,,,,,,0.0
9,px95dqer,r6ol7nz6,,2,2,5,8.3,1.0,0.5,-0.69,,,,,,,,,0.0
10,px95dqer,awyxy9kj,,2,1,6,8.5,1.0,0.99,-9.21,,,,,,,,,0.0
11,px95dqer,r6ol7nz6,,2,2,6,9.0,0.0,0.99,-9.21,,,,,,,,,0.0
12,px95dqer,awyxy9kj,,2,1,7,8.5,1.0,0.99,-9.21,,,,,,,,,0.0
13,px95dqer,r6ol7nz6,,2,2,7,9.0,0.0,0.875,-4.16,,,,,,,,,0.0
14,px95dqer,awyxy9kj,,2,1,8,9.0,0.0,0.99,-0.02,,,,,,,,,0.0
15,px95dqer,r6ol7nz6,,2,2,8,8.5,0.0,0.75,-0.58,,,,,,,,,0.0
16,px95dqer,awyxy9kj,,2,1,9,8.3,1.0,0.99,-0.01,,,,,,,,,0.0
17,px95dqer,r6ol7nz6,,2,2,9,8.2,1.0,0.625,-0.47,,,,,,,,,0.0
18,px95dqer,awyxy9kj,,2,1,10,9.0,0.0,0.99,-0.02,,,,,,,,,0.0
19,px95dqer,r6ol7nz6,,2,2,10,8.5,0.0,0.875,-0.27,,,,,,,,,0.0
20,px95dqer,awyxy9kj,,2,1,11,8.3,1.0,0.99,-0.01,,,,,,,,,0.0
21,px95dqer,r6ol7nz6,,2,2,11,8.2,1.0,0.625,-0.47,,,,,,,,,0.0
22,px95dqer,awyxy9kj,,2,1,12,8.1,1.0,0.99,-0.01,,,,,,,,,0.0
23,px95dqer,r6ol7nz6,,2,2,12,8.0,1.0,0.99,-0.01,,,,,,,,,0.0
24,px95dqer,awyxy9kj,,2,1,13,8.4,1.0,0.99,-0.01,,,,,,,,,0.0
25,px95dqer,r6ol7nz6,,2,2,13,8.3,1.0,0.5,-0.69,,,,,,,,,0.0
26,px95dqer,awyxy9kj,,2,1,14,8.1,1.0,0.99,-0.01,,,,,,,,,0.0
27,px95dqer,r6ol7nz6,,2,2,14,8.0,1.0,0.875,-0.13,,,,,,,,,0.0
28,px95dqer,awyxy9kj,,2,1,15,8.4,1.0,0.99,-9.21,Go big problem go home,8.5,Yep.,No,1.0,1.0,,1.0,0.0
29,px95dqer,r6ol7nz6,,2,2,15,8.5,0.0,0.875,-4.16,"Tried to do what would be the optimal statistical given my information, and what mean time the other player has i.e. 8.30 and the assumption that he had the same strategy. This did not work out",7.0,Did not,No because they should br independent events,2.0,0.0,,2.0,0.0
30,px95dqer,b6erzgw2,,3,1,1,8.1,1.0,0.99,-0.01,,,,,,,,,0.0
31,px95dqer,3bvejf44,,3,2,1,8.0,1.0,0.99,-0.01,,,,,,,,,1.64
32,px95dqer,b6erzgw2,,3,1,2,8.2,1.0,0.99,-0.01,,,,,,,,,0.0
33,px95dqer,3bvejf44,,3,2,2,8.1,1.0,0.99,-0.01,,,,,,,,,1.64
34,px95dqer,b6erzgw2,,3,1,3,8.3,1.0,0.99,-9.21,,,,,,,,,0.0
35,px95dqer,3bvejf44,,3,2,3,8.4,0.0,0.875,-4.16,,,,,,,,,1.64
36,px95dqer,b6erzgw2,,3,1,4,8.2,1.0,0.99,-0.01,,,,,,,,,0.0
37,px95dqer,3bvejf44,,3,2,4,8.3,1.0,0.99,-0.01,,,,,,,,,1.64
38,px95dqer,b6erzgw2,,3,1,5,8.2,1.0,0.99,-0.01,,,,,,,,,0.0
39,px95dqer,3bvejf44,,3,2,5,8.3,1.0,0.99,-0.01,,,,,,,,,1.64
40,px95dqer,b6erzgw2,,3,1,6,9.0,0.0,0.99,-0.02,,,,,,,,,0.0
41,px95dqer,3bvejf44,,3,2,6,9.1,0.0,0.99,-0.02,,,,,,,,,1.64
42,px95dqer,b6erzgw2,,3,1,7,8.4,1.0,0.99,-0.01,,,,,,,,,0.0
43,px95dqer,3bvejf44,,3,2,7,8.3,1.0,0.99,-0.01,,,,,,,,,1.64
44,px95dqer,b6erzgw2,,3,1,8,8.5,0.0,0.75,-2.77,,,,,,,,,0.0
45,px95dqer,3bvejf44,,3,2,8,8.4,1.0,0.75,-2.77,,,,,,,,,1.64
46,px95dqer,b6erzgw2,,3,1,9,8.2,1.0,0.99,-0.01,,,,,,,,,0.0
47,px95dqer,3bvejf44,,3,2,9,8.1,1.0,0.99,-0.01,,,,,,,,,1.64
48,px95dqer,b6erzgw2,,3,1,10,8.2,1.0,0.99,-0.01,,,,,,,,,0.0
49,px95dqer,3bvejf44,,3,2,10,8.1,1.0,0.99,-0.01,,,,,,,,,1.64
50,px95dqer,b6erzgw2,,3,1,11,8.1,1.0,0.99,-0.01,,,,,,,,,0.0
51,px95dqer,3bvejf44,,3,2,11,8.2,1.0,0.99,-0.01,,,,,,,,,1.64
52,px95dqer,b6erzgw2,,3,1,12,8.5,1.0,0.875,-0.13,,,,,,,,,0.0
53,px95dqer,3bvejf44,,3,2,12,8.4,1.0,0.75,-0.29,,,,,,,,,1.64
54,px95dqer,b6erzgw2,,3,1,13,8.1,1.0,0.99,-0.01,,,,,,,,,0.0
55,px95dqer,3bvejf44,,3,2,13,8.0,1.0,0.99,-0.01,,,,,,,,,1.64
56,px95dqer,b6erzgw2,,3,1,14,8.1,1.0,0.99,-0.01,,,,,,,,,0.0
57,px95dqer,3bvejf44,,3,2,14,8.0,1.0,0.99,-0.01,,,,,,,,,1.64
58,px95dqer,b6erzgw2,,3,1,15,9.0,0.0,0.99,-0.02,,,,,,,,,0.0
59,px95dqer,3bvejf44,,3,2,15,9.1,0.0,0.99,-0.02,,,,,,,,,1.64
60,px95dqer,b6erzgw2,,3,1,16,8.1,1.0,0.99,-0.01,,,,,,,,,0.0
61,px95dqer,3bvejf44,,3,2,16,8.2,1.0,0.99,-0.01,,,,,,,,,1.64
62,px95dqer,b6erzgw2,,3,1,17,8.5,1.0,0.99,-0.01,,,,,,,,,0.0
63,px95dqer,3bvejf44,,3,2,17,8.4,1.0,0.99,-0.01,,,,,,,,,1.64
64,px95dqer,b6erzgw2,,3,1,18,8.5,1.0,0.99,-9.21,,,,,,,,,0.0
65,px95dqer,3bvejf44,,3,2,18,9.0,0.0,0.99,-9.21,,,,,,,,,1.64
66,px95dqer,b6erzgw2,,3,1,19,9.0,0.0,0.99,-0.02,,,,,,,,,0.0
67,px95dqer,3bvejf44,,3,2,19,8.5,0.0,0.75,-0.58,,,,,,,,,1.64
68,px95dqer,b6erzgw2,,3,1,20,8.2,1.0,0.99,-0.01,,,,,,,,,0.0
69,px95dqer,3bvejf44,,3,2,20,8.3,1.0,0.99,-0.01,,,,,,,,,1.64
70,px95dqer,b6erzgw2,,3,1,21,8.3,1.0,0.99,-0.01,,,,,,,,,0.0
71,px95dqer,3bvejf44,,3,2,21,8.4,1.0,0.99,-0.01,,,,,,,,,1.64
72,px95dqer,b6erzgw2,,3,1,22,8.5,1.0,0.625,-1.96,,,,,,,,,0.0
73,px95dqer,3bvejf44,,3,2,22,9.0,1.0,0.99,-9.21,,,,,,,,,1.64
74,px95dqer,b6erzgw2,,3,1,23,8.4,1.0,0.99,-9.21,Trying to figure out a pattern in my colleagues answers.,8.5,No,Yes,3.0,,0.0,1.0,0.0
75,px95dqer,3bvejf44,,3,2,23,8.5,0.0,0.625,-1.96,8.50 seemed to be the treshhold between the catine and the office.  Around that area I was more uncertain (or that became the tactic in the end).,8.5,"I don't think so, and if I did, it was not my intent to do it.",.,2.0,,1.0,1.0,1.64
76,px95dqer,2910zpm1,,5,1,1,9.0,0.0,0.625,-0.94,,,,,,,,,8.23
77,px95dqer,ia2nt1g7,,5,2,1,9.1,0.0,0.99,-0.02,,,,,,,,,14.51
78,px95dqer,2910zpm1,,5,1,2,8.2,1.0,0.99,-0.01,,,,,,,,,8.23
79,px95dqer,ia2nt1g7,,5,2,2,8.3,1.0,0.99,-0.01,,,,,,,,,14.51
80,px95dqer,2910zpm1,,5,1,3,8.2,1.0,0.99,-0.01,,,,,,,,,8.23
81,px95dqer,ia2nt1g7,,5,2,3,8.1,1.0,0.99,-0.01,,,,,,,,,14.51
82,px95dqer,2910zpm1,,5,1,4,8.3,1.0,0.99,-0.01,,,,,,,,,8.23
83,px95dqer,ia2nt1g7,,5,2,4,8.4,1.0,0.75,-0.29,,,,,,,,,14.51
84,px95dqer,2910zpm1,,5,1,5,8.5,1.0,0.75,-0.29,,,,,,,,,8.23
85,px95dqer,ia2nt1g7,,5,2,5,8.4,1.0,0.75,-0.29,,,,,,,,,14.51
86,px95dqer,2910zpm1,,5,1,6,9.0,0.0,0.875,-0.27,,,,,,,,,8.23
87,px95dqer,ia2nt1g7,,5,2,6,9.1,0.0,0.99,-0.02,,,,,,,,,14.51
88,px95dqer,2910zpm1,,5,1,7,8.2,1.0,0.99,-0.01,,,,,,,,,8.23
89,px95dqer,ia2nt1g7,,5,2,7,8.3,1.0,0.99,-0.01,,,,,,,,,14.51
90,px95dqer,2910zpm1,,5,1,8,8.1,1.0,0.99,-0.01,,,,,,,,,8.23
91,px95dqer,ia2nt1g7,,5,2,8,8.2,1.0,0.99,-0.01,,,,,,,,,14.51
92,px95dqer,2910zpm1,,5,1,9,8.4,1.0,0.99,-0.01,,,,,,,,,8.23
93,px95dqer,ia2nt1g7,,5,2,9,8.3,1.0,0.875,-0.13,,,,,,,,,14.51
94,px95dqer,2910zpm1,,5,1,10,8.2,1.0,0.99,-0.01,,,,,,,,,8.23
95,px95dqer,ia2nt1g7,,5,2,10,8.3,1.0,0.99,-0.01,,,,,,,,,14.51
96,px95dqer,2910zpm1,,5,1,11,8.3,1.0,0.99,-0.01,,,,,,,,,8.23
97,px95dqer,ia2nt1g7,,5,2,11,8.4,1.0,0.875,-0.13,,,,,,,,,14.51
98,px95dqer,2910zpm1,,5,1,12,8.3,1.0,0.99,-0.01,,,,,,,,,8.23
99,px95dqer,ia2nt1g7,,5,2,12,8.4,1.0,0.875,-0.13,,,,,,,,,14.51
100,px95dqer,2910zpm1,,5,1,13,8.5,1.0,0.75,-2.77,,,,,,,,,8.23
101,px95dqer,ia2nt1g7,,5,2,13,9.0,0.0,0.625,-1.96,,,,,,,,,14.51
102,px95dqer,2910zpm1,,5,1,14,8.5,1.0,0.75,-2.77,,,,,,,,,8.23
103,px95dqer,ia2nt1g7,,5,2,14,9.0,0.0,0.5,-1.39,,,,,,,,,14.51
104,px95dqer,2910zpm1,,5,1,15,8.1,1.0,0.99,-0.01,,,,,,,,,8.23
105,px95dqer,ia2nt1g7,,5,2,15,8.2,1.0,0.99,-0.01,,,,,,,,,14.51
106,px95dqer,2910zpm1,,5,1,16,8.3,1.0,0.99,-0.01,,,,,,,,,8.23
107,px95dqer,ia2nt1g7,,5,2,16,8.4,1.0,0.99,-0.01,,,,,,,,,14.51
108,px95dqer,2910zpm1,,5,1,17,8.4,1.0,0.99,-0.01,,,,,,,,,8.23
109,px95dqer,ia2nt1g7,,5,2,17,8.5,1.0,0.75,-0.29,,,,,,,,,14.51
110,px95dqer,2910zpm1,,5,1,18,8.5,0.0,0.75,-2.77,,,,,,,,,8.23
111,px95dqer,ia2nt1g7,,5,2,18,9.0,1.0,0.625,-1.96,,,,,,,,,14.51
112,px95dqer,2910zpm1,,5,1,19,8.4,1.0,0.99,-0.01,,,,,,,,,8.23
113,px95dqer,ia2nt1g7,,5,2,19,8.3,1.0,0.99,-0.01,,,,,,,,,14.51
114,px95dqer,2910zpm1,,5,1,20,8.5,1.0,0.875,-4.16,,,,,,,,,8.23
115,px95dqer,ia2nt1g7,,5,2,20,9.0,0.0,0.75,-2.77,,,,,,,,,14.51
116,px95dqer,2910zpm1,,5,1,21,9.0,0.0,0.875,-0.27,,,,,,,,,8.23
117,px95dqer,ia2nt1g7,,5,2,21,9.1,0.0,0.99,-0.02,,,,,,,,,14.51
118,px95dqer,2910zpm1,,5,1,22,8.5,1.0,0.875,-0.13,,,,,,,,,8.23
119,px95dqer,ia2nt1g7,,5,2,22,8.4,1.0,0.99,-0.01,,,,,,,,,14.51
120,px95dqer,2910zpm1,,5,1,23,8.2,1.0,0.99,-0.01,,,,,,,,,8.23
121,px95dqer,ia2nt1g7,,5,2,23,8.3,1.0,0.99,-0.01,,,,,,,,,14.51
122,px95dqer,2910zpm1,,5,1,24,8.3,1.0,0.99,-0.01,,,,,,,,,8.23
123,px95dqer,ia2nt1g7,,5,2,24,8.2,1.0,0.99,-0.01,,,,,,,,,14.51
124,px95dqer,2910zpm1,,5,1,25,9.0,0.0,0.875,-4.16,,,,,,,,,8.23
125,px95dqer,ia2nt1g7,,5,2,25,8.5,1.0,0.75,-2.77,,,,,,,,,14.51
126,px95dqer,2910zpm1,,5,1,26,8.1,1.0,0.99,-0.01,,,,,,,,,8.23
127,px95dqer,ia2nt1g7,,5,2,26,8.2,1.0,0.99,-0.01,,,,,,,,,14.51
128,px95dqer,2910zpm1,,5,1,27,8.3,1.0,0.99,-0.01,,,,,,,,,8.23
129,px95dqer,ia2nt1g7,,5,2,27,8.4,1.0,0.75,-0.29,,,,,,,,,14.51
130,px95dqer,2910zpm1,,5,1,28,8.5,1.0,0.75,-0.29,,,,,,,,,8.23
131,px95dqer,ia2nt1g7,,5,2,28,8.4,1.0,0.875,-0.13,,,,,,,,,14.51
132,px95dqer,2910zpm1,,5,1,29,8.5,1.0,0.75,-2.77,,,,,,,,,8.23
133,px95dqer,ia2nt1g7,,5,2,29,9.0,0.0,0.75,-2.77,,,,,,,,,14.51
134,px95dqer,2910zpm1,,5,1,30,8.1,1.0,0.99,-0.01,9:00 -> office.  Otherwise -> canteen.,9.0,No,No,,1.0,,1.0,8.23
135,px95dqer,ia2nt1g7,,5,2,30,8.2,1.0,0.99,-0.01,"Went to the canteen almost everytime as long as i arrived at berfore 9:00, and was very certain. If i arived at 8:50 or 9:00 i switched between canteen and office and was less certain. If i arrived at 9:10 i choose the office and was very certain.  I figured that my partner prioritized the canteen even if my partner arrived at 8:50 so i tried to match.",8.4,"Yes, because i knew my partner would go to the canteen at 8:50",Yes after adapting to my partners behaviour.,,1.0,,1.0,14.51
136,px95dqer,dy01d3ti,,6,1,1,8.2,1.0,0.75,-0.29,,,,,,,,,0.0
137,px95dqer,354c0pma,,6,2,1,8.1,1.0,0.5,-0.69,,,,,,,,,6.71
138,px95dqer,dy01d3ti,,6,1,2,9.0,1.0,0.99,-9.21,,,,,,,,,0.0
139,px95dqer,354c0pma,,6,2,2,8.5,0.0,0.875,-4.16,,,,,,,,,6.71
140,px95dqer,dy01d3ti,,6,1,3,8.5,0.0,0.875,-0.27,,,,,,,,,0.0
141,px95dqer,354c0pma,,6,2,3,9.0,0.0,0.99,-0.02,,,,,,,,,6.71
142,px95dqer,dy01d3ti,,6,1,4,9.0,1.0,0.625,-1.96,,,,,,,,,0.0
143,px95dqer,354c0pma,,6,2,4,9.1,0.0,0.99,-9.21,,,,,,,,,6.71
144,px95dqer,dy01d3ti,,6,1,5,8.2,1.0,0.99,-0.01,,,,,,,,,0.0
145,px95dqer,354c0pma,,6,2,5,8.3,1.0,0.75,-0.29,,,,,,,,,6.71
146,px95dqer,dy01d3ti,,6,1,6,9.0,0.0,0.99,-0.02,,,,,,,,,0.0
147,px95dqer,354c0pma,,6,2,6,9.1,0.0,0.99,-0.02,,,,,,,,,6.71
148,px95dqer,dy01d3ti,,6,1,7,8.5,1.0,0.99,-9.21,,,,,,,,,0.0
149,px95dqer,354c0pma,,6,2,7,9.0,0.0,0.625,-1.96,,,,,,,,,6.71
150,px95dqer,dy01d3ti,,6,1,8,8.5,1.0,0.5,-1.39,,,,,,,,,0.0
151,px95dqer,354c0pma,,6,2,8,9.0,0.0,0.875,-4.16,,,,,,,,,6.71
152,px95dqer,dy01d3ti,,6,1,9,8.2,0.0,0.5,-1.39,,,,,,,,,0.0
153,px95dqer,354c0pma,,6,2,9,8.1,1.0,0.5,-1.39,,,,,,,,,6.71
154,px95dqer,dy01d3ti,,6,1,10,9.0,1.0,0.99,-9.21,Danish strategy u go by canteen by friday morning no matter wjat,9.0,Ja because sometimes u need the morning hit drink,No because the office time is more important,2.0,0.0,,1.0,0.0
155,px95dqer,354c0pma,,6,2,10,9.1,0.0,0.5,-1.39,"At first, I assumed the partner would arrive at about the same time. I became more uncertain about this assumption as the game continued.    The later I arrived, the more certain I was we'd go to the office. The earlier I met, then I'd assume we'd have time for the canteen.    Later on, I'd simply say I was very uncertain to minimize my losses.    As a player thought, I never felt there was consequences for being late at the office. So my partner could go to canteen when I arrived at 9:00.",8.5,No. I assumed consequences of being late at the office.,"No, I only became more uncertain.",2.0,,1.0,1.0,6.71
156,px95dqer,kagqxas3,,7,1,1,8.1,1.0,0.875,-0.13,,,,,,,,,-2.0
157,px95dqer,drdomuhe,,7,2,1,8.0,1.0,0.99,-0.01,,,,,,,,,0.0
158,px95dqer,kagqxas3,,7,1,2,8.1,1.0,0.99,-0.01,,,,,,,,,-2.0
159,px95dqer,drdomuhe,,7,2,2,8.2,1.0,0.99,-0.01,,,,,,,,,0.0
160,px95dqer,gf0x1vj8,,8,1,1,8.2,1.0,0.99,-0.01,,,,,,,,,0.0
161,px95dqer,55qsya68,,8,2,1,8.3,1.0,0.875,-0.13,,,,,,,,,-2.0
162,px95dqer,gf0x1vj8,,8,1,2,8.3,1.0,0.99,-0.01,,,,,,,,,0.0
163,px95dqer,55qsya68,,8,2,2,8.2,1.0,0.99,-0.01,,,,,,,,,-2.0
164,px95dqer,gf0x1vj8,,8,1,3,8.4,1.0,0.99,-0.01,,,,,,,,,0.0
165,px95dqer,55qsya68,,8,2,3,8.3,1.0,0.99,-0.01,,,,,,,,,-2.0
166,px95dqer,gf0x1vj8,,8,1,4,9.0,0.0,0.875,-0.27,,,,,,,,,0.0
167,px95dqer,55qsya68,,8,2,4,9.1,0.0,0.99,-0.02,,,,,,,,,-2.0
168,px95dqer,gf0x1vj8,,8,1,5,8.2,1.0,0.99,-0.01,,,,,,,,,0.0
169,px95dqer,55qsya68,,8,2,5,8.1,1.0,0.99,-0.01,,,,,,,,,-2.0
170,px95dqer,gf0x1vj8,,8,1,6,8.2,1.0,0.99,-0.01,,,,,,,,,0.0
171,px95dqer,55qsya68,,8,2,6,8.3,1.0,0.99,-0.01,,,,,,,,,-2.0
172,px95dqer,gf0x1vj8,,8,1,7,9.0,1.0,0.75,-2.77,,,,,,,,,0.0
173,px95dqer,55qsya68,,8,2,7,8.5,0.0,0.875,-4.16,,,,,,,,,-2.0
174,px95dqer,gf0x1vj8,,8,1,8,8.2,1.0,0.99,-0.01,,,,,,,,,0.0
175,px95dqer,55qsya68,,8,2,8,8.1,1.0,0.99,-0.01,,,,,,,,,-2.0
176,px95dqer,gf0x1vj8,,8,1,9,8.1,1.0,0.99,-0.01,,,,,,,,,0.0
177,px95dqer,55qsya68,,8,2,9,8.0,1.0,0.99,-0.01,,,,,,,,,-2.0
178,px95dqer,gf0x1vj8,,8,1,10,8.2,1.0,0.99,-0.01,,,,,,,,,0.0
179,px95dqer,55qsya68,,8,2,10,8.3,1.0,0.99,-0.01,,,,,,,,,-2.0
180,px95dqer,gf0x1vj8,,8,1,11,8.3,1.0,0.99,-0.01,,,,,,,,,0.0
181,px95dqer,55qsya68,,8,2,11,8.2,1.0,0.99,-0.01,,,,,,,,,-2.0
182,px95dqer,gf0x1vj8,,8,1,12,8.1,1.0,0.99,-0.01,,,,,,,,,0.0
183,px95dqer,55qsya68,,8,2,12,8.2,1.0,0.99,-0.01,,,,,,,,,-2.0
184,px95dqer,gf0x1vj8,,8,1,13,8.1,1.0,0.99,-0.01,,,,,,,,,0.0
185,px95dqer,55qsya68,,8,2,13,8.2,1.0,0.99,-0.01,,,,,,,,,-2.0
186,px95dqer,gf0x1vj8,,8,1,14,8.3,1.0,0.99,-0.01,,,,,,,,,0.0
187,px95dqer,55qsya68,,8,2,14,8.2,1.0,0.99,-0.01,,,,,,,,,-2.0
188,px95dqer,gf0x1vj8,,8,1,15,9.0,0.0,0.75,-0.58,,,,,,,,,0.0
189,px95dqer,55qsya68,,8,2,15,9.1,0.0,0.99,-0.02,,,,,,,,,-2.0
190,px95dqer,gf0x1vj8,,8,1,16,8.2,1.0,0.99,-0.01,,,,,,,,,0.0
191,px95dqer,55qsya68,,8,2,16,8.1,1.0,0.99,-0.01,,,,,,,,,-2.0
192,px95dqer,95r4cajr,,9,1,1,8.5,0.0,0.875,-0.27,,,,,,,,,9.48
193,px95dqer,bykshrd2,,9,2,1,9.0,0.0,0.625,-0.94,,,,,,,,,0.0
194,px95dqer,95r4cajr,,9,1,2,8.5,0.0,0.875,-4.16,,,,,,,,,9.48
195,px95dqer,bykshrd2,,9,2,2,8.4,1.0,0.99,-9.21,,,,,,,,,0.0
196,px95dqer,95r4cajr,,9,1,3,8.2,1.0,0.99,-0.01,,,,,,,,,9.48
197,px95dqer,bykshrd2,,9,2,3,8.1,1.0,0.99,-0.01,,,,,,,,,0.0
198,px95dqer,95r4cajr,,9,1,4,9.0,0.0,0.99,-0.02,,,,,,,,,9.48
199,px95dqer,bykshrd2,,9,2,4,9.1,0.0,0.99,-0.02,,,,,,,,,0.0
200,px95dqer,95r4cajr,,9,1,5,9.0,0.0,0.99,-0.02,,,,,,,,,9.48
201,px95dqer,bykshrd2,,9,2,5,9.1,0.0,0.99,-0.02,,,,,,,,,0.0
202,px95dqer,95r4cajr,,9,1,6,8.4,1.0,0.99,-0.01,,,,,,,,,9.48
203,px95dqer,bykshrd2,,9,2,6,8.3,1.0,0.99,-0.01,,,,,,,,,0.0
204,px95dqer,95r4cajr,,9,1,7,8.5,1.0,0.75,-2.77,,,,,,,,,9.48
205,px95dqer,bykshrd2,,9,2,7,9.0,0.0,0.875,-4.16,,,,,,,,,0.0
206,px95dqer,95r4cajr,,9,1,8,8.3,1.0,0.99,-0.01,,,,,,,,,9.48
207,px95dqer,bykshrd2,,9,2,8,8.4,1.0,0.99,-0.01,,,,,,,,,0.0
208,px95dqer,95r4cajr,,9,1,9,9.0,0.0,0.875,-0.27,,,,,,,,,9.48
209,px95dqer,bykshrd2,,9,2,9,8.5,0.0,0.75,-0.58,,,,,,,,,0.0
210,px95dqer,95r4cajr,,9,1,10,8.4,1.0,0.99,-9.21,,,,,,,,,9.48
211,px95dqer,bykshrd2,,9,2,10,8.5,0.0,0.99,-9.21,,,,,,,,,0.0
212,px95dqer,95r4cajr,,9,1,11,8.5,0.0,0.75,-0.58,,,,,,,,,9.48
213,px95dqer,bykshrd2,,9,2,11,9.0,0.0,0.99,-0.02,,,,,,,,,0.0
214,px95dqer,95r4cajr,,9,1,12,8.2,1.0,0.99,-0.01,,,,,,,,,9.48
215,px95dqer,bykshrd2,,9,2,12,8.3,1.0,0.99,-0.01,,,,,,,,,0.0
216,px95dqer,95r4cajr,,9,1,13,9.0,0.0,0.99,-0.02,,,,,,,,,9.48
217,px95dqer,bykshrd2,,9,2,13,9.1,0.0,0.99,-0.02,,,,,,,,,0.0
218,px95dqer,95r4cajr,,9,1,14,9.0,0.0,0.99,-0.02,,,,,,,,,9.48
219,px95dqer,bykshrd2,,9,2,14,9.1,0.0,0.99,-0.02,,,,,,,,,0.0
220,px95dqer,95r4cajr,,9,1,15,8.2,1.0,0.99,-0.01,,,,,,,,,9.48
221,px95dqer,bykshrd2,,9,2,15,8.1,1.0,0.99,-0.01,,,,,,,,,0.0
222,px95dqer,95r4cajr,,9,1,16,8.3,1.0,0.99,-0.01,,,,,,,,,9.48
223,px95dqer,bykshrd2,,9,2,16,8.4,1.0,0.875,-0.13,,,,,,,,,0.0
224,px95dqer,95r4cajr,,9,1,17,9.0,0.0,0.99,-0.02,,,,,,,,,9.48
225,px95dqer,bykshrd2,,9,2,17,8.5,0.0,0.75,-0.58,,,,,,,,,0.0
226,px95dqer,95r4cajr,,9,1,18,8.2,1.0,0.99,-0.01,,,,,,,,,9.48
227,px95dqer,bykshrd2,,9,2,18,8.3,1.0,0.99,-0.01,,,,,,,,,0.0
228,px95dqer,95r4cajr,,9,1,19,8.5,1.0,0.75,-0.29,,,,,,,,,9.48
229,px95dqer,bykshrd2,,9,2,19,8.4,1.0,0.875,-0.13,,,,,,,,,0.0
230,px95dqer,95r4cajr,,9,1,20,8.4,1.0,0.99,-0.01,,,,,,,,,9.48
231,px95dqer,bykshrd2,,9,2,20,8.3,1.0,0.99,-0.01,,,,,,,,,0.0
232,px95dqer,95r4cajr,,9,1,21,8.1,1.0,0.99,-0.01,,,,,,,,,9.48
233,px95dqer,bykshrd2,,9,2,21,8.0,1.0,0.99,-0.01,,,,,,,,,0.0
234,px95dqer,95r4cajr,,9,1,22,8.3,1.0,0.99,-0.01,,,,,,,,,9.48
235,px95dqer,bykshrd2,,9,2,22,8.4,1.0,0.99,-0.01,,,,,,,,,0.0
236,px95dqer,95r4cajr,,9,1,23,8.5,0.0,0.75,-2.77,Choose Uncertain for a time close to the threshold,8.4,"Yes, as there is a chance that the colleague is already in the canteen","Yes, as it was uncertain",2.0,,0.0,1.0,9.48
237,px95dqer,bykshrd2,,9,2,23,8.4,1.0,0.99,-9.21,On edge case (starting after 8.40) we coordinated after a few wrong tries.  Mostly I have used the worst case scenario of what my opponent is seeing.,8.4,"Yes.  That is why I consider it to be my fault.  But that is mainly a idiosyncratic reason: as far as the experiment is concerned, I cannot know that it is my fault -- you get the reasoning I portray, I don't need to do an analysis.",Yes.  I expected my co-player's and my previous action as an agreement and he/she did as well.,1.0,,0.0,1.0,0.0
238,px95dqer,hxvgsu4j,,10,1,1,8.3,1.0,0.99,-0.01,,,,,,,,,0.0
239,px95dqer,vcqnqwbt,,10,2,1,8.2,1.0,0.625,-0.47,,,,,,,,,-2.0
240,px95dqer,hxvgsu4j,,10,1,2,8.3,1.0,0.99,-0.01,,,,,,,,,0.0
241,px95dqer,vcqnqwbt,,10,2,2,8.4,1.0,0.99,-0.01,,,,,,,,,-2.0
242,px95dqer,hxvgsu4j,,10,1,3,8.3,1.0,0.99,-0.01,,,,,,,,,0.0
243,px95dqer,vcqnqwbt,,10,2,3,8.2,1.0,0.99,-0.01,,,,,,,,,-2.0
244,px95dqer,hxvgsu4j,,10,1,4,8.5,1.0,0.75,-0.29,,,,,,,,,0.0
245,px95dqer,vcqnqwbt,,10,2,4,8.4,1.0,0.99,-0.01,,,,,,,,,-2.0
246,px95dqer,rqot027h,,11,1,1,8.3,1.0,0.99,-0.01,,,,,,,,,5.74
247,px95dqer,qjr6j2nr,,11,2,1,8.4,1.0,0.99,-0.01,,,,,,,,,19.5
248,px95dqer,rqot027h,,11,1,2,8.1,1.0,0.99,-0.01,,,,,,,,,5.74
249,px95dqer,qjr6j2nr,,11,2,2,8.2,1.0,0.99,-0.01,,,,,,,,,19.5
250,px95dqer,rqot027h,,11,1,3,8.2,1.0,0.99,-0.01,,,,,,,,,5.74
251,px95dqer,qjr6j2nr,,11,2,3,8.3,1.0,0.99,-0.01,,,,,,,,,19.5
252,px95dqer,rqot027h,,11,1,4,8.4,1.0,0.99,-0.01,,,,,,,,,5.74
253,px95dqer,qjr6j2nr,,11,2,4,8.3,1.0,0.99,-0.01,,,,,,,,,19.5
254,px95dqer,rqot027h,,11,1,5,8.3,1.0,0.99,-0.01,,,,,,,,,5.74
255,px95dqer,qjr6j2nr,,11,2,5,8.4,1.0,0.99,-0.01,,,,,,,,,19.5
256,px95dqer,rqot027h,,11,1,6,9.0,0.0,0.99,-0.02,,,,,,,,,5.74
257,px95dqer,qjr6j2nr,,11,2,6,9.1,0.0,0.99,-0.02,,,,,,,,,19.5
258,px95dqer,rqot027h,,11,1,7,8.5,1.0,0.875,-4.16,,,,,,,,,5.74
259,px95dqer,qjr6j2nr,,11,2,7,9.0,0.0,0.75,-2.77,,,,,,,,,19.5
260,px95dqer,rqot027h,,11,1,8,8.4,1.0,0.99,-0.01,,,,,,,,,5.74
261,px95dqer,qjr6j2nr,,11,2,8,8.5,1.0,0.875,-0.13,,,,,,,,,19.5
262,px95dqer,rqot027h,,11,1,9,8.1,1.0,0.99,-0.01,,,,,,,,,5.74
263,px95dqer,qjr6j2nr,,11,2,9,8.2,1.0,0.99,-0.01,,,,,,,,,19.5
264,px95dqer,rqot027h,,11,1,10,8.3,1.0,0.99,-0.01,,,,,,,,,5.74
265,px95dqer,qjr6j2nr,,11,2,10,8.2,1.0,0.99,-0.01,,,,,,,,,19.5
266,px95dqer,rqot027h,,11,1,11,9.0,0.0,0.99,-0.02,,,,,,,,,5.74
267,px95dqer,qjr6j2nr,,11,2,11,9.1,0.0,0.99,-0.02,,,,,,,,,19.5
268,px95dqer,rqot027h,,11,1,12,8.5,1.0,0.99,-0.01,,,,,,,,,5.74
269,px95dqer,qjr6j2nr,,11,2,12,8.4,1.0,0.99,-0.01,,,,,,,,,19.5
270,px95dqer,rqot027h,,11,1,13,8.1,1.0,0.99,-0.01,,,,,,,,,5.74
271,px95dqer,qjr6j2nr,,11,2,13,8.0,1.0,0.99,-0.01,,,,,,,,,19.5
272,px95dqer,rqot027h,,11,1,14,8.3,1.0,0.99,-0.01,,,,,,,,,5.74
273,px95dqer,qjr6j2nr,,11,2,14,8.4,1.0,0.99,-0.01,,,,,,,,,19.5
274,px95dqer,rqot027h,,11,1,15,8.2,1.0,0.99,-0.01,,,,,,,,,5.74
275,px95dqer,qjr6j2nr,,11,2,15,8.3,1.0,0.99,-0.01,,,,,,,,,19.5
276,px95dqer,rqot027h,,11,1,16,9.0,0.0,0.99,-0.02,,,,,,,,,5.74
277,px95dqer,qjr6j2nr,,11,2,16,9.1,0.0,0.99,-0.02,,,,,,,,,19.5
278,px95dqer,rqot027h,,11,1,17,8.3,1.0,0.99,-0.01,,,,,,,,,5.74
279,px95dqer,qjr6j2nr,,11,2,17,8.4,1.0,0.99,-0.01,,,,,,,,,19.5
280,px95dqer,rqot027h,,11,1,18,8.5,1.0,0.99,-9.21,,,,,,,,,5.74
281,px95dqer,qjr6j2nr,,11,2,18,9.0,0.0,0.75,-2.77,,,,,,,,,19.5
282,px95dqer,rqot027h,,11,1,19,8.2,1.0,0.99,-0.01,,,,,,,,,5.74
283,px95dqer,qjr6j2nr,,11,2,19,8.3,1.0,0.99,-0.01,,,,,,,,,19.5
284,px95dqer,rqot027h,,11,1,20,8.1,1.0,0.99,-0.01,,,,,,,,,5.74
285,px95dqer,qjr6j2nr,,11,2,20,8.2,1.0,0.99,-0.01,,,,,,,,,19.5
286,px95dqer,rqot027h,,11,1,21,8.4,1.0,0.99,-0.01,,,,,,,,,5.74
287,px95dqer,qjr6j2nr,,11,2,21,8.3,1.0,0.99,-0.01,,,,,,,,,19.5
288,px95dqer,rqot027h,,11,1,22,8.2,1.0,0.99,-0.01,,,,,,,,,5.74
289,px95dqer,qjr6j2nr,,11,2,22,8.1,1.0,0.99,-0.01,,,,,,,,,19.5
290,px95dqer,rqot027h,,11,1,23,8.4,1.0,0.99,-0.01,,,,,,,,,5.74
291,px95dqer,qjr6j2nr,,11,2,23,8.3,1.0,0.99,-0.01,,,,,,,,,19.5
292,px95dqer,rqot027h,,11,1,24,8.4,1.0,0.99,-0.01,,,,,,,,,5.74
293,px95dqer,qjr6j2nr,,11,2,24,8.5,1.0,0.875,-0.13,,,,,,,,,19.5
294,px95dqer,rqot027h,,11,1,25,9.0,0.0,0.99,-9.21,,,,,,,,,5.74
295,px95dqer,qjr6j2nr,,11,2,25,8.5,1.0,0.875,-4.16,,,,,,,,,19.5
296,px95dqer,rqot027h,,11,1,26,8.2,1.0,0.99,-0.01,,,,,,,,,5.74
297,px95dqer,qjr6j2nr,,11,2,26,8.1,1.0,0.99,-0.01,,,,,,,,,19.5
298,px95dqer,rqot027h,,11,1,27,8.1,1.0,0.99,-0.01,,,,,,,,,5.74
299,px95dqer,qjr6j2nr,,11,2,27,8.2,1.0,0.99,-0.01,,,,,,,,,19.5
300,px95dqer,rqot027h,,11,1,28,9.0,0.0,0.5,-1.39,,,,,,,,,5.74
301,px95dqer,qjr6j2nr,,11,2,28,9.1,0.0,0.875,-0.27,,,,,,,,,19.5
302,px95dqer,rqot027h,,11,1,29,8.4,1.0,0.99,-0.01,,,,,,,,,5.74
303,px95dqer,qjr6j2nr,,11,2,29,8.3,1.0,0.99,-0.01,,,,,,,,,19.5
304,px95dqer,rqot027h,,11,1,30,8.3,1.0,0.99,-0.01,A bad one,8.4,"Yes, later because it took time to understand how the uncertainty works","Yes, because I lost my goddamn money",,1.0,,1.0,5.74
305,px95dqer,qjr6j2nr,,11,2,30,8.2,1.0,0.99,-0.01,"Because I knew that my friend would arrive within 10 minutes of me, I simply went to the canteen if I arrived before 8:50 or straight to the office if I arrived after 9:10. The only time to be unsure in the range 8:50-9:10, of which I could only make a qualified guess based on what end of the range I arrived in.",8.4,"I went to the canteen when arriving at 8:50, because the chance of him arriving 10 minutes after me at 9:00 would be 50% and with me arriving before 9:00, the chance of us both arriving before 9:00 would be 67%, make going to the canteen the better the choice.","If I did, it would be because I arrived af 9:00 and there would be a 50-50 chance of either choice being correct.",,,1.0,1.0,19.5
306,px95dqer,iie9gnub,,12,1,1,8.2,1.0,0.99,-0.01,,,,,,,,,4.71
307,px95dqer,tzahpbo1,,12,2,1,8.1,1.0,0.99,-0.01,,,,,,,,,0.81
308,px95dqer,iie9gnub,,12,1,2,8.4,1.0,0.99,-0.01,,,,,,,,,4.71
309,px95dqer,tzahpbo1,,12,2,2,8.3,1.0,0.99,-0.01,,,,,,,,,0.81
310,px95dqer,iie9gnub,,12,1,3,8.5,1.0,0.875,-0.13,,,,,,,,,4.71
311,px95dqer,tzahpbo1,,12,2,3,8.4,1.0,0.875,-0.13,,,,,,,,,0.81
312,px95dqer,iie9gnub,,12,1,4,8.2,1.0,0.99,-0.01,,,,,,,,,4.71
313,px95dqer,tzahpbo1,,12,2,4,8.3,1.0,0.99,-0.01,,,,,,,,,0.81
314,px95dqer,iie9gnub,,12,1,5,8.2,1.0,0.99,-0.01,,,,,,,,,4.71
315,px95dqer,tzahpbo1,,12,2,5,8.3,1.0,0.99,-0.01,,,,,,,,,0.81
316,px95dqer,iie9gnub,,12,1,6,8.2,1.0,0.99,-0.01,,,,,,,,,4.71
317,px95dqer,tzahpbo1,,12,2,6,8.3,1.0,0.99,-0.01,,,,,,,,,0.81
318,px95dqer,iie9gnub,,12,1,7,9.0,0.0,0.75,-0.58,,,,,,,,,4.71
319,px95dqer,tzahpbo1,,12,2,7,9.1,0.0,0.99,-0.02,,,,,,,,,0.81
320,px95dqer,iie9gnub,,12,1,8,8.2,1.0,0.99,-0.01,,,,,,,,,4.71
321,px95dqer,tzahpbo1,,12,2,8,8.3,1.0,0.99,-0.01,,,,,,,,,0.81
322,px95dqer,iie9gnub,,12,1,9,8.3,1.0,0.99,-0.01,,,,,,,,,4.71
323,px95dqer,tzahpbo1,,12,2,9,8.4,1.0,0.99,-0.01,,,,,,,,,0.81
324,px95dqer,iie9gnub,,12,1,10,8.2,1.0,0.99,-0.01,,,,,,,,,4.71
325,px95dqer,tzahpbo1,,12,2,10,8.1,1.0,0.99,-0.01,,,,,,,,,0.81
326,px95dqer,iie9gnub,,12,1,11,8.5,0.0,0.875,-4.16,,,,,,,,,4.71
327,px95dqer,tzahpbo1,,12,2,11,8.4,1.0,0.99,-9.21,,,,,,,,,0.81
328,px95dqer,iie9gnub,,12,1,12,8.5,0.0,0.75,-2.77,,,,,,,,,4.71
329,px95dqer,tzahpbo1,,12,2,12,8.4,1.0,0.75,-2.77,,,,,,,,,0.81
330,px95dqer,iie9gnub,,12,1,13,8.5,0.0,0.99,-0.02,,,,,,,,,4.71
331,px95dqer,tzahpbo1,,12,2,13,8.4,0.0,0.625,-0.94,,,,,,,,,0.81
332,px95dqer,iie9gnub,,12,1,14,9.0,0.0,0.75,-0.58,,,,,,,,,4.71
333,px95dqer,tzahpbo1,,12,2,14,8.5,0.0,0.5,-1.39,,,,,,,,,0.81
334,px95dqer,iie9gnub,,12,1,15,8.4,1.0,0.99,-9.21,,,,,,,,,4.71
335,px95dqer,tzahpbo1,,12,2,15,8.5,0.0,0.99,-9.21,,,,,,,,,0.81
336,px95dqer,iie9gnub,,12,1,16,9.0,0.0,0.99,-0.02,,,,,,,,,4.71
337,px95dqer,tzahpbo1,,12,2,16,8.5,0.0,0.75,-0.58,,,,,,,,,0.81
338,px95dqer,iie9gnub,,12,1,17,8.3,1.0,0.99,-0.01,,,,,,,,,4.71
339,px95dqer,tzahpbo1,,12,2,17,8.2,1.0,0.99,-0.01,,,,,,,,,0.81
340,px95dqer,iie9gnub,,12,1,18,8.3,1.0,0.99,-0.01,,,,,,,,,4.71
341,px95dqer,tzahpbo1,,12,2,18,8.2,1.0,0.99,-0.01,,,,,,,,,0.81
342,px95dqer,iie9gnub,,12,1,19,9.0,0.0,0.75,-0.58,,,,,,,,,4.71
343,px95dqer,tzahpbo1,,12,2,19,9.1,0.0,0.99,-0.02,,,,,,,,,0.81
344,px95dqer,iie9gnub,,12,1,20,8.3,1.0,0.99,-0.01,,,,,,,,,4.71
345,px95dqer,tzahpbo1,,12,2,20,8.2,1.0,0.99,-0.01,,,,,,,,,0.81
346,px95dqer,iie9gnub,,12,1,21,8.1,1.0,0.99,-0.01,,,,,,,,,4.71
347,px95dqer,tzahpbo1,,12,2,21,8.2,1.0,0.99,-0.01,,,,,,,,,0.81
348,px95dqer,iie9gnub,,12,1,22,8.2,1.0,0.99,-0.01,,,,,,,,,4.71
349,px95dqer,tzahpbo1,,12,2,22,8.1,1.0,0.99,-0.01,,,,,,,,,0.81
350,px95dqer,iie9gnub,,12,1,23,8.1,1.0,0.99,-0.01,,,,,,,,,4.71
351,px95dqer,tzahpbo1,,12,2,23,8.0,1.0,0.99,-0.01,,,,,,,,,0.81
352,px95dqer,iie9gnub,,12,1,24,8.1,1.0,0.99,-0.01,,,,,,,,,4.71
353,px95dqer,tzahpbo1,,12,2,24,8.2,1.0,0.99,-0.01,,,,,,,,,0.81
354,px95dqer,iie9gnub,,12,1,25,8.5,0.0,0.75,-2.77,,,,,,,,,4.71
355,px95dqer,tzahpbo1,,12,2,25,8.4,1.0,0.75,-2.77,,,,,,,,,0.81
356,px95dqer,iie9gnub,,12,1,26,8.1,1.0,0.99,-0.01,,,,,,,,,4.71
357,px95dqer,tzahpbo1,,12,2,26,8.0,1.0,0.99,-0.01,,,,,,,,,0.81
358,px95dqer,iie9gnub,,12,1,27,8.1,1.0,0.99,-0.01,,,,,,,,,4.71
359,px95dqer,tzahpbo1,,12,2,27,8.2,1.0,0.99,-0.01,,,,,,,,,0.81
360,px95dqer,iie9gnub,,12,1,28,8.4,1.0,0.875,-4.16,,,,,,,,,4.71
361,px95dqer,tzahpbo1,,12,2,28,8.5,0.0,0.625,-1.96,,,,,,,,,0.81
362,px95dqer,iie9gnub,,12,1,29,8.4,1.0,0.875,-0.13,,,,,,,,,4.71
363,px95dqer,tzahpbo1,,12,2,29,8.3,1.0,0.99,-0.01,,,,,,,,,0.81
364,px95dqer,iie9gnub,,12,1,30,8.2,1.0,0.99,-0.01,Almost always go for canteen and if in doubt show some uncertainty,8.2,"Yes, going for the best odds","Yes, depending on what the other player choose",,,0.0,1.0,4.71
365,px95dqer,tzahpbo1,,12,2,30,8.1,1.0,0.99,-0.01,We all love coffee so I assumed he was going for coffee unless my time was 9. My certainty decreased the closer to 9 it was and the more consecutive times we missed each other,8.4,Yes because we love coffee,Yes because he kept going to the office,,1.0,,1.0,0.81
366,px95dqer,7nkjqll8,,13,1,1,8.2,1.0,0.875,-0.13,,,,,,,,,4.79
367,px95dqer,pg5q8er0,,13,2,1,8.3,1.0,0.99,-0.01,,,,,,,,,18.1
368,px95dqer,7nkjqll8,,13,1,2,8.4,1.0,0.875,-0.13,,,,,,,,,4.79
369,px95dqer,pg5q8er0,,13,2,2,8.3,1.0,0.99,-0.01,,,,,,,,,18.1
370,px95dqer,7nkjqll8,,13,1,3,9.0,0.0,0.875,-0.27,,,,,,,,,4.79
371,px95dqer,pg5q8er0,,13,2,3,9.1,0.0,0.99,-0.02,,,,,,,,,18.1
372,px95dqer,7nkjqll8,,13,1,4,9.0,0.0,0.99,-9.21,,,,,,,,,4.79
373,px95dqer,pg5q8er0,,13,2,4,8.5,1.0,0.625,-1.96,,,,,,,,,18.1
374,px95dqer,7nkjqll8,,13,1,5,8.4,1.0,0.99,-0.01,,,,,,,,,4.79
375,px95dqer,pg5q8er0,,13,2,5,8.3,1.0,0.99,-0.01,,,,,,,,,18.1
376,px95dqer,7nkjqll8,,13,1,6,8.5,1.0,0.875,-0.13,,,,,,,,,4.79
377,px95dqer,pg5q8er0,,13,2,6,8.4,1.0,0.875,-0.13,,,,,,,,,18.1
378,px95dqer,7nkjqll8,,13,1,7,8.4,1.0,0.99,-0.01,,,,,,,,,4.79
379,px95dqer,pg5q8er0,,13,2,7,8.5,1.0,0.625,-0.47,,,,,,,,,18.1
380,px95dqer,7nkjqll8,,13,1,8,8.2,1.0,0.99,-0.01,,,,,,,,,4.79
381,px95dqer,pg5q8er0,,13,2,8,8.1,1.0,0.99,-0.01,,,,,,,,,18.1
382,px95dqer,7nkjqll8,,13,1,9,8.4,1.0,0.99,-0.01,,,,,,,,,4.79
383,px95dqer,pg5q8er0,,13,2,9,8.5,1.0,0.5,-0.69,,,,,,,,,18.1
384,px95dqer,7nkjqll8,,13,1,10,8.2,1.0,0.875,-0.13,,,,,,,,,4.79
385,px95dqer,pg5q8er0,,13,2,10,8.3,1.0,0.99,-0.01,,,,,,,,,18.1
386,px95dqer,7nkjqll8,,13,1,11,8.2,1.0,0.99,-0.01,,,,,,,,,4.79
387,px95dqer,pg5q8er0,,13,2,11,8.1,1.0,0.99,-0.01,,,,,,,,,18.1
388,px95dqer,7nkjqll8,,13,1,12,8.1,1.0,0.99,-0.01,,,,,,,,,4.79
389,px95dqer,pg5q8er0,,13,2,12,8.0,1.0,0.99,-0.01,,,,,,,,,18.1
390,px95dqer,7nkjqll8,,13,1,13,9.0,0.0,0.75,-0.58,,,,,,,,,4.79
391,px95dqer,pg5q8er0,,13,2,13,9.1,0.0,0.99,-0.02,,,,,,,,,18.1
392,px95dqer,7nkjqll8,,13,1,14,8.5,1.0,0.875,-0.13,,,,,,,,,4.79
393,px95dqer,pg5q8er0,,13,2,14,8.4,1.0,0.875,-0.13,,,,,,,,,18.1
394,px95dqer,7nkjqll8,,13,1,15,8.1,1.0,0.99,-0.01,,,,,,,,,4.79
395,px95dqer,pg5q8er0,,13,2,15,8.2,1.0,0.99,-0.01,,,,,,,,,18.1
396,px95dqer,7nkjqll8,,13,1,16,8.4,1.0,0.875,-0.13,,,,,,,,,4.79
397,px95dqer,pg5q8er0,,13,2,16,8.5,1.0,0.5,-0.69,,,,,,,,,18.1
398,px95dqer,7nkjqll8,,13,1,17,9.0,0.0,0.99,-0.02,,,,,,,,,4.79
399,px95dqer,pg5q8er0,,13,2,17,9.1,0.0,0.99,-0.02,,,,,,,,,18.1
400,px95dqer,7nkjqll8,,13,1,18,8.2,1.0,0.99,-0.01,,,,,,,,,4.79
401,px95dqer,pg5q8er0,,13,2,18,8.3,1.0,0.99,-0.01,,,,,,,,,18.1
402,px95dqer,7nkjqll8,,13,1,19,8.2,1.0,0.99,-0.01,,,,,,,,,4.79
403,px95dqer,pg5q8er0,,13,2,19,8.3,1.0,0.99,-0.01,,,,,,,,,18.1
404,px95dqer,7nkjqll8,,13,1,20,8.3,1.0,0.99,-0.01,,,,,,,,,4.79
405,px95dqer,pg5q8er0,,13,2,20,8.4,1.0,0.99,-0.01,,,,,,,,,18.1
406,px95dqer,7nkjqll8,,13,1,21,8.4,1.0,0.99,-0.01,,,,,,,,,4.79
407,px95dqer,pg5q8er0,,13,2,21,8.5,1.0,0.5,-0.69,,,,,,,,,18.1
408,px95dqer,7nkjqll8,,13,1,22,9.0,0.0,0.99,-9.21,,,,,,,,,4.79
409,px95dqer,pg5q8er0,,13,2,22,8.5,1.0,0.5,-1.39,,,,,,,,,18.1
410,px95dqer,7nkjqll8,,13,1,23,8.2,1.0,0.99,-0.01,,,,,,,,,4.79
411,px95dqer,pg5q8er0,,13,2,23,8.3,1.0,0.99,-0.01,,,,,,,,,18.1
412,px95dqer,7nkjqll8,,13,1,24,9.0,0.0,0.875,-0.27,,,,,,,,,4.79
413,px95dqer,pg5q8er0,,13,2,24,9.1,0.0,0.5,-1.39,,,,,,,,,18.1
414,px95dqer,7nkjqll8,,13,1,25,8.4,1.0,0.99,-0.01,,,,,,,,,4.79
415,px95dqer,pg5q8er0,,13,2,25,8.5,1.0,0.5,-0.69,,,,,,,,,18.1
416,px95dqer,7nkjqll8,,13,1,26,8.4,1.0,0.99,-0.01,,,,,,,,,4.79
417,px95dqer,pg5q8er0,,13,2,26,8.3,1.0,0.99,-0.01,,,,,,,,,18.1
418,px95dqer,7nkjqll8,,13,1,27,9.0,0.0,0.875,-0.27,,,,,,,,,4.79
419,px95dqer,pg5q8er0,,13,2,27,9.1,0.0,0.5,-1.39,,,,,,,,,18.1
420,px95dqer,7nkjqll8,,13,1,28,9.0,0.0,0.875,-4.16,,,,,,,,,4.79
421,px95dqer,pg5q8er0,,13,2,28,8.5,1.0,0.5,-1.39,,,,,,,,,18.1
422,px95dqer,7nkjqll8,,13,1,29,8.4,1.0,0.99,-0.01,,,,,,,,,4.79
423,px95dqer,pg5q8er0,,13,2,29,8.5,1.0,0.5,-0.69,,,,,,,,,18.1
424,px95dqer,7nkjqll8,,13,1,30,8.5,1.0,0.75,-0.29,< 8.50 take canteen with high certainty.  9.00 take canteen/office with low certainty.   9.10 take office with medium certainty.,,,,,,,,4.79
425,px95dqer,pg5q8er0,,13,2,30,8.4,1.0,0.99,-0.01,"if it was 8:50 or 9:00 it was uncertain that we made the same choice otherwise it was very certain that we made the same choice, for 8:50 or below i went to the canteen for 9:00 above I went to the office",8.3,"Yes, because there was still overwhelming probability that my friend went there aswell","probably, I can't remember for sure, but seeing my colleague consistently make the same choice as me made me more confident for times close to 9:00",,,1.0,1.0,18.1
426,px95dqer,0d4kjemb,,14,1,1,9.0,0.0,0.625,-1.96,,,,,,,,,16.64
427,px95dqer,fex2yomp,,14,2,1,8.5,1.0,0.75,-2.77,,,,,,,,,0.0
428,px95dqer,0d4kjemb,,14,1,2,8.1,1.0,0.99,-0.01,,,,,,,,,16.64
429,px95dqer,fex2yomp,,14,2,2,8.0,1.0,0.5,-0.69,,,,,,,,,0.0
430,px95dqer,0d4kjemb,,14,1,3,8.1,1.0,0.99,-0.01,,,,,,,,,16.64
431,px95dqer,fex2yomp,,14,2,3,8.0,1.0,0.75,-0.29,,,,,,,,,0.0
432,px95dqer,0d4kjemb,,14,1,4,8.2,1.0,0.99,-0.01,,,,,,,,,16.64
433,px95dqer,fex2yomp,,14,2,4,8.1,1.0,0.99,-0.01,,,,,,,,,0.0
434,px95dqer,0d4kjemb,,14,1,5,8.1,1.0,0.99,-0.01,,,,,,,,,16.64
435,px95dqer,fex2yomp,,14,2,5,8.0,1.0,0.99,-0.01,,,,,,,,,0.0
436,px95dqer,0d4kjemb,,14,1,6,8.1,1.0,0.99,-0.01,,,,,,,,,16.64
437,px95dqer,fex2yomp,,14,2,6,8.0,1.0,0.99,-0.01,,,,,,,,,0.0
438,px95dqer,0d4kjemb,,14,1,7,8.3,1.0,0.99,-0.01,,,,,,,,,16.64
439,px95dqer,fex2yomp,,14,2,7,8.2,1.0,0.99,-0.01,,,,,,,,,0.0
440,px95dqer,0d4kjemb,,14,1,8,8.5,0.0,0.875,-4.16,,,,,,,,,16.64
441,px95dqer,fex2yomp,,14,2,8,8.4,1.0,0.99,-9.21,,,,,,,,,0.0
442,px95dqer,0d4kjemb,,14,1,9,8.4,0.0,0.5,-1.39,,,,,,,,,16.64
443,px95dqer,fex2yomp,,14,2,9,8.3,0.0,0.5,-1.39,,,,,,,,,0.0
444,px95dqer,0d4kjemb,,14,1,10,8.4,0.0,0.75,-0.58,,,,,,,,,16.64
445,px95dqer,fex2yomp,,14,2,10,8.5,0.0,0.99,-0.02,,,,,,,,,0.0
446,px95dqer,0d4kjemb,,14,1,11,8.5,0.0,0.99,-0.02,,,,,,,,,16.64
447,px95dqer,fex2yomp,,14,2,11,9.0,0.0,0.99,-0.02,,,,,,,,,0.0
448,px95dqer,0d4kjemb,,14,1,12,8.3,1.0,0.875,-0.13,,,,,,,,,16.64
449,px95dqer,fex2yomp,,14,2,12,8.2,1.0,0.75,-0.29,,,,,,,,,0.0
450,px95dqer,0d4kjemb,,14,1,13,8.5,0.0,0.99,-0.02,,,,,,,,,16.64
451,px95dqer,fex2yomp,,14,2,13,8.4,0.0,0.99,-0.02,,,,,,,,,0.0
452,px95dqer,0d4kjemb,,14,1,14,9.0,0.0,0.99,-0.02,,,,,,,,,16.64
453,px95dqer,fex2yomp,,14,2,14,8.5,0.0,0.99,-0.02,,,,,,,,,0.0
454,px95dqer,0d4kjemb,,14,1,15,8.3,1.0,0.75,-2.77,,,,,,,,,16.64
455,px95dqer,fex2yomp,,14,2,15,8.4,0.0,0.99,-9.21,,,,,,,,,0.0
456,px95dqer,0d4kjemb,,14,1,16,8.3,1.0,0.75,-0.29,,,,,,,,,16.64
457,px95dqer,fex2yomp,,14,2,16,8.2,1.0,0.75,-0.29,,,,,,,,,0.0
458,px95dqer,0d4kjemb,,14,1,17,8.3,1.0,0.625,-1.96,"We agreed on a cutoff, so 8:40 and above is office, while 8:30 and below is canteen",8.2,"Yes did at 8:30, but should have only done it untill 8:20",Yes first couple rounds had to find the cutoff time,3.0,,0.0,1.0,16.64
459,px95dqer,fex2yomp,,14,2,17,8.4,0.0,0.99,-9.21,Q,8.2,Q,Q,2.0,0.0,,1.0,0.0
460,px95dqer,vl6vptcz,,15,1,1,8.4,1.0,0.99,-0.01,,,,,,,,,0.0
461,px95dqer,y2guuz54,,15,2,1,8.5,1.0,0.75,-0.29,,,,,,,,,10.4
462,px95dqer,vl6vptcz,,15,1,2,8.3,1.0,0.99,-0.01,,,,,,,,,0.0
463,px95dqer,y2guuz54,,15,2,2,8.4,1.0,0.99,-0.01,,,,,,,,,10.4
464,px95dqer,vl6vptcz,,15,1,3,8.2,1.0,0.99,-0.01,,,,,,,,,0.0
465,px95dqer,y2guuz54,,15,2,3,8.1,1.0,0.99,-0.01,,,,,,,,,10.4
466,px95dqer,vl6vptcz,,15,1,4,8.4,1.0,0.99,-0.01,,,,,,,,,0.0
467,px95dqer,y2guuz54,,15,2,4,8.5,1.0,0.75,-0.29,,,,,,,,,10.4
468,px95dqer,vl6vptcz,,15,1,5,8.4,1.0,0.99,-0.01,,,,,,,,,0.0
469,px95dqer,y2guuz54,,15,2,5,8.5,1.0,0.75,-0.29,,,,,,,,,10.4
470,px95dqer,vl6vptcz,,15,1,6,9.0,0.0,0.99,-9.21,,,,,,,,,0.0
471,px95dqer,y2guuz54,,15,2,6,8.5,1.0,0.875,-4.16,,,,,,,,,10.4
472,px95dqer,vl6vptcz,,15,1,7,8.1,1.0,0.99,-0.01,,,,,,,,,0.0
473,px95dqer,y2guuz54,,15,2,7,8.2,1.0,0.99,-0.01,,,,,,,,,10.4
474,px95dqer,vl6vptcz,,15,1,8,8.1,1.0,0.99,-0.01,,,,,,,,,0.0
475,px95dqer,y2guuz54,,15,2,8,8.2,1.0,0.99,-0.01,,,,,,,,,10.4
476,px95dqer,vl6vptcz,,15,1,9,9.0,0.0,0.75,-2.77,,,,,,,,,0.0
477,px95dqer,y2guuz54,,15,2,9,8.5,1.0,0.75,-2.77,,,,,,,,,10.4
478,px95dqer,vl6vptcz,,15,1,10,8.2,1.0,0.99,-0.01,,,,,,,,,0.0
479,px95dqer,y2guuz54,,15,2,10,8.3,1.0,0.99,-0.01,,,,,,,,,10.4
480,px95dqer,vl6vptcz,,15,1,11,9.0,0.0,0.75,-0.58,,,,,,,,,0.0
481,px95dqer,y2guuz54,,15,2,11,8.5,0.0,0.75,-0.58,,,,,,,,,10.4
482,px95dqer,vl6vptcz,,15,1,12,8.2,1.0,0.99,-0.01,,,,,,,,,0.0
483,px95dqer,y2guuz54,,15,2,12,8.3,1.0,0.99,-0.01,,,,,,,,,10.4
484,px95dqer,vl6vptcz,,15,1,13,9.0,0.0,0.99,-0.02,,,,,,,,,0.0
485,px95dqer,y2guuz54,,15,2,13,9.1,0.0,0.99,-0.02,,,,,,,,,10.4
486,px95dqer,vl6vptcz,,15,1,14,8.4,1.0,0.99,-9.21,,,,,,,,,0.0
487,px95dqer,y2guuz54,,15,2,14,8.5,0.0,0.75,-2.77,,,,,,,,,10.4
488,px95dqer,vl6vptcz,,15,1,15,8.5,0.0,0.75,-0.58,,,,,,,,,0.0
489,px95dqer,y2guuz54,,15,2,15,9.0,0.0,0.875,-0.27,,,,,,,,,10.4
490,px95dqer,vl6vptcz,,15,1,16,9.0,0.0,0.99,-0.02,,,,,,,,,0.0
491,px95dqer,y2guuz54,,15,2,16,9.1,0.0,0.99,-0.02,,,,,,,,,10.4
492,px95dqer,vl6vptcz,,15,1,17,8.4,1.0,0.75,-2.77,,,,,,,,,0.0
493,px95dqer,y2guuz54,,15,2,17,8.5,0.0,0.75,-2.77,,,,,,,,,10.4
494,px95dqer,vl6vptcz,,15,1,18,8.1,1.0,0.99,-0.01,,,,,,,,,0.0
495,px95dqer,y2guuz54,,15,2,18,8.0,1.0,0.99,-0.01,,,,,,,,,10.4
496,px95dqer,vl6vptcz,,15,1,19,8.2,1.0,0.99,-0.01,,,,,,,,,0.0
497,px95dqer,y2guuz54,,15,2,19,8.3,1.0,0.99,-0.01,,,,,,,,,10.4
498,px95dqer,vl6vptcz,,15,1,20,8.5,0.0,0.75,-0.58,,,,,,,,,0.0
499,px95dqer,y2guuz54,,15,2,20,9.0,0.0,0.875,-0.27,,,,,,,,,10.4
500,px95dqer,vl6vptcz,,15,1,21,8.4,1.0,0.75,-0.29,,,,,,,,,0.0
501,px95dqer,y2guuz54,,15,2,21,8.3,1.0,0.99,-0.01,,,,,,,,,10.4
502,px95dqer,vl6vptcz,,15,1,22,9.0,0.0,0.99,-0.02,,,,,,,,,0.0
503,px95dqer,y2guuz54,,15,2,22,8.5,0.0,0.875,-0.27,,,,,,,,,10.4
504,px95dqer,vl6vptcz,,15,1,23,8.5,0.0,0.75,-0.58,,,,,,,,,0.0
505,px95dqer,y2guuz54,,15,2,23,9.0,0.0,0.875,-0.27,,,,,,,,,10.4
506,px95dqer,vl6vptcz,,15,1,24,8.2,1.0,0.99,-0.01,,,,,,,,,0.0
507,px95dqer,y2guuz54,,15,2,24,8.1,1.0,0.99,-0.01,,,,,,,,,10.4
508,px95dqer,vl6vptcz,,15,1,25,9.0,0.0,0.99,-0.02,,,,,,,,,0.0
509,px95dqer,y2guuz54,,15,2,25,9.1,0.0,0.99,-0.02,,,,,,,,,10.4
510,px95dqer,vl6vptcz,,15,1,26,8.4,1.0,0.75,-0.29,,,,,,,,,0.0
511,px95dqer,y2guuz54,,15,2,26,8.3,1.0,0.99,-0.01,,,,,,,,,10.4
512,px95dqer,vl6vptcz,,15,1,27,8.5,0.0,0.75,-0.58,,,,,,,,,0.0
513,px95dqer,y2guuz54,,15,2,27,9.0,0.0,0.875,-0.27,,,,,,,,,10.4
514,px95dqer,vl6vptcz,,15,1,28,8.5,0.0,0.75,-2.77,Arrive after 8:50 = office and very certain.     Arrive at 8:50 = office and somewhat certain.    Arrive before 8:50 = canteen and very certain.,8.4,"Yes, arrival at 8:50 there can be 50:50 chance of my colleague being in the canteen or not arrived yet",No,3.0,0.0,,2.0,0.0
515,px95dqer,y2guuz54,,15,2,28,8.4,1.0,0.875,-4.16,"Based on how close I was to nine o'clock i was more uncertain about my choice, but started out with choosing the canteen in these cases as the penalty was lower, but after I saw that my participant started with using the the office in these cases instead I switched to that as well. For all cases where I arrived at 8:30 or lower I always choose very certain for canteen and the opposite for office and 9:30 or higher.",8.3,No,After seeing 8:50 multiple times and seeing that me and my partner disagreed I started to adapt to his/her pattern.,3.0,,1.0,1.0,10.4
516,px95dqer,socxm37u,,16,1,1,8.4,1.0,0.99,-0.01,,,,,,,,,7.81
517,px95dqer,b53k1epx,,16,2,1,8.3,1.0,0.99,-0.01,,,,,,,,,8.08
518,px95dqer,socxm37u,,16,1,2,9.0,0.0,0.875,-0.27,,,,,,,,,7.81
519,px95dqer,b53k1epx,,16,2,2,8.5,0.0,0.75,-0.58,,,,,,,,,8.08
520,px95dqer,socxm37u,,16,1,3,8.5,0.0,0.625,-1.96,,,,,,,,,7.81
521,px95dqer,b53k1epx,,16,2,3,8.4,1.0,0.99,-9.21,,,,,,,,,8.08
522,px95dqer,socxm37u,,16,1,4,8.4,1.0,0.875,-0.13,,,,,,,,,7.81
523,px95dqer,b53k1epx,,16,2,4,8.3,1.0,0.99,-0.01,,,,,,,,,8.08
524,px95dqer,socxm37u,,16,1,5,8.3,1.0,0.99,-0.01,,,,,,,,,7.81
525,px95dqer,b53k1epx,,16,2,5,8.4,1.0,0.99,-0.01,,,,,,,,,8.08
526,px95dqer,socxm37u,,16,1,6,8.1,1.0,0.99,-0.01,,,,,,,,,7.81
527,px95dqer,b53k1epx,,16,2,6,8.0,1.0,0.99,-0.01,,,,,,,,,8.08
528,px95dqer,socxm37u,,16,1,7,9.0,0.0,0.99,-0.02,,,,,,,,,7.81
529,px95dqer,b53k1epx,,16,2,7,8.5,0.0,0.875,-0.27,,,,,,,,,8.08
530,px95dqer,socxm37u,,16,1,8,8.5,1.0,0.75,-0.29,,,,,,,,,7.81
531,px95dqer,b53k1epx,,16,2,8,8.4,1.0,0.99,-0.01,,,,,,,,,8.08
532,px95dqer,socxm37u,,16,1,9,8.4,1.0,0.99,-0.01,,,,,,,,,7.81
533,px95dqer,b53k1epx,,16,2,9,8.3,1.0,0.99,-0.01,,,,,,,,,8.08
534,px95dqer,socxm37u,,16,1,10,8.3,1.0,0.99,-0.01,,,,,,,,,7.81
535,px95dqer,b53k1epx,,16,2,10,8.2,1.0,0.99,-0.01,,,,,,,,,8.08
536,px95dqer,socxm37u,,16,1,11,8.1,1.0,0.99,-0.01,,,,,,,,,7.81
537,px95dqer,b53k1epx,,16,2,11,8.2,1.0,0.99,-0.01,,,,,,,,,8.08
538,px95dqer,socxm37u,,16,1,12,8.3,1.0,0.99,-0.01,,,,,,,,,7.81
539,px95dqer,b53k1epx,,16,2,12,8.2,1.0,0.99,-0.01,,,,,,,,,8.08
540,px95dqer,socxm37u,,16,1,13,8.2,1.0,0.99,-0.01,,,,,,,,,7.81
541,px95dqer,b53k1epx,,16,2,13,8.3,1.0,0.99,-0.01,,,,,,,,,8.08
542,px95dqer,socxm37u,,16,1,14,8.1,1.0,0.99,-0.01,,,,,,,,,7.81
543,px95dqer,b53k1epx,,16,2,14,8.0,1.0,0.99,-0.01,,,,,,,,,8.08
544,px95dqer,socxm37u,,16,1,15,8.1,1.0,0.99,-0.01,,,,,,,,,7.81
545,px95dqer,b53k1epx,,16,2,15,8.2,1.0,0.99,-0.01,,,,,,,,,8.08
546,px95dqer,socxm37u,,16,1,16,8.4,1.0,0.99,-9.21,,,,,,,,,7.81
547,px95dqer,b53k1epx,,16,2,16,8.5,0.0,0.75,-2.77,,,,,,,,,8.08
548,px95dqer,socxm37u,,16,1,17,8.4,1.0,0.875,-4.16,,,,,,,,,7.81
549,px95dqer,b53k1epx,,16,2,17,8.5,0.0,0.75,-2.77,,,,,,,,,8.08
550,px95dqer,socxm37u,,16,1,18,8.2,1.0,0.99,-0.01,,,,,,,,,7.81
551,px95dqer,b53k1epx,,16,2,18,8.1,1.0,0.99,-0.01,,,,,,,,,8.08
552,px95dqer,socxm37u,,16,1,19,8.2,1.0,0.99,-0.01,,,,,,,,,7.81
553,px95dqer,b53k1epx,,16,2,19,8.3,1.0,0.99,-0.01,,,,,,,,,8.08
554,px95dqer,socxm37u,,16,1,20,9.0,0.0,0.75,-2.77,,,,,,,,,7.81
555,px95dqer,b53k1epx,,16,2,20,8.5,1.0,0.75,-2.77,,,,,,,,,8.08
556,px95dqer,socxm37u,,16,1,21,8.3,1.0,0.99,-0.01,,,,,,,,,7.81
557,px95dqer,b53k1epx,,16,2,21,8.2,1.0,0.99,-0.01,,,,,,,,,8.08
558,px95dqer,socxm37u,,16,1,22,8.5,1.0,0.75,-2.77,,,,,,,,,7.81
559,px95dqer,b53k1epx,,16,2,22,9.0,0.0,0.625,-1.96,,,,,,,,,8.08
560,px95dqer,socxm37u,,16,1,23,8.2,1.0,0.99,-0.01,,,,,,,,,7.81
561,px95dqer,b53k1epx,,16,2,23,8.3,1.0,0.99,-0.01,,,,,,,,,8.08
562,px95dqer,socxm37u,,16,1,24,8.4,1.0,0.875,-0.13,,,,,,,,,7.81
563,px95dqer,b53k1epx,,16,2,24,8.5,1.0,0.5,-0.69,,,,,,,,,8.08
564,px95dqer,socxm37u,,16,1,25,8.2,1.0,0.99,-0.01,,,,,,,,,7.81
565,px95dqer,b53k1epx,,16,2,25,8.1,1.0,0.99,-0.01,,,,,,,,,8.08
566,px95dqer,socxm37u,,16,1,26,8.1,1.0,0.99,-0.01,,,,,,,,,7.81
567,px95dqer,b53k1epx,,16,2,26,8.0,1.0,0.99,-0.01,,,,,,,,,8.08
568,px95dqer,socxm37u,,16,1,27,8.2,1.0,0.99,-0.01,,,,,,,,,7.81
569,px95dqer,b53k1epx,,16,2,27,8.3,1.0,0.99,-0.01,,,,,,,,,8.08
570,px95dqer,socxm37u,,16,1,28,8.4,1.0,0.75,-0.29,,,,,,,,,7.81
571,px95dqer,b53k1epx,,16,2,28,8.5,1.0,0.5,-0.69,,,,,,,,,8.08
572,px95dqer,socxm37u,,16,1,29,8.1,1.0,0.99,-0.01,,,,,,,,,7.81
573,px95dqer,b53k1epx,,16,2,29,8.2,1.0,0.99,-0.01,,,,,,,,,8.08
574,px95dqer,socxm37u,,16,1,30,8.2,1.0,0.99,-0.01,Always canteen at 8:40 or below. Learn the pattern of your colleague and trust same actions,8.5,No,Perhaps from experience,,1.0,,1.0,7.81
575,px95dqer,b53k1epx,,16,2,30,8.1,1.0,0.99,-0.01,Don't really know..    I should have follow more my teammate,8.5,Yes,Yes,,,1.0,1.0,8.08
576,px95dqer,jwzifpcw,,17,1,1,9.0,0.0,0.75,-0.58,,,,,,,,,19.11
577,px95dqer,bufvlp2i,,17,2,1,9.1,0.0,0.99,-0.02,,,,,,,,,23.14
578,px95dqer,jwzifpcw,,17,1,2,9.0,0.0,0.875,-0.27,,,,,,,,,19.11
579,px95dqer,bufvlp2i,,17,2,2,9.1,0.0,0.99,-0.02,,,,,,,,,23.14
580,px95dqer,jwzifpcw,,17,1,3,8.5,0.0,0.625,-0.94,,,,,,,,,19.11
581,px95dqer,bufvlp2i,,17,2,3,9.0,0.0,0.99,-0.02,,,,,,,,,23.14
582,px95dqer,jwzifpcw,,17,1,4,8.4,1.0,0.99,-0.01,,,,,,,,,19.11
583,px95dqer,bufvlp2i,,17,2,4,8.3,1.0,0.99,-0.01,,,,,,,,,23.14
584,px95dqer,jwzifpcw,,17,1,5,8.3,1.0,0.99,-0.01,,,,,,,,,19.11
585,px95dqer,bufvlp2i,,17,2,5,8.2,1.0,0.99,-0.01,,,,,,,,,23.14
586,px95dqer,jwzifpcw,,17,1,6,9.0,0.0,0.75,-0.58,,,,,,,,,19.11
587,px95dqer,bufvlp2i,,17,2,6,8.5,0.0,0.75,-0.58,,,,,,,,,23.14
588,px95dqer,jwzifpcw,,17,1,7,8.2,1.0,0.99,-0.01,,,,,,,,,19.11
589,px95dqer,bufvlp2i,,17,2,7,8.3,1.0,0.99,-0.01,,,,,,,,,23.14
590,px95dqer,jwzifpcw,,17,1,8,8.1,1.0,0.99,-0.01,,,,,,,,,19.11
591,px95dqer,bufvlp2i,,17,2,8,8.2,1.0,0.99,-0.01,,,,,,,,,23.14
592,px95dqer,jwzifpcw,,17,1,9,8.5,0.0,0.75,-0.58,,,,,,,,,19.11
593,px95dqer,bufvlp2i,,17,2,9,9.0,0.0,0.99,-0.02,,,,,,,,,23.14
594,px95dqer,jwzifpcw,,17,1,10,9.0,0.0,0.875,-0.27,,,,,,,,,19.11
595,px95dqer,bufvlp2i,,17,2,10,9.1,0.0,0.99,-0.02,,,,,,,,,23.14
596,px95dqer,jwzifpcw,,17,1,11,8.5,0.0,0.75,-2.77,,,,,,,,,19.11
597,px95dqer,bufvlp2i,,17,2,11,8.4,1.0,0.75,-2.77,,,,,,,,,23.14
598,px95dqer,jwzifpcw,,17,1,12,8.2,1.0,0.99,-0.01,,,,,,,,,19.11
599,px95dqer,bufvlp2i,,17,2,12,8.1,1.0,0.99,-0.01,,,,,,,,,23.14
600,px95dqer,jwzifpcw,,17,1,13,8.5,0.0,0.625,-0.94,,,,,,,,,19.11
601,px95dqer,bufvlp2i,,17,2,13,9.0,0.0,0.99,-0.02,,,,,,,,,23.14
602,px95dqer,jwzifpcw,,17,1,14,8.4,1.0,0.625,-0.47,,,,,,,,,19.11
603,px95dqer,bufvlp2i,,17,2,14,8.3,1.0,0.99,-0.01,,,,,,,,,23.14
604,px95dqer,jwzifpcw,,17,1,15,8.3,1.0,0.99,-0.01,,,,,,,,,19.11
605,px95dqer,bufvlp2i,,17,2,15,8.2,1.0,0.99,-0.01,,,,,,,,,23.14
606,px95dqer,jwzifpcw,,17,1,16,8.2,1.0,0.99,-0.01,,,,,,,,,19.11
607,px95dqer,bufvlp2i,,17,2,16,8.3,1.0,0.99,-0.01,,,,,,,,,23.14
608,px95dqer,jwzifpcw,,17,1,17,9.0,0.0,0.875,-0.27,,,,,,,,,19.11
609,px95dqer,bufvlp2i,,17,2,17,9.1,0.0,0.99,-0.02,,,,,,,,,23.14
610,px95dqer,jwzifpcw,,17,1,18,8.1,1.0,0.99,-0.01,,,,,,,,,19.11
611,px95dqer,bufvlp2i,,17,2,18,8.2,1.0,0.99,-0.01,,,,,,,,,23.14
612,px95dqer,jwzifpcw,,17,1,19,8.2,1.0,0.99,-0.01,,,,,,,,,19.11
613,px95dqer,bufvlp2i,,17,2,19,8.3,1.0,0.99,-0.01,,,,,,,,,23.14
614,px95dqer,jwzifpcw,,17,1,20,8.1,1.0,0.99,-0.01,,,,,,,,,19.11
615,px95dqer,bufvlp2i,,17,2,20,8.0,1.0,0.99,-0.01,,,,,,,,,23.14
616,px95dqer,jwzifpcw,,17,1,21,8.1,1.0,0.99,-0.01,,,,,,,,,19.11
617,px95dqer,bufvlp2i,,17,2,21,8.0,1.0,0.99,-0.01,,,,,,,,,23.14
618,px95dqer,jwzifpcw,,17,1,22,8.1,1.0,0.99,-0.01,,,,,,,,,19.11
619,px95dqer,bufvlp2i,,17,2,22,8.2,1.0,0.99,-0.01,,,,,,,,,23.14
620,px95dqer,jwzifpcw,,17,1,23,9.0,0.0,0.875,-0.27,,,,,,,,,19.11
621,px95dqer,bufvlp2i,,17,2,23,8.5,0.0,0.625,-0.94,,,,,,,,,23.14
622,px95dqer,jwzifpcw,,17,1,24,8.2,1.0,0.99,-0.01,,,,,,,,,19.11
623,px95dqer,bufvlp2i,,17,2,24,8.1,1.0,0.99,-0.01,,,,,,,,,23.14
624,px95dqer,jwzifpcw,,17,1,25,8.3,1.0,0.99,-0.01,,,,,,,,,19.11
625,px95dqer,bufvlp2i,,17,2,25,8.2,1.0,0.99,-0.01,,,,,,,,,23.14
626,px95dqer,jwzifpcw,,17,1,26,8.1,1.0,0.99,-0.01,,,,,,,,,19.11
627,px95dqer,bufvlp2i,,17,2,26,8.2,1.0,0.99,-0.01,,,,,,,,,23.14
628,px95dqer,jwzifpcw,,17,1,27,8.3,1.0,0.99,-0.01,,,,,,,,,19.11
629,px95dqer,bufvlp2i,,17,2,27,8.2,1.0,0.99,-0.01,,,,,,,,,23.14
630,px95dqer,jwzifpcw,,17,1,28,8.3,1.0,0.99,-0.01,,,,,,,,,19.11
631,px95dqer,bufvlp2i,,17,2,28,8.4,1.0,0.75,-0.29,,,,,,,,,23.14
632,px95dqer,jwzifpcw,,17,1,29,8.5,0.0,0.75,-2.77,,,,,,,,,19.11
633,px95dqer,bufvlp2i,,17,2,29,8.4,1.0,0.625,-1.96,,,,,,,,,23.14
634,px95dqer,jwzifpcw,,17,1,30,8.1,1.0,0.99,-0.01,"If the time was 8:50 or 9:00 i would expected my partner to go to the office. Sometimes when i got 8:40 my partner would go to the office if he had 8:50, but other than that it went fine",8.2,"Yes, cause it seemed that my partner always went to the canteen with times up to 8:40. So i could nearly guarantee that we would go to the canteen if i had 8:30",No. 8:30 and before i always canteen,,0.0,,1.0,19.11
635,px95dqer,bufvlp2i,,17,2,30,8.0,1.0,0.99,-0.01,Always go to canteen I want to see my buddy,8.4,Yes,Yes,,,0.0,1.0,23.14
636,px95dqer,b31iji7v,,18,1,1,8.3,1.0,0.75,-0.29,,,,,,,,,13.14
637,px95dqer,vb2fenof,,18,2,1,8.4,1.0,0.875,-0.13,,,,,,,,,10.51
638,px95dqer,b31iji7v,,18,1,2,9.0,0.0,0.99,-0.02,,,,,,,,,13.14
639,px95dqer,vb2fenof,,18,2,2,9.1,0.0,0.99,-0.02,,,,,,,,,10.51
640,px95dqer,b31iji7v,,18,1,3,8.5,0.0,0.875,-4.16,,,,,,,,,13.14
641,px95dqer,vb2fenof,,18,2,3,8.4,1.0,0.99,-9.21,,,,,,,,,10.51
642,px95dqer,b31iji7v,,18,1,4,8.1,1.0,0.99,-0.01,,,,,,,,,13.14
643,px95dqer,vb2fenof,,18,2,4,8.0,1.0,0.99,-0.01,,,,,,,,,10.51
644,px95dqer,b31iji7v,,18,1,5,8.2,1.0,0.99,-0.01,,,,,,,,,13.14
645,px95dqer,vb2fenof,,18,2,5,8.3,1.0,0.875,-0.13,,,,,,,,,10.51
646,px95dqer,b31iji7v,,18,1,6,8.2,1.0,0.99,-0.01,,,,,,,,,13.14
647,px95dqer,vb2fenof,,18,2,6,8.3,1.0,0.99,-0.01,,,,,,,,,10.51
648,px95dqer,b31iji7v,,18,1,7,8.2,1.0,0.99,-0.01,,,,,,,,,13.14
649,px95dqer,vb2fenof,,18,2,7,8.3,1.0,0.99,-0.01,,,,,,,,,10.51
650,px95dqer,b31iji7v,,18,1,8,8.2,1.0,0.99,-0.01,,,,,,,,,13.14
651,px95dqer,vb2fenof,,18,2,8,8.1,1.0,0.99,-0.01,,,,,,,,,10.51
652,px95dqer,b31iji7v,,18,1,9,8.2,1.0,0.99,-0.01,,,,,,,,,13.14
653,px95dqer,vb2fenof,,18,2,9,8.3,1.0,0.99,-0.01,,,,,,,,,10.51
654,px95dqer,b31iji7v,,18,1,10,8.2,1.0,0.99,-0.01,,,,,,,,,13.14
655,px95dqer,vb2fenof,,18,2,10,8.3,1.0,0.99,-0.01,,,,,,,,,10.51
656,px95dqer,b31iji7v,,18,1,11,9.0,0.0,0.99,-9.21,,,,,,,,,13.14
657,px95dqer,vb2fenof,,18,2,11,8.5,1.0,0.75,-2.77,,,,,,,,,10.51
658,px95dqer,b31iji7v,,18,1,12,8.5,0.0,0.75,-0.58,,,,,,,,,13.14
659,px95dqer,vb2fenof,,18,2,12,9.0,0.0,0.75,-0.58,,,,,,,,,10.51
660,px95dqer,b31iji7v,,18,1,13,8.1,1.0,0.99,-0.01,,,,,,,,,13.14
661,px95dqer,vb2fenof,,18,2,13,8.2,1.0,0.99,-0.01,,,,,,,,,10.51
662,px95dqer,b31iji7v,,18,1,14,8.5,1.0,0.75,-0.29,,,,,,,,,13.14
663,px95dqer,vb2fenof,,18,2,14,8.4,1.0,0.75,-0.29,,,,,,,,,10.51
664,px95dqer,b31iji7v,,18,1,15,8.1,1.0,0.99,-0.01,,,,,,,,,13.14
665,px95dqer,vb2fenof,,18,2,15,8.2,1.0,0.99,-0.01,,,,,,,,,10.51
666,px95dqer,b31iji7v,,18,1,16,8.3,1.0,0.99,-0.01,,,,,,,,,13.14
667,px95dqer,vb2fenof,,18,2,16,8.4,1.0,0.875,-0.13,,,,,,,,,10.51
668,px95dqer,b31iji7v,,18,1,17,8.4,1.0,0.99,-0.01,,,,,,,,,13.14
669,px95dqer,vb2fenof,,18,2,17,8.3,1.0,0.99,-0.01,,,,,,,,,10.51
670,px95dqer,b31iji7v,,18,1,18,8.3,1.0,0.99,-0.01,,,,,,,,,13.14
671,px95dqer,vb2fenof,,18,2,18,8.4,1.0,0.75,-0.29,,,,,,,,,10.51
672,px95dqer,b31iji7v,,18,1,19,9.0,1.0,0.5,-1.39,,,,,,,,,13.14
673,px95dqer,vb2fenof,,18,2,19,8.5,1.0,0.75,-2.77,,,,,,,,,10.51
674,px95dqer,b31iji7v,,18,1,20,8.3,1.0,0.99,-0.01,,,,,,,,,13.14
675,px95dqer,vb2fenof,,18,2,20,8.4,1.0,0.75,-0.29,,,,,,,,,10.51
676,px95dqer,b31iji7v,,18,1,21,8.1,1.0,0.99,-0.01,,,,,,,,,13.14
677,px95dqer,vb2fenof,,18,2,21,8.2,1.0,0.99,-0.01,,,,,,,,,10.51
678,px95dqer,b31iji7v,,18,1,22,8.4,1.0,0.99,-0.01,,,,,,,,,13.14
679,px95dqer,vb2fenof,,18,2,22,8.5,1.0,0.625,-0.47,,,,,,,,,10.51
680,px95dqer,b31iji7v,,18,1,23,8.1,1.0,0.99,-0.01,,,,,,,,,13.14
681,px95dqer,vb2fenof,,18,2,23,8.2,1.0,0.99,-0.01,,,,,,,,,10.51
682,px95dqer,b31iji7v,,18,1,24,8.4,1.0,0.99,-0.01,,,,,,,,,13.14
683,px95dqer,vb2fenof,,18,2,24,8.3,1.0,0.99,-0.01,,,,,,,,,10.51
684,px95dqer,b31iji7v,,18,1,25,8.3,1.0,0.99,-0.01,,,,,,,,,13.14
685,px95dqer,vb2fenof,,18,2,25,8.4,1.0,0.75,-0.29,,,,,,,,,10.51
686,px95dqer,b31iji7v,,18,1,26,8.3,1.0,0.99,-0.01,,,,,,,,,13.14
687,px95dqer,vb2fenof,,18,2,26,8.2,1.0,0.99,-0.01,,,,,,,,,10.51
688,px95dqer,b31iji7v,,18,1,27,8.4,1.0,0.99,-0.01,,,,,,,,,13.14
689,px95dqer,vb2fenof,,18,2,27,8.5,1.0,0.625,-0.47,,,,,,,,,10.51
690,px95dqer,b31iji7v,,18,1,28,8.3,1.0,0.99,-0.01,,,,,,,,,13.14
691,px95dqer,vb2fenof,,18,2,28,8.4,1.0,0.75,-0.29,,,,,,,,,10.51
692,px95dqer,b31iji7v,,18,1,29,8.5,1.0,0.5,-0.69,,,,,,,,,13.14
693,px95dqer,vb2fenof,,18,2,29,8.4,1.0,0.75,-0.29,,,,,,,,,10.51
694,px95dqer,b31iji7v,,18,1,30,9.0,0.0,0.99,-0.02,He loves coffee,9.0,:),,,,,,13.14
695,px95dqer,vb2fenof,,18,2,30,8.5,0.0,0.625,-0.94,I just went to the canteen with much certainty unless I arrived at 8.40 or 8.50. Then I was mostly somewhat certain and only a few times did I go to the office before 9 am.,8.4,"Sometimes I went at 8.50, in hopes that my colleague went to the canteen at 8.40.","Not really. Maybe once, just to do it.",,0.0,,1.0,10.51
696,px95dqer,g4t3i56c,,19,1,1,9.0,0.0,0.99,-9.21,,,,,,,,,1.32
697,px95dqer,7uvkoyyl,,19,2,1,8.5,1.0,0.75,-2.77,,,,,,,,,12.01
698,px95dqer,g4t3i56c,,19,1,2,8.4,1.0,0.875,-0.13,,,,,,,,,1.32
699,px95dqer,7uvkoyyl,,19,2,2,8.3,1.0,0.99,-0.01,,,,,,,,,12.01
700,px95dqer,g4t3i56c,,19,1,3,8.5,1.0,0.75,-2.77,,,,,,,,,1.32
701,px95dqer,7uvkoyyl,,19,2,3,9.0,0.0,0.75,-2.77,,,,,,,,,12.01
702,px95dqer,g4t3i56c,,19,1,4,8.2,1.0,0.99,-0.01,,,,,,,,,1.32
703,px95dqer,7uvkoyyl,,19,2,4,8.1,1.0,0.99,-0.01,,,,,,,,,12.01
704,px95dqer,g4t3i56c,,19,1,5,8.4,1.0,0.875,-0.13,,,,,,,,,1.32
705,px95dqer,7uvkoyyl,,19,2,5,8.3,1.0,0.99,-0.01,,,,,,,,,12.01
706,px95dqer,g4t3i56c,,19,1,6,9.0,0.0,0.875,-4.16,,,,,,,,,1.32
707,px95dqer,7uvkoyyl,,19,2,6,8.5,1.0,0.75,-2.77,,,,,,,,,12.01
708,px95dqer,g4t3i56c,,19,1,7,8.1,1.0,0.99,-0.01,,,,,,,,,1.32
709,px95dqer,7uvkoyyl,,19,2,7,8.2,1.0,0.99,-0.01,,,,,,,,,12.01
710,px95dqer,g4t3i56c,,19,1,8,9.0,0.0,0.875,-4.16,,,,,,,,,1.32
711,px95dqer,7uvkoyyl,,19,2,8,8.5,1.0,0.75,-2.77,,,,,,,,,12.01
712,px95dqer,g4t3i56c,,19,1,9,8.4,1.0,0.99,-0.01,,,,,,,,,1.32
713,px95dqer,7uvkoyyl,,19,2,9,8.5,1.0,0.75,-0.29,,,,,,,,,12.01
714,px95dqer,g4t3i56c,,19,1,10,8.2,1.0,0.99,-0.01,,,,,,,,,1.32
715,px95dqer,7uvkoyyl,,19,2,10,8.3,1.0,0.99,-0.01,,,,,,,,,12.01
716,px95dqer,g4t3i56c,,19,1,11,8.2,1.0,0.99,-0.01,,,,,,,,,1.32
717,px95dqer,7uvkoyyl,,19,2,11,8.3,1.0,0.99,-0.01,,,,,,,,,12.01
718,px95dqer,g4t3i56c,,19,1,12,8.4,1.0,0.99,-0.01,,,,,,,,,1.32
719,px95dqer,7uvkoyyl,,19,2,12,8.3,1.0,0.99,-0.01,,,,,,,,,12.01
720,px95dqer,g4t3i56c,,19,1,13,8.1,1.0,0.99,-0.01,,,,,,,,,1.32
721,px95dqer,7uvkoyyl,,19,2,13,8.0,1.0,0.99,-0.01,,,,,,,,,12.01
722,px95dqer,g4t3i56c,,19,1,14,8.4,1.0,0.99,-0.01,,,,,,,,,1.32
723,px95dqer,7uvkoyyl,,19,2,14,8.3,1.0,0.99,-0.01,,,,,,,,,12.01
724,px95dqer,g4t3i56c,,19,1,15,8.5,1.0,0.75,-2.77,,,,,,,,,1.32
725,px95dqer,7uvkoyyl,,19,2,15,9.0,0.0,0.75,-2.77,,,,,,,,,12.01
726,px95dqer,g4t3i56c,,19,1,16,8.3,1.0,0.99,-0.01,,,,,,,,,1.32
727,px95dqer,7uvkoyyl,,19,2,16,8.2,1.0,0.99,-0.01,,,,,,,,,12.01
728,px95dqer,g4t3i56c,,19,1,17,8.3,1.0,0.99,-0.01,,,,,,,,,1.32
729,px95dqer,7uvkoyyl,,19,2,17,8.2,1.0,0.99,-0.01,,,,,,,,,12.01
730,px95dqer,g4t3i56c,,19,1,18,8.3,1.0,0.99,-0.01,,,,,,,,,1.32
731,px95dqer,7uvkoyyl,,19,2,18,8.2,1.0,0.99,-0.01,,,,,,,,,12.01
732,px95dqer,g4t3i56c,,19,1,19,8.3,1.0,0.99,-0.01,,,,,,,,,1.32
733,px95dqer,7uvkoyyl,,19,2,19,8.2,1.0,0.99,-0.01,,,,,,,,,12.01
734,px95dqer,g4t3i56c,,19,1,20,8.4,1.0,0.99,-0.01,,,,,,,,,1.32
735,px95dqer,7uvkoyyl,,19,2,20,8.5,1.0,0.75,-0.29,,,,,,,,,12.01
736,px95dqer,g4t3i56c,,19,1,21,8.2,1.0,0.99,-0.01,,,,,,,,,1.32
737,px95dqer,7uvkoyyl,,19,2,21,8.1,1.0,0.99,-0.01,,,,,,,,,12.01
738,px95dqer,g4t3i56c,,19,1,22,8.4,1.0,0.99,-0.01,,,,,,,,,1.32
739,px95dqer,7uvkoyyl,,19,2,22,8.5,1.0,0.75,-0.29,,,,,,,,,12.01
740,px95dqer,g4t3i56c,,19,1,23,8.2,1.0,0.99,-0.01,,,,,,,,,1.32
741,px95dqer,7uvkoyyl,,19,2,23,8.3,1.0,0.99,-0.01,,,,,,,,,12.01
742,px95dqer,g4t3i56c,,19,1,24,8.5,1.0,0.875,-4.16,,,,,,,,,1.32
743,px95dqer,7uvkoyyl,,19,2,24,9.0,0.0,0.75,-2.77,,,,,,,,,12.01
744,px95dqer,g4t3i56c,,19,1,25,8.2,1.0,0.99,-0.01,,,,,,,,,1.32
745,px95dqer,7uvkoyyl,,19,2,25,8.3,1.0,0.99,-0.01,,,,,,,,,12.01
746,px95dqer,g4t3i56c,,19,1,26,8.5,1.0,0.875,-0.13,,,,,,,,,1.32
747,px95dqer,7uvkoyyl,,19,2,26,8.4,1.0,0.99,-0.01,,,,,,,,,12.01
748,px95dqer,g4t3i56c,,19,1,27,9.0,0.0,0.75,-0.58,,,,,,,,,1.32
749,px95dqer,7uvkoyyl,,19,2,27,9.1,0.0,0.99,-0.02,,,,,,,,,12.01
750,px95dqer,g4t3i56c,,19,1,28,8.5,1.0,0.75,-0.29,,,,,,,,,1.32
751,px95dqer,7uvkoyyl,,19,2,28,8.4,1.0,0.99,-0.01,,,,,,,,,12.01
752,px95dqer,g4t3i56c,,19,1,29,8.4,1.0,0.99,-0.01,,,,,,,,,1.32
753,px95dqer,7uvkoyyl,,19,2,29,8.5,1.0,0.75,-0.29,,,,,,,,,12.01
754,px95dqer,g4t3i56c,,19,1,30,8.3,1.0,0.99,-0.01,Canteen at 8:40 or before for sure,8.4,No,No,,,1.0,1.0,1.32
755,px95dqer,7uvkoyyl,,19,2,30,8.4,1.0,0.99,-0.01,"if <=8:40 : canteen, very certain  if >= 9:10 : office, very certain  if 8:50 : canteen, somewhat certain  if 9:00 : office, somewhat certain    Basically always go where I would go if playing alone, and hope that my partner does the same. If he does, these very certain never fails, and the somewhat certains fails 1/2 times.    The other could screw intentionally me by going to the office at 8:50 when I put Very certain on canteen, but there is no reason for him to do that, it's a loss of money that could have been avoided.",8.5,"No, there is no reason to go later than 8:50, and at 8:50 it's just a matter of getting lucky (1/2 chance that the partner arrived before me)","No, didn't pay attention to my partner's answers actually",,1.0,,1.0,12.01
756,px95dqer,5yxo9new,,20,1,1,8.2,1.0,0.99,-0.01,,,,,,,,,21.26
757,px95dqer,mpu1zlwy,,20,2,1,8.1,1.0,0.99,-0.01,,,,,,,,,21.63
758,px95dqer,5yxo9new,,20,1,2,8.4,1.0,0.99,-0.01,,,,,,,,,21.26
759,px95dqer,mpu1zlwy,,20,2,2,8.5,1.0,0.99,-0.01,,,,,,,,,21.63
760,px95dqer,5yxo9new,,20,1,3,8.3,1.0,0.99,-0.01,,,,,,,,,21.26
761,px95dqer,mpu1zlwy,,20,2,3,8.4,1.0,0.99,-0.01,,,,,,,,,21.63
762,px95dqer,5yxo9new,,20,1,4,8.1,1.0,0.99,-0.01,,,,,,,,,21.26
763,px95dqer,mpu1zlwy,,20,2,4,8.0,1.0,0.99,-0.01,,,,,,,,,21.63
764,px95dqer,5yxo9new,,20,1,5,8.1,1.0,0.99,-0.01,,,,,,,,,21.26
765,px95dqer,mpu1zlwy,,20,2,5,8.0,1.0,0.99,-0.01,,,,,,,,,21.63
766,px95dqer,5yxo9new,,20,1,6,8.3,1.0,0.99,-0.01,,,,,,,,,21.26
767,px95dqer,mpu1zlwy,,20,2,6,8.2,1.0,0.99,-0.01,,,,,,,,,21.63
768,px95dqer,5yxo9new,,20,1,7,8.2,1.0,0.99,-0.01,,,,,,,,,21.26
769,px95dqer,mpu1zlwy,,20,2,7,8.1,1.0,0.99,-0.01,,,,,,,,,21.63
770,px95dqer,5yxo9new,,20,1,8,9.0,0.0,0.75,-2.77,,,,,,,,,21.26
771,px95dqer,mpu1zlwy,,20,2,8,8.5,1.0,0.875,-4.16,,,,,,,,,21.63
772,px95dqer,5yxo9new,,20,1,9,9.0,0.0,0.75,-0.58,,,,,,,,,21.26
773,px95dqer,mpu1zlwy,,20,2,9,9.1,0.0,0.99,-0.02,,,,,,,,,21.63
774,px95dqer,5yxo9new,,20,1,10,8.1,1.0,0.99,-0.01,,,,,,,,,21.26
775,px95dqer,mpu1zlwy,,20,2,10,8.0,1.0,0.99,-0.01,,,,,,,,,21.63
776,px95dqer,5yxo9new,,20,1,11,8.5,1.0,0.75,-0.29,,,,,,,,,21.26
777,px95dqer,mpu1zlwy,,20,2,11,8.4,1.0,0.99,-0.01,,,,,,,,,21.63
778,px95dqer,5yxo9new,,20,1,12,8.3,1.0,0.99,-0.01,,,,,,,,,21.26
779,px95dqer,mpu1zlwy,,20,2,12,8.4,1.0,0.99,-0.01,,,,,,,,,21.63
780,px95dqer,5yxo9new,,20,1,13,9.0,0.0,0.75,-0.58,,,,,,,,,21.26
781,px95dqer,mpu1zlwy,,20,2,13,9.1,0.0,0.75,-0.58,,,,,,,,,21.63
782,px95dqer,5yxo9new,,20,1,14,8.4,1.0,0.99,-0.01,,,,,,,,,21.26
783,px95dqer,mpu1zlwy,,20,2,14,8.3,1.0,0.99,-0.01,,,,,,,,,21.63
784,px95dqer,5yxo9new,,20,1,15,8.3,1.0,0.99,-0.01,,,,,,,,,21.26
785,px95dqer,mpu1zlwy,,20,2,15,8.2,1.0,0.99,-0.01,,,,,,,,,21.63
786,px95dqer,5yxo9new,,20,1,16,8.3,1.0,0.99,-0.01,,,,,,,,,21.26
787,px95dqer,mpu1zlwy,,20,2,16,8.2,1.0,0.99,-0.01,,,,,,,,,21.63
788,px95dqer,5yxo9new,,20,1,17,8.1,1.0,0.99,-0.01,,,,,,,,,21.26
789,px95dqer,mpu1zlwy,,20,2,17,8.0,1.0,0.99,-0.01,,,,,,,,,21.63
790,px95dqer,5yxo9new,,20,1,18,8.4,1.0,0.99,-0.01,,,,,,,,,21.26
791,px95dqer,mpu1zlwy,,20,2,18,8.5,1.0,0.99,-0.01,,,,,,,,,21.63
792,px95dqer,5yxo9new,,20,1,19,8.2,1.0,0.99,-0.01,,,,,,,,,21.26
793,px95dqer,mpu1zlwy,,20,2,19,8.3,1.0,0.99,-0.01,,,,,,,,,21.63
794,px95dqer,5yxo9new,,20,1,20,8.2,1.0,0.99,-0.01,,,,,,,,,21.26
795,px95dqer,mpu1zlwy,,20,2,20,8.1,1.0,0.99,-0.01,,,,,,,,,21.63
796,px95dqer,5yxo9new,,20,1,21,9.0,0.0,0.75,-0.58,,,,,,,,,21.26
797,px95dqer,mpu1zlwy,,20,2,21,9.1,0.0,0.75,-0.58,,,,,,,,,21.63
798,px95dqer,5yxo9new,,20,1,22,8.5,1.0,0.75,-2.77,,,,,,,,,21.26
799,px95dqer,mpu1zlwy,,20,2,22,9.0,0.0,0.75,-2.77,,,,,,,,,21.63
800,px95dqer,5yxo9new,,20,1,23,8.2,1.0,0.99,-0.01,,,,,,,,,21.26
801,px95dqer,mpu1zlwy,,20,2,23,8.3,1.0,0.99,-0.01,,,,,,,,,21.63
802,px95dqer,5yxo9new,,20,1,24,8.1,1.0,0.99,-0.01,,,,,,,,,21.26
803,px95dqer,mpu1zlwy,,20,2,24,8.2,1.0,0.99,-0.01,,,,,,,,,21.63
804,px95dqer,5yxo9new,,20,1,25,8.4,1.0,0.99,-0.01,,,,,,,,,21.26
805,px95dqer,mpu1zlwy,,20,2,25,8.3,1.0,0.99,-0.01,,,,,,,,,21.63
806,px95dqer,5yxo9new,,20,1,26,8.1,1.0,0.99,-0.01,,,,,,,,,21.26
807,px95dqer,mpu1zlwy,,20,2,26,8.0,1.0,0.99,-0.01,,,,,,,,,21.63
808,px95dqer,5yxo9new,,20,1,27,9.0,0.0,0.625,-0.94,,,,,,,,,21.26
809,px95dqer,mpu1zlwy,,20,2,27,9.1,0.0,0.99,-0.02,,,,,,,,,21.63
810,px95dqer,5yxo9new,,20,1,28,8.1,1.0,0.99,-0.01,,,,,,,,,21.26
811,px95dqer,mpu1zlwy,,20,2,28,8.0,1.0,0.99,-0.01,,,,,,,,,21.63
812,px95dqer,5yxo9new,,20,1,29,8.2,1.0,0.99,-0.01,,,,,,,,,21.26
813,px95dqer,mpu1zlwy,,20,2,29,8.1,1.0,0.99,-0.01,,,,,,,,,21.63
814,px95dqer,5yxo9new,,20,1,30,8.3,1.0,0.99,-0.01,"If anything else that 8.50 and 9.00 very certain.   Only if it was those too i was ""sligtly certain""",8.0,"Yea, there were multiple safe times.","No, always same strategy.",,,1.0,1.0,21.26
815,px95dqer,mpu1zlwy,,20,2,30,8.4,1.0,0.99,-0.01,Being uncertain when the times is close to the time we have to go to the office,8.5,"Once, and being uncertain, just try both possibilities",Just test the opposite depends on the penalty I have got before,,,1.0,1.0,21.63
816,px95dqer,dcau976a,,21,1,1,9.0,0.0,0.875,-4.16,,,,,,,,,13.74
817,px95dqer,d9gjkz3u,,21,2,1,8.5,1.0,0.875,-4.16,,,,,,,,,0.0
818,px95dqer,dcau976a,,21,1,2,8.1,1.0,0.99,-0.01,,,,,,,,,13.74
819,px95dqer,d9gjkz3u,,21,2,2,8.2,1.0,0.99,-0.01,,,,,,,,,0.0
820,px95dqer,dcau976a,,21,1,3,9.0,0.0,0.625,-1.96,,,,,,,,,13.74
821,px95dqer,d9gjkz3u,,21,2,3,8.5,1.0,0.75,-2.77,,,,,,,,,0.0
822,px95dqer,dcau976a,,21,1,4,8.2,1.0,0.99,-0.01,,,,,,,,,13.74
823,px95dqer,d9gjkz3u,,21,2,4,8.1,1.0,0.99,-0.01,,,,,,,,,0.0
824,px95dqer,dcau976a,,21,1,5,8.2,1.0,0.99,-0.01,,,,,,,,,13.74
825,px95dqer,d9gjkz3u,,21,2,5,8.3,1.0,0.99,-0.01,,,,,,,,,0.0
826,px95dqer,dcau976a,,21,1,6,8.5,0.0,0.75,-2.77,,,,,,,,,13.74
827,px95dqer,d9gjkz3u,,21,2,6,8.4,1.0,0.99,-9.21,,,,,,,,,0.0
828,px95dqer,dcau976a,,21,1,7,8.5,0.0,0.625,-1.96,,,,,,,,,13.74
829,px95dqer,d9gjkz3u,,21,2,7,8.4,1.0,0.875,-4.16,,,,,,,,,0.0
830,px95dqer,dcau976a,,21,1,8,8.5,1.0,0.875,-0.13,,,,,,,,,13.74
831,px95dqer,d9gjkz3u,,21,2,8,8.4,1.0,0.75,-0.29,,,,,,,,,0.0
832,px95dqer,dcau976a,,21,1,9,8.5,1.0,0.875,-0.13,,,,,,,,,13.74
833,px95dqer,d9gjkz3u,,21,2,9,8.4,1.0,0.99,-0.01,,,,,,,,,0.0
834,px95dqer,dcau976a,,21,1,10,8.1,1.0,0.99,-0.01,,,,,,,,,13.74
835,px95dqer,d9gjkz3u,,21,2,10,8.0,1.0,0.99,-0.01,,,,,,,,,0.0
836,px95dqer,dcau976a,,21,1,11,8.1,1.0,0.99,-0.01,,,,,,,,,13.74
837,px95dqer,d9gjkz3u,,21,2,11,8.0,1.0,0.99,-0.01,,,,,,,,,0.0
838,px95dqer,dcau976a,,21,1,12,8.3,1.0,0.99,-0.01,,,,,,,,,13.74
839,px95dqer,d9gjkz3u,,21,2,12,8.2,1.0,0.99,-0.01,,,,,,,,,0.0
840,px95dqer,dcau976a,,21,1,13,8.1,1.0,0.99,-0.01,,,,,,,,,13.74
841,px95dqer,d9gjkz3u,,21,2,13,8.2,1.0,0.99,-0.01,,,,,,,,,0.0
842,px95dqer,dcau976a,,21,1,14,8.2,1.0,0.99,-0.01,,,,,,,,,13.74
843,px95dqer,d9gjkz3u,,21,2,14,8.1,1.0,0.99,-0.01,,,,,,,,,0.0
844,px95dqer,dcau976a,,21,1,15,8.2,1.0,0.99,-0.01,,,,,,,,,13.74
845,px95dqer,d9gjkz3u,,21,2,15,8.3,1.0,0.875,-0.13,,,,,,,,,0.0
846,px95dqer,dcau976a,,21,1,16,8.3,1.0,0.99,-0.01,,,,,,,,,13.74
847,px95dqer,d9gjkz3u,,21,2,16,8.2,1.0,0.99,-0.01,,,,,,,,,0.0
848,px95dqer,dcau976a,,21,1,17,8.5,1.0,0.75,-2.77,,,,,,,,,13.74
849,px95dqer,d9gjkz3u,,21,2,17,8.4,0.0,0.75,-2.77,,,,,,,,,0.0
850,px95dqer,dcau976a,,21,1,18,8.2,1.0,0.99,-0.01,,,,,,,,,13.74
851,px95dqer,d9gjkz3u,,21,2,18,8.3,1.0,0.99,-0.01,,,,,,,,,0.0
852,px95dqer,dcau976a,,21,1,19,8.2,1.0,0.99,-0.01,,,,,,,,,13.74
853,px95dqer,d9gjkz3u,,21,2,19,8.3,1.0,0.99,-0.01,,,,,,,,,0.0
854,px95dqer,dcau976a,,21,1,20,8.1,1.0,0.99,-0.01,,,,,,,,,13.74
855,px95dqer,d9gjkz3u,,21,2,20,8.0,1.0,0.99,-0.01,,,,,,,,,0.0
856,px95dqer,dcau976a,,21,1,21,8.3,1.0,0.75,-0.29,,,,,,,,,13.74
857,px95dqer,d9gjkz3u,,21,2,21,8.2,1.0,0.99,-0.01,,,,,,,,,0.0
858,px95dqer,dcau976a,,21,1,22,8.5,0.0,0.625,-1.96,"Everything less than 8:40 go to the canteen.  8:40 consider both, but ended up being canteen most of the times",8.3,"Yes, because it seemed more rare to meet at 9 or later","Yes, same as before",3.0,1.0,,1.0,13.74
859,px95dqer,d9gjkz3u,,21,2,22,8.4,1.0,0.99,-9.21,Always go to the canteen if it was before 9:00,8.4,"Yes, I like to risk it to see my college","Yes, because it might be more likely to happen again",2.0,,0.0,3.0,0.0
860,px95dqer,euo571of,,22,1,1,8.5,1.0,0.99,-9.21,,,,,,,,,3.96
861,px95dqer,s78dqnvv,,22,2,1,9.0,0.0,0.875,-4.16,,,,,,,,,0.0
862,px95dqer,euo571of,,22,1,2,8.2,1.0,0.99,-0.01,,,,,,,,,3.96
863,px95dqer,s78dqnvv,,22,2,2,8.3,1.0,0.99,-0.01,,,,,,,,,0.0
864,px95dqer,euo571of,,22,1,3,8.4,1.0,0.875,-0.13,,,,,,,,,3.96
865,px95dqer,s78dqnvv,,22,2,3,8.5,1.0,0.75,-0.29,,,,,,,,,0.0
866,px95dqer,euo571of,,22,1,4,9.0,0.0,0.625,-1.96,,,,,,,,,3.96
867,px95dqer,s78dqnvv,,22,2,4,8.5,1.0,0.875,-4.16,,,,,,,,,0.0
868,px95dqer,euo571of,,22,1,5,8.2,1.0,0.99,-0.01,,,,,,,,,3.96
869,px95dqer,s78dqnvv,,22,2,5,8.3,1.0,0.99,-0.01,,,,,,,,,0.0
870,px95dqer,euo571of,,22,1,6,8.5,1.0,0.875,-0.13,,,,,,,,,3.96
871,px95dqer,s78dqnvv,,22,2,6,8.4,1.0,0.99,-0.01,,,,,,,,,0.0
872,px95dqer,euo571of,,22,1,7,9.0,0.0,0.75,-0.58,,,,,,,,,3.96
873,px95dqer,s78dqnvv,,22,2,7,9.1,0.0,0.99,-0.02,,,,,,,,,0.0
874,px95dqer,euo571of,,22,1,8,8.1,1.0,0.99,-0.01,,,,,,,,,3.96
875,px95dqer,s78dqnvv,,22,2,8,8.2,1.0,0.99,-0.01,,,,,,,,,0.0
876,px95dqer,euo571of,,22,1,9,8.2,1.0,0.99,-0.01,,,,,,,,,3.96
877,px95dqer,s78dqnvv,,22,2,9,8.1,1.0,0.99,-0.01,,,,,,,,,0.0
878,px95dqer,euo571of,,22,1,10,8.2,1.0,0.99,-0.01,,,,,,,,,3.96
879,px95dqer,s78dqnvv,,22,2,10,8.1,1.0,0.99,-0.01,,,,,,,,,0.0
880,px95dqer,euo571of,,22,1,11,8.1,1.0,0.99,-0.01,,,,,,,,,3.96
881,px95dqer,s78dqnvv,,22,2,11,8.0,1.0,0.99,-0.01,,,,,,,,,0.0
882,px95dqer,euo571of,,22,1,12,9.0,0.0,0.75,-2.77,,,,,,,,,3.96
883,px95dqer,s78dqnvv,,22,2,12,8.5,1.0,0.875,-4.16,,,,,,,,,0.0
884,px95dqer,euo571of,,22,1,13,8.2,1.0,0.99,-0.01,,,,,,,,,3.96
885,px95dqer,s78dqnvv,,22,2,13,8.1,1.0,0.99,-0.01,,,,,,,,,0.0
886,px95dqer,euo571of,,22,1,14,9.0,0.0,0.75,-0.58,,,,,,,,,3.96
887,px95dqer,s78dqnvv,,22,2,14,9.1,0.0,0.99,-0.02,,,,,,,,,0.0
888,px95dqer,euo571of,,22,1,15,8.5,1.0,0.99,-9.21,,,,,,,,,3.96
889,px95dqer,s78dqnvv,,22,2,15,9.0,0.0,0.99,-9.21,,,,,,,,,0.0
890,px95dqer,euo571of,,22,1,16,8.1,1.0,0.99,-0.01,,,,,,,,,3.96
891,px95dqer,s78dqnvv,,22,2,16,8.0,1.0,0.99,-0.01,,,,,,,,,0.0
892,px95dqer,euo571of,,22,1,17,9.0,1.0,0.5,-1.39,"At or before 0850, very certain at canteen. 0900 maybe at office.",8.5,No,NO,3.0,,1.0,1.0,3.96
893,px95dqer,s78dqnvv,,22,2,17,9.1,0.0,0.99,-9.21,go to canteen with very certain before 8:40  go to office after 8:50,8.5,"yes, im trying to get my collegue's strategy",sometimes after seeing my collegue has different idea with me,3.0,1.0,,1.0,0.0
894,px95dqer,yd0llx75,,23,1,1,9.0,1.0,0.75,-2.77,,,,,,,,,0.0
895,px95dqer,d80v1d76,,23,2,1,9.1,0.0,0.99,-9.21,,,,,,,,,2.82
896,px95dqer,yd0llx75,,23,1,2,8.4,1.0,0.875,-0.13,,,,,,,,,0.0
897,px95dqer,d80v1d76,,23,2,2,8.5,1.0,0.875,-0.13,,,,,,,,,2.82
898,px95dqer,yd0llx75,,23,1,3,8.4,1.0,0.99,-0.01,,,,,,,,,0.0
899,px95dqer,d80v1d76,,23,2,3,8.5,1.0,0.875,-0.13,,,,,,,,,2.82
900,px95dqer,yd0llx75,,23,1,4,8.5,1.0,0.99,-9.21,,,,,,,,,0.0
901,px95dqer,d80v1d76,,23,2,4,9.0,0.0,0.875,-4.16,,,,,,,,,2.82
902,px95dqer,yd0llx75,,23,1,5,8.1,1.0,0.99,-0.01,,,,,,,,,0.0
903,px95dqer,d80v1d76,,23,2,5,8.2,1.0,0.99,-0.01,,,,,,,,,2.82
904,px95dqer,yd0llx75,,23,1,6,8.4,1.0,0.875,-0.13,,,,,,,,,0.0
905,px95dqer,d80v1d76,,23,2,6,8.5,1.0,0.875,-0.13,,,,,,,,,2.82
906,px95dqer,yd0llx75,,23,1,7,8.1,1.0,0.99,-0.01,,,,,,,,,0.0
907,px95dqer,d80v1d76,,23,2,7,8.0,1.0,0.99,-0.01,,,,,,,,,2.82
908,px95dqer,yd0llx75,,23,1,8,8.2,1.0,0.99,-0.01,,,,,,,,,0.0
909,px95dqer,d80v1d76,,23,2,8,8.3,1.0,0.99,-0.01,,,,,,,,,2.82
910,px95dqer,yd0llx75,,23,1,9,8.3,1.0,0.99,-0.01,,,,,,,,,0.0
911,px95dqer,d80v1d76,,23,2,9,8.2,1.0,0.99,-0.01,,,,,,,,,2.82
912,px95dqer,yd0llx75,,23,1,10,8.2,1.0,0.99,-0.01,,,,,,,,,0.0
913,px95dqer,d80v1d76,,23,2,10,8.1,1.0,0.99,-0.01,,,,,,,,,2.82
914,px95dqer,yd0llx75,,23,1,11,8.5,1.0,0.99,-9.21,,,,,,,,,0.0
915,px95dqer,d80v1d76,,23,2,11,9.0,0.0,0.99,-9.21,,,,,,,,,2.82
916,px95dqer,yd0llx75,,23,1,12,9.0,0.0,0.99,-9.21,Canteen,8.4,I didnt understand,.,1.0,0.0,,1.0,0.0
917,px95dqer,d80v1d76,,23,2,12,8.5,1.0,0.875,-4.16,Go to canteen if it's before 8:50 AM   If 8:50 AM one should consider the posibility that the colleague is arriving 10 minutes after and therefore can't make it to the canteen.,8.4,"Yes I went at 9:00 AM.  I could see from my colleagues behaviour that he would go to the canteen, even if he arrived at 8:50AM and I arrived at 9:00 AM",Yes to avoid getting a penalty,2.0,,1.0,1.0,2.82
918,px95dqer,m34i6dkf,,24,1,1,8.4,1.0,0.99,-0.01,,,,,,,,,17.14
919,px95dqer,6om6iwep,,24,2,1,8.5,1.0,0.99,-0.01,,,,,,,,,0.0
920,px95dqer,m34i6dkf,,24,1,2,8.4,1.0,0.99,-0.01,,,,,,,,,17.14
921,px95dqer,6om6iwep,,24,2,2,8.3,1.0,0.75,-0.29,,,,,,,,,0.0
922,px95dqer,m34i6dkf,,24,1,3,9.0,0.0,0.75,-2.77,,,,,,,,,17.14
923,px95dqer,6om6iwep,,24,2,3,8.5,1.0,0.99,-9.21,,,,,,,,,0.0
924,px95dqer,m34i6dkf,,24,1,4,8.4,1.0,0.99,-0.01,,,,,,,,,17.14
925,px95dqer,6om6iwep,,24,2,4,8.3,1.0,0.99,-0.01,,,,,,,,,0.0
926,px95dqer,m34i6dkf,,24,1,5,9.0,1.0,0.5,-1.39,,,,,,,,,17.14
927,px95dqer,6om6iwep,,24,2,5,9.1,0.0,0.5,-1.39,,,,,,,,,0.0
928,px95dqer,m34i6dkf,,24,1,6,8.5,1.0,0.75,-0.29,,,,,,,,,17.14
929,px95dqer,6om6iwep,,24,2,6,8.4,1.0,0.99,-0.01,,,,,,,,,0.0
930,px95dqer,m34i6dkf,,24,1,7,8.3,1.0,0.99,-0.01,,,,,,,,,17.14
931,px95dqer,6om6iwep,,24,2,7,8.4,1.0,0.99,-0.01,,,,,,,,,0.0
932,px95dqer,m34i6dkf,,24,1,8,8.3,1.0,0.99,-0.01,,,,,,,,,17.14
933,px95dqer,6om6iwep,,24,2,8,8.2,1.0,0.99,-0.01,,,,,,,,,0.0
934,px95dqer,m34i6dkf,,24,1,9,8.4,1.0,0.99,-0.01,,,,,,,,,17.14
935,px95dqer,6om6iwep,,24,2,9,8.3,1.0,0.99,-0.01,,,,,,,,,0.0
936,px95dqer,m34i6dkf,,24,1,10,8.1,1.0,0.99,-0.01,,,,,,,,,17.14
937,px95dqer,6om6iwep,,24,2,10,8.2,1.0,0.99,-0.01,,,,,,,,,0.0
938,px95dqer,m34i6dkf,,24,1,11,8.1,1.0,0.99,-0.01,,,,,,,,,17.14
939,px95dqer,6om6iwep,,24,2,11,8.0,1.0,0.99,-0.01,,,,,,,,,0.0
940,px95dqer,m34i6dkf,,24,1,12,8.5,1.0,0.75,-2.77,,,,,,,,,17.14
941,px95dqer,6om6iwep,,24,2,12,9.0,1.0,0.99,-9.21,,,,,,,,,0.0
942,px95dqer,m34i6dkf,,24,1,13,8.3,1.0,0.99,-0.01,,,,,,,,,17.14
943,px95dqer,6om6iwep,,24,2,13,8.4,1.0,0.99,-0.01,,,,,,,,,0.0
944,px95dqer,m34i6dkf,,24,1,14,8.5,1.0,0.75,-2.77,,,,,,,,,17.14
945,px95dqer,6om6iwep,,24,2,14,9.0,0.0,0.5,-1.39,,,,,,,,,0.0
946,px95dqer,m34i6dkf,,24,1,15,8.1,1.0,0.99,-0.01,,,,,,,,,17.14
947,px95dqer,6om6iwep,,24,2,15,8.2,1.0,0.99,-0.01,,,,,,,,,0.0
948,px95dqer,m34i6dkf,,24,1,16,9.0,0.0,0.75,-2.77,"If math checks out both of us goes to canteen. If i know that one of us may not get there in time, i do office with low certainty",8.4,I did in the first several times. I started to think with the other players situation afterwards,"I didnt, maybe i should have",1.0,,1.0,1.0,17.14
949,px95dqer,6om6iwep,,24,2,16,8.5,1.0,0.99,-9.21,"Blind trust, goto canteen: fully certain, goto office: fully uncertain",8.3,"I did go later, because I trusted my colleague to be there. But without actual plan, trust was all I had.","No. Same approach every time. If I'm consistent, I'm reliable.",2.0,1.0,,1.0,0.0
950,px95dqer,9uqyq1h9,,25,1,1,8.3,1.0,0.99,-0.01,,,,,,,,,-2.0
951,px95dqer,azaemkam,,25,2,1,8.2,1.0,0.875,-0.13,,,,,,,,,-2.0
952,px95dqer,9uqyq1h9,,25,1,2,8.1,1.0,0.99,-0.01,,,,,,,,,-2.0
953,px95dqer,azaemkam,,25,2,2,8.2,1.0,0.875,-0.13,,,,,,,,,-2.0
954,px95dqer,9uqyq1h9,,25,1,3,8.1,1.0,0.99,-0.01,,,,,,,,,-2.0
955,px95dqer,azaemkam,,25,2,3,8.0,1.0,0.875,-0.13,,,,,,,,,-2.0
956,px95dqer,z1plx5ri,,26,1,1,8.2,1.0,0.875,-0.13,,,,,,,,,0.0
957,px95dqer,8tst1s28,,26,2,1,8.3,1.0,0.5,-0.69,,,,,,,,,5.15
958,px95dqer,z1plx5ri,,26,1,2,8.1,1.0,0.99,-0.01,,,,,,,,,0.0
959,px95dqer,8tst1s28,,26,2,2,8.2,1.0,0.99,-0.01,,,,,,,,,5.15
960,px95dqer,z1plx5ri,,26,1,3,8.3,1.0,0.99,-0.01,,,,,,,,,0.0
961,px95dqer,8tst1s28,,26,2,3,8.2,1.0,0.99,-0.01,,,,,,,,,5.15
962,px95dqer,z1plx5ri,,26,1,4,8.3,1.0,0.99,-0.01,,,,,,,,,0.0
963,px95dqer,8tst1s28,,26,2,4,8.2,1.0,0.99,-0.01,,,,,,,,,5.15
964,px95dqer,z1plx5ri,,26,1,5,8.2,1.0,0.99,-0.01,,,,,,,,,0.0
965,px95dqer,8tst1s28,,26,2,5,8.1,1.0,0.99,-0.01,,,,,,,,,5.15
966,px95dqer,z1plx5ri,,26,1,6,8.4,1.0,0.99,-0.01,,,,,,,,,0.0
967,px95dqer,8tst1s28,,26,2,6,8.5,1.0,0.99,-0.01,,,,,,,,,5.15
968,px95dqer,z1plx5ri,,26,1,7,8.2,1.0,0.99,-0.01,,,,,,,,,0.0
969,px95dqer,8tst1s28,,26,2,7,8.3,1.0,0.99,-0.01,,,,,,,,,5.15
970,px95dqer,z1plx5ri,,26,1,8,9.0,0.0,0.75,-0.58,,,,,,,,,0.0
971,px95dqer,8tst1s28,,26,2,8,9.1,0.0,0.99,-0.02,,,,,,,,,5.15
972,px95dqer,z1plx5ri,,26,1,9,8.1,1.0,0.99,-0.01,,,,,,,,,0.0
973,px95dqer,8tst1s28,,26,2,9,8.2,1.0,0.99,-0.01,,,,,,,,,5.15
974,px95dqer,z1plx5ri,,26,1,10,8.1,1.0,0.99,-0.01,,,,,,,,,0.0
975,px95dqer,8tst1s28,,26,2,10,8.0,1.0,0.99,-0.01,,,,,,,,,5.15
976,px95dqer,z1plx5ri,,26,1,11,8.5,0.0,0.875,-4.16,,,,,,,,,0.0
977,px95dqer,8tst1s28,,26,2,11,8.4,1.0,0.99,-9.21,,,,,,,,,5.15
978,px95dqer,z1plx5ri,,26,1,12,8.3,1.0,0.99,-0.01,,,,,,,,,0.0
979,px95dqer,8tst1s28,,26,2,12,8.4,1.0,0.99,-0.01,,,,,,,,,5.15
980,px95dqer,z1plx5ri,,26,1,13,9.0,0.0,0.75,-2.77,,,,,,,,,0.0
981,px95dqer,8tst1s28,,26,2,13,8.5,1.0,0.99,-9.21,,,,,,,,,5.15
982,px95dqer,z1plx5ri,,26,1,14,9.0,0.0,0.875,-0.27,,,,,,,,,0.0
983,px95dqer,8tst1s28,,26,2,14,9.1,0.0,0.99,-0.02,,,,,,,,,5.15
984,px95dqer,z1plx5ri,,26,1,15,8.4,1.0,0.875,-0.13,,,,,,,,,0.0
985,px95dqer,8tst1s28,,26,2,15,8.3,1.0,0.99,-0.01,,,,,,,,,5.15
986,px95dqer,z1plx5ri,,26,1,16,8.4,1.0,0.875,-0.13,,,,,,,,,0.0
987,px95dqer,8tst1s28,,26,2,16,8.3,1.0,0.99,-0.01,,,,,,,,,5.15
988,px95dqer,z1plx5ri,,26,1,17,8.2,1.0,0.99,-0.01,,,,,,,,,0.0
989,px95dqer,8tst1s28,,26,2,17,8.3,1.0,0.99,-0.01,,,,,,,,,5.15
990,px95dqer,z1plx5ri,,26,1,18,8.2,1.0,0.99,-0.01,,,,,,,,,0.0
991,px95dqer,8tst1s28,,26,2,18,8.3,1.0,0.99,-0.01,,,,,,,,,5.15
992,px95dqer,z1plx5ri,,26,1,19,8.2,1.0,0.99,-0.01,,,,,,,,,0.0
993,px95dqer,8tst1s28,,26,2,19,8.1,1.0,0.99,-0.01,,,,,,,,,5.15
994,px95dqer,z1plx5ri,,26,1,20,8.4,1.0,0.875,-4.16,,,,,,,,,0.0
995,px95dqer,8tst1s28,,26,2,20,8.5,0.0,0.75,-2.77,,,,,,,,,5.15
996,px95dqer,z1plx5ri,,26,1,21,8.2,1.0,0.99,-9.21,,,,,,,,,0.0
997,px95dqer,8tst1s28,,26,2,21,8.3,0.0,0.5,-1.39,,,,,,,,,5.15
998,px95dqer,z1plx5ri,,26,1,22,8.3,1.0,0.99,-0.01,,,,,,,,,0.0
999,px95dqer,8tst1s28,,26,2,22,8.4,1.0,0.99,-0.01,,,,,,,,,5.15
1000,px95dqer,z1plx5ri,,26,1,23,8.1,1.0,0.99,-9.21,Well if I was close to 9:00 I would be less certain especially if I met at 9:50 as my partner could possibly arrive at 9:00. At last it seemed like my partner just did not want to play any more.,8.3,Yes to possibly save more money.,Yes. Because I learned more about how the game was functioning.,2.0,0.0,,1.0,0.0
1001,px95dqer,8tst1s28,,26,2,23,8.0,0.0,0.5,-1.39,The winning one!,8.2,Misscliked,Yes,1.0,0.0,,3.0,5.15
1002,px95dqer,fihx7944,,27,1,1,8.2,1.0,0.875,-0.13,,,,,,,,,1.67
1003,px95dqer,jghl3ft6,,27,2,1,8.3,1.0,0.875,-0.13,,,,,,,,,0.0
1004,px95dqer,fihx7944,,27,1,2,8.1,1.0,0.99,-0.01,,,,,,,,,1.67
1005,px95dqer,jghl3ft6,,27,2,2,8.0,1.0,0.99,-0.01,,,,,,,,,0.0
1006,px95dqer,fihx7944,,27,1,3,8.1,1.0,0.99,-0.01,,,,,,,,,1.67
1007,px95dqer,jghl3ft6,,27,2,3,8.2,1.0,0.875,-0.13,,,,,,,,,0.0
1008,px95dqer,fihx7944,,27,1,4,8.2,1.0,0.99,-0.01,,,,,,,,,1.67
1009,px95dqer,jghl3ft6,,27,2,4,8.3,1.0,0.99,-0.01,,,,,,,,,0.0
1010,px95dqer,fihx7944,,27,1,5,8.3,1.0,0.99,-0.01,,,,,,,,,1.67
1011,px95dqer,jghl3ft6,,27,2,5,8.4,1.0,0.99,-0.01,,,,,,,,,0.0
1012,px95dqer,fihx7944,,27,1,6,8.4,1.0,0.99,-0.01,,,,,,,,,1.67
1013,px95dqer,jghl3ft6,,27,2,6,8.5,1.0,0.875,-0.13,,,,,,,,,0.0
1014,px95dqer,fihx7944,,27,1,7,8.5,0.0,0.75,-2.77,,,,,,,,,1.67
1015,px95dqer,jghl3ft6,,27,2,7,9.0,1.0,0.875,-4.16,,,,,,,,,0.0
1016,px95dqer,fihx7944,,27,1,8,9.0,0.0,0.625,-0.94,,,,,,,,,1.67
1017,px95dqer,jghl3ft6,,27,2,8,9.1,0.0,0.99,-0.02,,,,,,,,,0.0
1018,px95dqer,fihx7944,,27,1,9,9.0,0.0,0.75,-0.58,,,,,,,,,1.67
1019,px95dqer,jghl3ft6,,27,2,9,9.1,0.0,0.99,-0.02,,,,,,,,,0.0
1020,px95dqer,fihx7944,,27,1,10,8.1,1.0,0.99,-0.01,,,,,,,,,1.67
1021,px95dqer,jghl3ft6,,27,2,10,8.0,1.0,0.875,-0.13,,,,,,,,,0.0
1022,px95dqer,fihx7944,,27,1,11,8.4,1.0,0.99,-9.21,,,,,,,,,1.67
1023,px95dqer,jghl3ft6,,27,2,11,8.5,0.0,0.875,-4.16,,,,,,,,,0.0
1024,px95dqer,fihx7944,,27,1,12,8.5,1.0,0.625,-0.47,,,,,,,,,1.67
1025,px95dqer,jghl3ft6,,27,2,12,8.4,1.0,0.99,-0.01,,,,,,,,,0.0
1026,px95dqer,fihx7944,,27,1,13,8.1,1.0,0.99,-0.01,,,,,,,,,1.67
1027,px95dqer,jghl3ft6,,27,2,13,8.2,1.0,0.99,-0.01,,,,,,,,,0.0
1028,px95dqer,fihx7944,,27,1,14,8.3,1.0,0.99,-0.01,,,,,,,,,1.67
1029,px95dqer,jghl3ft6,,27,2,14,8.4,1.0,0.875,-0.13,,,,,,,,,0.0
1030,px95dqer,fihx7944,,27,1,15,8.3,1.0,0.99,-0.01,,,,,,,,,1.67
1031,px95dqer,jghl3ft6,,27,2,15,8.2,1.0,0.99,-0.01,,,,,,,,,0.0
1032,px95dqer,fihx7944,,27,1,16,8.4,1.0,0.75,-0.29,,,,,,,,,1.67
1033,px95dqer,jghl3ft6,,27,2,16,8.3,1.0,0.99,-0.01,,,,,,,,,0.0
1034,px95dqer,fihx7944,,27,1,17,8.5,1.0,0.625,-1.96,,,,,,,,,1.67
1035,px95dqer,jghl3ft6,,27,2,17,9.0,1.0,0.75,-2.77,,,,,,,,,0.0
1036,px95dqer,fihx7944,,27,1,18,8.2,1.0,0.99,-0.01,,,,,,,,,1.67
1037,px95dqer,jghl3ft6,,27,2,18,8.3,1.0,0.875,-0.13,,,,,,,,,0.0
1038,px95dqer,fihx7944,,27,1,19,8.4,1.0,0.75,-0.29,,,,,,,,,1.67
1039,px95dqer,jghl3ft6,,27,2,19,8.5,1.0,0.99,-0.01,,,,,,,,,0.0
1040,px95dqer,fihx7944,,27,1,20,9.0,0.0,0.75,-0.58,,,,,,,,,1.67
1041,px95dqer,jghl3ft6,,27,2,20,9.1,0.0,0.625,-0.94,,,,,,,,,0.0
1042,px95dqer,fihx7944,,27,1,21,8.5,1.0,0.625,-1.96,,,,,,,,,1.67
1043,px95dqer,jghl3ft6,,27,2,21,9.0,1.0,0.875,-4.16,,,,,,,,,0.0
1044,px95dqer,fihx7944,,27,1,22,8.4,1.0,0.75,-0.29,,,,,,,,,1.67
1045,px95dqer,jghl3ft6,,27,2,22,8.5,1.0,0.99,-0.01,,,,,,,,,0.0
1046,px95dqer,fihx7944,,27,1,23,9.0,0.0,0.625,-0.94,,,,,,,,,1.67
1047,px95dqer,jghl3ft6,,27,2,23,9.1,0.0,0.75,-0.58,,,,,,,,,0.0
1048,px95dqer,fihx7944,,27,1,24,8.5,1.0,0.75,-0.29,,,,,,,,,1.67
1049,px95dqer,jghl3ft6,,27,2,24,8.4,1.0,0.99,-0.01,,,,,,,,,0.0
1050,px95dqer,fihx7944,,27,1,25,8.2,1.0,0.99,-0.01,,,,,,,,,1.67
1051,px95dqer,jghl3ft6,,27,2,25,8.3,1.0,0.99,-0.01,,,,,,,,,0.0
1052,px95dqer,fihx7944,,27,1,26,8.2,1.0,0.99,-0.01,,,,,,,,,1.67
1053,px95dqer,jghl3ft6,,27,2,26,8.1,1.0,0.99,-0.01,,,,,,,,,0.0
1054,px95dqer,fihx7944,,27,1,27,8.5,1.0,0.625,-1.96,,,,,,,,,1.67
1055,px95dqer,jghl3ft6,,27,2,27,9.0,0.0,0.75,-2.77,,,,,,,,,0.0
1056,px95dqer,fihx7944,,27,1,28,8.2,1.0,0.99,-0.01,,,,,,,,,1.67
1057,px95dqer,jghl3ft6,,27,2,28,8.3,1.0,0.99,-0.01,,,,,,,,,0.0
1058,px95dqer,fihx7944,,27,1,29,9.0,0.0,0.75,-2.77,,,,,,,,,1.67
1059,px95dqer,jghl3ft6,,27,2,29,8.5,1.0,0.99,-9.21,,,,,,,,,0.0
1060,px95dqer,fihx7944,,27,1,30,9.0,0.0,0.75,-2.77,Only choosing office if I arrived at 9:00 or 9:10,6.0,No,No,3.0,1.0,,1.0,1.67
1061,px95dqer,jghl3ft6,,27,2,30,8.5,1.0,0.875,-4.16,"Well, that's sad",8.5,"Yes,",I don't know,3.0,,1.0,1.0,0.0
