participant.id_in_session,participant.code,participant.label,participant._is_bot,participant._index_in_pages,participant._max_page_index,participant._current_app_name,participant._round_number,participant._current_page_name,participant.ip_address,participant.time_started,participant.visited,participant.mturk_worker_id,participant.mturk_assignment_id,participant.payoff,participant.payoff_plus_participation_fee,session.code,session.label,session.experimenter_name,session.mturk_HITId,session.mturk_HITGroupId,session.comment,session.is_demo,session.config.pay_per_min,session.config.selection_method,session.config.real_world_currency_per_point,session.config.participation_fee,session.config.views,session.config.wait_before_leave,session.config.bonus,consent.1.player.id_in_group,consent.1.player.consent,consent.1.player.is_dropout,consent.1.player.payoff,consent.1.group.id_in_subsession,consent.1.subsession.round_number,consent.2.player.id_in_group,consent.2.player.consent,consent.2.player.is_dropout,consent.2.player.payoff,consent.2.group.id_in_subsession,consent.2.subsession.round_number,consent.3.player.id_in_group,consent.3.player.consent,consent.3.player.is_dropout,consent.3.player.payoff,consent.3.group.id_in_subsession,consent.3.subsession.round_number,consent.4.player.id_in_group,consent.4.player.consent,consent.4.player.is_dropout,consent.4.player.payoff,consent.4.group.id_in_subsession,consent.4.subsession.round_number,consent.5.player.id_in_group,consent.5.player.consent,consent.5.player.is_dropout,consent.5.player.payoff,consent.5.group.id_in_subsession,consent.5.subsession.round_number,consent.6.player.id_in_group,consent.6.player.consent,consent.6.player.is_dropout,consent.6.player.payoff,consent.6.group.id_in_subsession,consent.6.subsession.round_number,consent.7.player.id_in_group,consent.7.player.consent,consent.7.player.is_dropout,consent.7.player.payoff,consent.7.group.id_in_subsession,consent.7.subsession.round_number,consent.8.player.id_in_group,consent.8.player.consent,consent.8.player.is_dropout,consent.8.player.payoff,consent.8.group.id_in_subsession,consent.8.subsession.round_number,ox.1.player.id_in_group,ox.1.player.decision_order,ox.1.player.decision_history,ox.1.player.estimate,ox.1.player.estimate_p,ox.1.player.estimate_kg,ox.1.player.estimate_percent_diff,ox.1.player.unit,ox.1.player.early_finish,ox.1.player.wp_timer_start,ox.1.player.sec_spent,ox.1.player.sec_earned,ox.1.player.payoff,ox.1.group.id_in_subsession,ox.1.subsession.round_number,ox.1.subsession.room_busy,ox.1.subsession.pay_per_min,ox.1.subsession.wait_before_leave,ox.1.subsession.max_wait_time,ox.1.subsession.bonus,ox.1.subsession.views,ox.1.subsession.selection_method
1,rtbc4gik,,0,2,19,consent,1,BlockDropouts,172.16.176.137,2018-06-19 13:54:19.083594+00:00,1,A1T8LD3TVSP41G,3U84XHCDIDWTC0ODACSYB1GW9AIZ41,0.00,0.10,j0ssl2ul,,,31ODACBENUY1E9R3NF01USOBNO6SQ7,3XIFEF0YTS88I6YF6TE764NZI4MTWA,,0,0.2,history,0.0,0.10,3,30,1,1,0,1,0.00,1,1,1,0,0,0.00,1,2,1,0,0,0.00,1,3,1,0,0,0.00,1,4,1,0,0,0.00,1,5,1,0,0,0.00,1,6,1,0,0,0.00,1,7,1,0,0,0.00,1,8,1,0,,,,,,,,,,,0.00,1,1,1,0.2,30,300,1,3,history
2,6lxv5cjc,,0,20,19,ox,1,Results,172.16.176.137,2018-06-19 13:54:24.820854+00:00,1,A10EF4V8OTA9XX,3QY5DC2MXS3MOHRSO6P9LDY8WICUFV,0.12,0.22,j0ssl2ul,,,31ODACBENUY1E9R3NF01USOBNO6SQ7,3XIFEF0YTS88I6YF6TE764NZI4MTWA,,0,0.2,history,0.0,0.10,3,30,1,2,1,0,0.00,1,1,2,0,0,0.00,1,2,2,0,0,0.00,1,3,2,0,0,0.00,1,4,2,0,0,0.00,1,5,2,0,0,0.00,1,6,2,0,0,0.00,1,7,2,0,0,0.00,1,8,2,0,,,,,,,1,2018-06-19 13:55:01.081340+00:00,34,0.12,0.00,1,1,1,0.2,30,300,1,3,history
3,imeu96on,,0,2,19,consent,1,BlockDropouts,172.16.176.137,2018-06-19 13:54:27.402692+00:00,1,A3RFHN13MRS8LA,3YDGXNSEO0DES4NQ1MSLYHJSA1C482,0.00,0.10,j0ssl2ul,,,31ODACBENUY1E9R3NF01USOBNO6SQ7,3XIFEF0YTS88I6YF6TE764NZI4MTWA,,0,0.2,history,0.0,0.10,3,30,1,3,0,1,0.00,1,1,3,0,0,0.00,1,2,3,0,0,0.00,1,3,3,0,0,0.00,1,4,3,0,0,0.00,1,5,3,0,0,0.00,1,6,3,0,0,0.00,1,7,3,0,0,0.00,1,8,3,0,,,,,,,,,,,0.00,1,1,1,0.2,30,300,1,3,history
4,v04kbkdf,,0,20,19,ox,1,Results,172.16.176.137,2018-06-19 13:54:28.861125+00:00,1,A5H7DAMCUM9WF,3DZQRBDBSMYBTSJVF6T753RN8VMS34,0.00,0.10,j0ssl2ul,,,31ODACBENUY1E9R3NF01USOBNO6SQ7,3XIFEF0YTS88I6YF6TE764NZI4MTWA,,0,0.2,history,0.0,0.10,3,30,1,4,1,0,0.00,1,1,4,0,0,0.00,1,2,4,0,0,0.00,1,3,4,0,0,0.00,1,4,4,0,0,0.00,1,5,4,0,0,0.00,1,6,4,0,0,0.00,1,7,4,0,0,0.00,1,8,4,1,[],565.0,565.0,256.279645091247,0.792149517363141,1,,2018-06-19 13:54:45.866206+00:00,0,0.0,0.00,1,1,1,0.2,30,300,1,3,history
5,5rt45ybc,,0,2,19,consent,1,BlockDropouts,172.16.176.137,2018-06-19 13:54:30.188433+00:00,1,A1ENE99INLYD1G,3XLBSAQ9Z5VQVN6WCAQ5ED060C8Z7L,0.00,0.10,j0ssl2ul,,,31ODACBENUY1E9R3NF01USOBNO6SQ7,3XIFEF0YTS88I6YF6TE764NZI4MTWA,,0,0.2,history,0.0,0.10,3,30,1,5,0,1,0.00,1,1,5,0,0,0.00,1,2,5,0,0,0.00,1,3,5,0,0,0.00,1,4,5,0,0,0.00,1,5,5,0,0,0.00,1,6,5,0,0,0.00,1,7,5,0,0,0.00,1,8,5,0,,,,,,,,,,,0.00,1,1,1,0.2,30,300,1,3,history
6,ideurgoe,,0,2,19,consent,1,BlockDropouts,172.16.176.137,2018-06-19 13:54:31.441750+00:00,1,A39ROW50DWRRKT,3M23Y66PO3QAQB6DY8R5C637IMP6SP,0.00,0.10,j0ssl2ul,,,31ODACBENUY1E9R3NF01USOBNO6SQ7,3XIFEF0YTS88I6YF6TE764NZI4MTWA,,0,0.2,history,0.0,0.10,3,30,1,6,0,1,0.00,1,1,6,0,0,0.00,1,2,6,0,0,0.00,1,3,6,0,0,0.00,1,4,6,0,0,0.00,1,5,6,0,0,0.00,1,6,6,0,0,0.00,1,7,6,0,0,0.00,1,8,6,0,,,,,,,,,,,0.00,1,1,1,0.2,30,300,1,3,history
7,zx2jc3a8,,0,20,19,ox,1,Results,172.16.176.137,2018-06-19 13:54:33.183944+00:00,1,A29CPTGC7FNLTB,3Z7ISHFUH1EUV1BFMFIBSDW1BWEZ88,1.00,1.10,j0ssl2ul,,,31ODACBENUY1E9R3NF01USOBNO6SQ7,3XIFEF0YTS88I6YF6TE764NZI4MTWA,,0,0.2,history,0.0,0.10,3,30,1,7,1,0,0.00,1,1,7,0,0,0.00,1,2,7,0,0,0.00,1,3,7,0,0,0.00,1,4,7,0,0,0.00,1,5,7,0,0,0.00,1,6,7,0,0,0.00,1,7,7,0,0,0.00,1,8,7,0,,,,,,,1,2018-06-19 13:55:34.172029+00:00,302,1.0,0.00,1,1,1,0.2,30,300,1,3,history
8,ixlgavcb,,0,20,19,ox,1,Results,172.16.176.137,2018-06-19 13:54:37.038502+00:00,1,A23AP978617EJS,3FIJLY1B6VN9WCJW7KQFB7B9O1KPFU,0.04,0.14,j0ssl2ul,,,31ODACBENUY1E9R3NF01USOBNO6SQ7,3XIFEF0YTS88I6YF6TE764NZI4MTWA,,0,0.2,history,0.0,0.10,3,30,1,8,1,0,0.00,1,1,8,0,0,0.00,1,2,8,0,0,0.00,1,3,8,0,0,0.00,1,4,8,0,0,0.00,1,5,8,0,0,0.00,1,6,8,0,0,0.00,1,7,8,0,0,0.00,1,8,8,1,[4],0.0,,,,0,,2018-06-19 13:54:51.695224+00:00,12,0.04,0.00,1,1,1,0.2,30,300,1,3,history
9,blkn4whj,,0,20,19,ox,1,Results,172.16.176.137,2018-06-19 13:54:39.355027+00:00,1,A3C8OZXJEA3AKC,3U84XHCDIDWTC0ODACSYB1GW9AIZ41,0.12,0.22,j0ssl2ul,,,31ODACBENUY1E9R3NF01USOBNO6SQ7,3XIFEF0YTS88I6YF6TE764NZI4MTWA,,0,0.2,history,0.0,0.10,3,30,1,9,1,0,0.00,1,1,9,0,0,0.00,1,2,9,0,0,0.00,1,3,9,0,0,0.00,1,4,9,0,0,0.00,1,5,9,0,0,0.00,1,6,9,0,0,0.00,1,7,9,0,0,0.00,1,8,9,0,,,,,,,1,2018-06-19 13:54:56.594744+00:00,36,0.12,0.00,1,1,1,0.2,30,300,1,3,history
10,bxsycrfx,,0,20,19,ox,1,Results,172.16.176.137,2018-06-19 13:54:44.229175+00:00,1,A4XB9OF4LFHWF,3KKG4CDWKJHE69606EYZYDE3U7U49R,0.16,0.26,j0ssl2ul,,,31ODACBENUY1E9R3NF01USOBNO6SQ7,3XIFEF0YTS88I6YF6TE764NZI4MTWA,,0,0.2,history,0.0,0.10,3,30,1,10,1,0,0.00,1,1,10,0,0,0.00,1,2,10,0,0,0.00,1,3,10,0,0,0.00,1,4,10,0,0,0.00,1,5,10,0,0,0.00,1,6,10,0,0,0.00,1,7,10,0,0,0.00,1,8,10,0,,,,,,,1,2018-06-19 13:54:54.085783+00:00,49,0.16,0.00,1,1,1,0.2,30,300,1,3,history
11,5fn8cq70,,0,2,19,consent,1,BlockDropouts,172.16.176.137,2018-06-19 13:54:45.444850+00:00,1,A2XQ3CFB5HT2ZQ,3IXQG4FA2UHYR8R9LT8M6RK94ZB9B2,0.00,0.10,j0ssl2ul,,,31ODACBENUY1E9R3NF01USOBNO6SQ7,3XIFEF0YTS88I6YF6TE764NZI4MTWA,,0,0.2,history,0.0,0.10,3,30,1,11,0,1,0.00,1,1,11,0,0,0.00,1,2,11,0,0,0.00,1,3,11,0,0,0.00,1,4,11,0,0,0.00,1,5,11,0,0,0.00,1,6,11,0,0,0.00,1,7,11,0,0,0.00,1,8,11,0,,,,,,,,,,,0.00,1,1,1,0.2,30,300,1,3,history
12,6f5lapb2,,0,20,19,ox,1,Results,172.16.176.137,2018-06-19 13:54:49.532024+00:00,1,ALTMSSCYKZS8Z,33SA9F9TRYD7A7G1OVK4LJY55X8WEE,0.30,0.40,j0ssl2ul,,,31ODACBENUY1E9R3NF01USOBNO6SQ7,3XIFEF0YTS88I6YF6TE764NZI4MTWA,,0,0.2,history,0.0,0.10,3,30,1,12,1,0,0.00,1,1,12,0,0,0.00,1,2,12,0,0,0.00,1,3,12,0,0,0.00,1,4,12,0,0,0.00,1,5,12,0,0,0.00,1,6,12,0,0,0.00,1,7,12,0,0,0.00,1,8,12,3,"[4, 13]",750.0,750.0,340.194219147673,0.724092279685586,1,,2018-06-19 13:55:11.856219+00:00,89,0.3,0.00,1,1,1,0.2,30,300,1,3,history
13,1whl3c9x,,0,20,19,ox,1,Results,172.16.176.137,2018-06-19 13:54:50.905367+00:00,1,A2D6VL5XE0O4D3,3M23Y66PO3QAQB6DY8R5C637IMP6SP,0.21,0.31,j0ssl2ul,,,31ODACBENUY1E9R3NF01USOBNO6SQ7,3XIFEF0YTS88I6YF6TE764NZI4MTWA,,0,0.2,history,0.0,0.10,3,30,1,13,1,0,0.00,1,1,13,0,0,0.00,1,2,13,0,0,0.00,1,3,13,0,0,0.00,1,4,13,0,0,0.00,1,5,13,0,0,0.00,1,6,13,0,0,0.00,1,7,13,0,0,0.00,1,8,13,2,[4],800.0,800.0,362.873833757518,0.705698431664625,1,,2018-06-19 13:55:01.981926+00:00,64,0.21,0.00,1,1,1,0.2,30,300,1,3,history
14,jizcadj4,,0,20,19,ox,1,Results,172.16.176.137,2018-06-19 13:54:52.249838+00:00,1,A1B2V27QSGPT6W,30BXRYBRP5GJUH73EWSA6MVIXD0WHU,0.44,0.54,j0ssl2ul,,,31ODACBENUY1E9R3NF01USOBNO6SQ7,3XIFEF0YTS88I6YF6TE764NZI4MTWA,,0,0.2,history,0.0,0.10,3,30,1,14,1,0,0.00,1,1,14,0,0,0.00,1,2,14,0,0,0.00,1,3,14,0,0,0.00,1,4,14,0,0,0.00,1,5,14,0,0,0.00,1,6,14,0,0,0.00,1,7,14,0,0,0.00,1,8,14,4,"[4, 13, 12]",1130.0,1130.0,512.559290182494,0.584299034726282,1,,2018-06-19 13:55:14.384396+00:00,132,0.44,0.00,1,1,1,0.2,30,300,1,3,history
15,dvego90y,,0,20,19,ox,1,Results,172.16.176.137,2018-06-19 13:54:52.103036+00:00,1,ABVLH4KP7DKNV,3U5NZHP4LSLTA8A22AEFESNM4GXPHS,0.58,0.68,j0ssl2ul,,,31ODACBENUY1E9R3NF01USOBNO6SQ7,3XIFEF0YTS88I6YF6TE764NZI4MTWA,,0,0.2,history,0.0,0.10,3,30,1,15,1,0,0.00,1,1,15,0,0,0.00,1,2,15,0,0,0.00,1,3,15,0,0,0.00,1,4,15,0,0,0.00,1,5,15,0,0,0.00,1,6,15,0,0,0.00,1,7,15,0,0,0.00,1,8,15,5,"[13, 12, 14]",750.0,750.0,340.194219147673,0.724092279685586,1,,2018-06-19 13:55:15.378680+00:00,174,0.58,0.00,1,1,1,0.2,30,300,1,3,history
16,1qsy7bk3,,0,20,19,ox,1,Results,172.16.176.137,2018-06-19 13:54:53.824820+00:00,1,A187U5WJUDVPOC,3D4CH1LGEBCUIPZK1F0072B6KC39GJ,1.00,1.10,j0ssl2ul,,,31ODACBENUY1E9R3NF01USOBNO6SQ7,3XIFEF0YTS88I6YF6TE764NZI4MTWA,,0,0.2,history,0.0,0.10,3,30,1,16,1,0,0.00,1,1,16,0,0,0.00,1,2,16,0,0,0.00,1,3,16,0,0,0.00,1,4,16,0,0,0.00,1,5,16,0,0,0.00,1,6,16,0,0,0.00,1,7,16,0,0,0.00,1,8,16,0,,,,,,,1,2018-06-19 13:56:04.144452+00:00,302,1.0,0.00,1,1,1,0.2,30,300,1,3,history
17,xqszkzhw,,0,20,19,ox,1,Results,172.16.176.137,2018-06-19 13:54:55.688090+00:00,1,A11BLQKVW1951L,35L9RVQFCP162DIYJWD9OYALCXPUHT,0.76,0.86,j0ssl2ul,,,31ODACBENUY1E9R3NF01USOBNO6SQ7,3XIFEF0YTS88I6YF6TE764NZI4MTWA,,0,0.2,history,0.0,0.10,3,30,1,17,1,0,0.00,1,1,17,0,0,0.00,1,2,17,0,0,0.00,1,3,17,0,0,0.00,1,4,17,0,0,0.00,1,5,17,0,0,0.00,1,6,17,0,0,0.00,1,7,17,0,0,0.00,1,8,17,7,"[14, 15, 20]",850.0,850.0,385.553448367363,0.687304583643664,1,,2018-06-19 13:55:20.894212+00:00,228,0.76,0.00,1,1,1,0.2,30,300,1,3,history
18,yyq4qjyl,,0,20,19,ox,1,Results,172.16.176.137,2018-06-19 13:54:56.773781+00:00,1,A2IP5E5ITPEVPU,3UJ1CZ6IZI8E776ZTPH0K0P7MRDS5U,1.00,1.10,j0ssl2ul,,,31ODACBENUY1E9R3NF01USOBNO6SQ7,3XIFEF0YTS88I6YF6TE764NZI4MTWA,,0,0.2,history,0.0,0.10,3,30,1,18,1,0,0.00,1,1,18,0,0,0.00,1,2,18,0,0,0.00,1,3,18,0,0,0.00,1,4,18,0,0,0.00,1,5,18,0,0,0.00,1,6,18,0,0,0.00,1,7,18,0,0,0.00,1,8,18,0,,,,,,,1,2018-06-19 13:55:41.805116+00:00,301,1.0,0.00,1,1,1,0.2,30,300,1,3,history
19,79mh0lz3,,0,2,19,consent,1,BlockDropouts,172.16.176.137,2018-06-19 13:54:58.478709+00:00,1,A1XH05IKC77OXO,308Q0PEVB9W8EG5FR303SEOMZPV9IB,0.00,0.10,j0ssl2ul,,,31ODACBENUY1E9R3NF01USOBNO6SQ7,3XIFEF0YTS88I6YF6TE764NZI4MTWA,,0,0.2,history,0.0,0.10,3,30,1,19,0,1,0.00,1,1,19,0,0,0.00,1,2,19,0,0,0.00,1,3,19,0,0,0.00,1,4,19,0,0,0.00,1,5,19,0,0,0.00,1,6,19,0,0,0.00,1,7,19,0,0,0.00,1,8,19,0,,,,,,,,,,,0.00,1,1,1,0.2,30,300,1,3,history
20,itiemld7,,0,20,19,ox,1,Results,172.16.176.137,2018-06-19 13:54:58.461981+00:00,1,A2KI7W45F6HRVY,39ZSFO5CA9F2TJDO7WGU0BQ0PPTUJY,0.64,0.74,j0ssl2ul,,,31ODACBENUY1E9R3NF01USOBNO6SQ7,3XIFEF0YTS88I6YF6TE764NZI4MTWA,,0,0.2,history,0.0,0.10,3,30,1,20,1,0,0.00,1,1,20,0,0,0.00,1,2,20,0,0,0.00,1,3,20,0,0,0.00,1,4,20,0,0,0.00,1,5,20,0,0,0.00,1,6,20,0,0,0.00,1,7,20,0,0,0.00,1,8,20,6,"[12, 14, 15]",1130.0,1130.0,512.559290182494,0.584299034726282,1,,2018-06-19 13:55:22.446807+00:00,192,0.64,0.00,1,1,1,0.2,30,300,1,3,history
21,yp51adu3,,0,2,19,consent,1,BlockDropouts,172.16.176.137,2018-06-19 13:55:00.365521+00:00,1,A2J37FCRL0S479,3SEPORI8WOI8EP4UJD2PO42W1KEZAC,0.00,0.10,j0ssl2ul,,,31ODACBENUY1E9R3NF01USOBNO6SQ7,3XIFEF0YTS88I6YF6TE764NZI4MTWA,,0,0.2,history,0.0,0.10,3,30,1,21,0,1,0.00,1,1,21,0,0,0.00,1,2,21,0,0,0.00,1,3,21,0,0,0.00,1,4,21,0,0,0.00,1,5,21,0,0,0.00,1,6,21,0,0,0.00,1,7,21,0,0,0.00,1,8,21,0,,,,,,,,,,,0.00,1,1,1,0.2,30,300,1,3,history
22,gsjsizjd,,0,20,19,ox,1,Results,172.16.176.137,2018-06-19 13:55:02.747258+00:00,1,A90NKJUJ7HTEQ,3COPXFW7XCVKCYBA8VHCRK3EWX1PKW,0.85,0.95,j0ssl2ul,,,31ODACBENUY1E9R3NF01USOBNO6SQ7,3XIFEF0YTS88I6YF6TE764NZI4MTWA,,0,0.2,history,0.0,0.10,3,30,1,22,1,0,0.00,1,1,22,0,0,0.00,1,2,22,0,0,0.00,1,3,22,0,0,0.00,1,4,22,0,0,0.00,1,5,22,0,0,0.00,1,6,22,0,0,0.00,1,7,22,0,0,0.00,1,8,22,8,"[15, 20, 17]",975.0,2149.507425,975.0,0.209245742092457,0,,2018-06-19 13:55:28.863791+00:00,254,0.85,0.00,1,1,1,0.2,30,300,1,3,history
23,y4m8j9sq,,0,2,19,consent,1,BlockDropouts,172.16.176.137,2018-06-19 13:55:02.880535+00:00,1,A3RYI5HXC2MJLN,3IXEICO7932B5BJSN8WVMBZTK536TE,0.00,0.10,j0ssl2ul,,,31ODACBENUY1E9R3NF01USOBNO6SQ7,3XIFEF0YTS88I6YF6TE764NZI4MTWA,,0,0.2,history,0.0,0.10,3,30,1,23,0,1,0.00,1,1,23,0,0,0.00,1,2,23,0,0,0.00,1,3,23,0,0,0.00,1,4,23,0,0,0.00,1,5,23,0,0,0.00,1,6,23,0,0,0.00,1,7,23,0,0,0.00,1,8,23,0,,,,,,,,,,,0.00,1,1,1,0.2,30,300,1,3,history
24,9hsswn0t,,0,2,19,consent,1,BlockDropouts,172.16.176.137,2018-06-19 13:55:08.230887+00:00,1,A3ONHL5P67228U,38YMOXR4MVI3XSNMID169V6SOZL6W4,0.00,0.10,j0ssl2ul,,,31ODACBENUY1E9R3NF01USOBNO6SQ7,3XIFEF0YTS88I6YF6TE764NZI4MTWA,,0,0.2,history,0.0,0.10,3,30,1,24,0,1,0.00,1,1,24,0,0,0.00,1,2,24,0,0,0.00,1,3,24,0,0,0.00,1,4,24,0,0,0.00,1,5,24,0,0,0.00,1,6,24,0,0,0.00,1,7,24,0,0,0.00,1,8,24,0,,,,,,,,,,,0.00,1,1,1,0.2,30,300,1,3,history
25,vvetz247,,0,20,19,ox,1,Results,172.16.176.137,2018-06-19 13:55:14.710854+00:00,1,AT3CZ2VR5A5U1,3YGXWBAF710G47D3IY8Q03FB0SX4C8,0.97,1.07,j0ssl2ul,,,31ODACBENUY1E9R3NF01USOBNO6SQ7,3XIFEF0YTS88I6YF6TE764NZI4MTWA,,0,0.2,history,0.0,0.10,3,30,1,25,1,0,0.00,1,1,25,0,0,0.00,1,2,25,0,0,0.00,1,3,25,0,0,0.00,1,4,25,0,0,0.00,1,5,25,0,0,0.00,1,6,25,0,0,0.00,1,7,25,0,0,0.00,1,8,25,9,"[20, 17, 22]",1300.0,1300.0,589.669979855966,0.521759951455015,1,,2018-06-19 13:55:53.301389+00:00,292,0.97,0.00,1,1,1,0.2,30,300,1,3,history
26,i3iqczzd,,0,2,19,consent,1,BlockDropouts,172.16.176.137,2018-06-19 13:55:21.507196+00:00,1,A3R51YAXWT4Q7E,3WYP994K18A7MXIMXEJUUSR8Z7L6Y3,0.00,0.10,j0ssl2ul,,,31ODACBENUY1E9R3NF01USOBNO6SQ7,3XIFEF0YTS88I6YF6TE764NZI4MTWA,,0,0.2,history,0.0,0.10,3,30,1,26,0,1,0.00,1,1,26,0,0,0.00,1,2,26,0,0,0.00,1,3,26,0,0,0.00,1,4,26,0,0,0.00,1,5,26,0,0,0.00,1,6,26,0,0,0.00,1,7,26,0,0,0.00,1,8,26,0,,,,,,,,,,,0.00,1,1,1,0.2,30,300,1,3,history
27,yngh9s8r,,0,20,19,ox,1,Results,172.16.176.137,2018-06-19 13:55:24.343593+00:00,1,A2DBO2J3ZTM71M,36NEMU28XGW5MV8E5T8NYR3EEZZWM3,1.00,1.10,j0ssl2ul,,,31ODACBENUY1E9R3NF01USOBNO6SQ7,3XIFEF0YTS88I6YF6TE764NZI4MTWA,,0,0.2,history,0.0,0.10,3,30,1,27,1,0,0.00,1,1,27,0,0,0.00,1,2,27,0,0,0.00,1,3,27,0,0,0.00,1,4,27,0,0,0.00,1,5,27,0,0,0.00,1,6,27,0,0,0.00,1,7,27,0,0,0.00,1,8,27,0,,,,,,,1,2018-06-19 13:56:03.769866+00:00,306,1.0,0.00,1,1,1,0.2,30,300,1,3,history
28,1jx12sho,,0,20,19,ox,1,Results,172.16.176.137,2018-06-19 13:55:29.330308+00:00,1,A27CRGWFL5OR9A,3CPLWGV3MPI0SHG6OJDVXMK3LOP9NR,1.00,1.10,j0ssl2ul,,,31ODACBENUY1E9R3NF01USOBNO6SQ7,3XIFEF0YTS88I6YF6TE764NZI4MTWA,,0,0.2,history,0.0,0.10,3,30,1,28,1,0,0.00,1,1,28,0,0,0.00,1,2,28,0,0,0.00,1,3,28,0,0,0.00,1,4,28,0,0,0.00,1,5,28,0,0,0.00,1,6,28,0,0,0.00,1,7,28,0,0,0.00,1,8,28,0,,,,,,,1,2018-06-19 13:55:58.206025+00:00,300,1.0,0.00,1,1,1,0.2,30,300,1,3,history
29,edi6usmv,,0,20,19,ox,1,Results,172.16.176.137,2018-06-19 13:55:31.483713+00:00,1,A1ZTSCPETU3UJW,3TMSXRD2X7J8Q6MPC7PPEZFBGO51W1,0.12,0.22,j0ssl2ul,,,31ODACBENUY1E9R3NF01USOBNO6SQ7,3XIFEF0YTS88I6YF6TE764NZI4MTWA,,0,0.2,history,0.0,0.10,3,30,1,29,1,0,0.00,1,1,29,0,0,0.00,1,2,29,0,0,0.00,1,3,29,0,0,0.00,1,4,29,0,0,0.00,1,5,29,0,0,0.00,1,6,29,0,0,0.00,1,7,29,0,0,0.00,1,8,29,0,,,,,,,1,2018-06-19 13:55:55.346158+00:00,37,0.12,0.00,1,1,1,0.2,30,300,1,3,history
30,pozzi0lr,,0,20,19,ox,1,Results,172.16.176.137,2018-06-19 13:55:35.619623+00:00,1,A34SLWTNACPBMO,39GAF6DQWSJVBHMKMXKTSXWX9F31VR,1.00,1.10,j0ssl2ul,,,31ODACBENUY1E9R3NF01USOBNO6SQ7,3XIFEF0YTS88I6YF6TE764NZI4MTWA,,0,0.2,history,0.0,0.10,3,30,1,30,1,0,0.00,1,1,30,0,0,0.00,1,2,30,0,0,0.00,1,3,30,0,0,0.00,1,4,30,0,0,0.00,1,5,30,0,0,0.00,1,6,30,0,0,0.00,1,7,30,0,0,0.00,1,8,30,0,,,,,,,1,2018-06-19 13:55:55.834026+00:00,302,1.0,0.00,1,1,1,0.2,30,300,1,3,history
31,c3yt60t8,,0,20,19,ox,1,Results,172.16.176.137,2018-06-19 13:55:36.917598+00:00,1,AO1T9KG7VR0P5,3OS46CRSLGIQI3NHS3WANTNEHQJ6VU,0.11,0.21,j0ssl2ul,,,31ODACBENUY1E9R3NF01USOBNO6SQ7,3XIFEF0YTS88I6YF6TE764NZI4MTWA,,0,0.2,history,0.0,0.10,3,30,1,31,1,0,0.00,1,1,31,0,0,0.00,1,2,31,0,0,0.00,1,3,31,0,0,0.00,1,4,31,0,0,0.00,1,5,31,0,0,0.00,1,6,31,0,0,0.00,1,7,31,0,0,0.00,1,8,31,0,,,,,,,1,2018-06-19 13:55:46.932019+00:00,32,0.11,0.00,1,1,1,0.2,30,300,1,3,history
32,y72wogxk,,0,2,19,consent,1,BlockDropouts,172.16.176.137,2018-06-19 13:55:41.917775+00:00,1,A3BUSRXW32A27S,324G5B4FB4RTT2068GDD8EXKI5Q702,0.00,0.10,j0ssl2ul,,,31ODACBENUY1E9R3NF01USOBNO6SQ7,3XIFEF0YTS88I6YF6TE764NZI4MTWA,,0,0.2,history,0.0,0.10,3,30,1,32,0,1,0.00,1,1,32,0,0,0.00,1,2,32,0,0,0.00,1,3,32,0,0,0.00,1,4,32,0,0,0.00,1,5,32,0,0,0.00,1,6,32,0,0,0.00,1,7,32,0,0,0.00,1,8,32,0,,,,,,,,,,,0.00,1,1,1,0.2,30,300,1,3,history
33,0q7rhoi2,,0,20,19,ox,1,Results,172.16.176.137,2018-06-19 13:55:46.523202+00:00,1,AUHKT6LPP7A8R,3ND9UOO81LLLGDQT5H78YEOPEU9WL1,1.00,1.10,j0ssl2ul,,,31ODACBENUY1E9R3NF01USOBNO6SQ7,3XIFEF0YTS88I6YF6TE764NZI4MTWA,,0,0.2,history,0.0,0.10,3,30,1,33,1,0,0.00,1,1,33,0,0,0.00,1,2,33,0,0,0.00,1,3,33,0,0,0.00,1,4,33,0,0,0.00,1,5,33,0,0,0.00,1,6,33,0,0,0.00,1,7,33,0,0,0.00,1,8,33,0,,,,,,,1,2018-06-19 13:56:12.949400+00:00,300,1.0,0.00,1,1,1,0.2,30,300,1,3,history
34,uppvhatu,,0,17,19,ox,1,WaitingRoom,172.16.176.137,2018-06-19 13:55:49.786862+00:00,1,A6EJ7EU0KMGPL,3W8CV64QJ3I8ILUVLLIIS2N7ZCG9HI,0.00,0.10,j0ssl2ul,,,31ODACBENUY1E9R3NF01USOBNO6SQ7,3XIFEF0YTS88I6YF6TE764NZI4MTWA,,0,0.2,history,0.0,0.10,3,30,1,34,1,0,0.00,1,1,34,0,0,0.00,1,2,34,0,0,0.00,1,3,34,0,0,0.00,1,4,34,0,0,0.00,1,5,34,0,0,0.00,1,6,34,0,0,0.00,1,7,34,0,0,0.00,1,8,34,0,,,,,,,,2018-06-19 13:56:19.775642+00:00,0,0.0,0.00,1,1,1,0.2,30,300,1,3,history
35,tkbaxo5c,,0,20,19,ox,1,Results,172.16.176.137,2018-06-19 13:55:50.770993+00:00,1,A28LPPFS7FW2SD,3BEFOD78W7CTDTPUVN243ZKNU614MQ,0.11,0.21,j0ssl2ul,,,31ODACBENUY1E9R3NF01USOBNO6SQ7,3XIFEF0YTS88I6YF6TE764NZI4MTWA,,0,0.2,history,0.0,0.10,3,30,1,35,1,0,0.00,1,1,35,0,0,0.00,1,2,35,0,0,0.00,1,3,35,0,0,0.00,1,4,35,0,0,0.00,1,5,35,0,0,0.00,1,6,35,0,0,0.00,1,7,35,0,0,0.00,1,8,35,0,,,,,,,1,2018-06-19 13:56:06.628524+00:00,33,0.11,0.00,1,1,1,0.2,30,300,1,3,history
36,gm3btj8t,,0,2,19,consent,1,BlockDropouts,172.16.176.137,2018-06-19 13:56:02.834131+00:00,1,A2H2IDI8O1CN42,3TXWC2NHN09X8U8BWFUHWGU98NWS9L,0.00,0.10,j0ssl2ul,,,31ODACBENUY1E9R3NF01USOBNO6SQ7,3XIFEF0YTS88I6YF6TE764NZI4MTWA,,0,0.2,history,0.0,0.10,3,30,1,36,0,1,0.00,1,1,36,0,0,0.00,1,2,36,0,0,0.00,1,3,36,0,0,0.00,1,4,36,0,0,0.00,1,5,36,0,0,0.00,1,6,36,0,0,0.00,1,7,36,0,0,0.00,1,8,36,0,,,,,,,,,,,0.00,1,1,1,0.2,30,300,1,3,history
37,tn6hyr6y,,0,2,19,consent,1,BlockDropouts,172.16.176.137,2018-06-19 13:56:03.946589+00:00,1,A1Y0ABOUJUMCWW,36W0OB37HXXNOCC8PJCH5QP0EF4ZHN,0.00,0.10,j0ssl2ul,,,31ODACBENUY1E9R3NF01USOBNO6SQ7,3XIFEF0YTS88I6YF6TE764NZI4MTWA,,0,0.2,history,0.0,0.10,3,30,1,37,0,1,0.00,1,1,37,0,0,0.00,1,2,37,0,0,0.00,1,3,37,0,0,0.00,1,4,37,0,0,0.00,1,5,37,0,0,0.00,1,6,37,0,0,0.00,1,7,37,0,0,0.00,1,8,37,0,,,,,,,,,,,0.00,1,1,1,0.2,30,300,1,3,history
38,nakiapg5,,0,20,19,ox,1,Results,172.16.176.137,2018-06-19 13:56:10.340912+00:00,1,A3DD63B3AMQ9NP,3IXQG4FA2UHYR8R9LT8M6RK94ZB9B2,0.50,0.60,j0ssl2ul,,,31ODACBENUY1E9R3NF01USOBNO6SQ7,3XIFEF0YTS88I6YF6TE764NZI4MTWA,,0,0.2,history,0.0,0.10,3,30,1,38,1,0,0.00,1,1,38,0,0,0.00,1,2,38,0,0,0.00,1,3,38,0,0,0.00,1,4,38,0,0,0.00,1,5,38,0,0,0.00,1,6,38,0,0,0.00,1,7,38,0,0,0.00,1,8,38,0,,,,,,,1,2018-06-19 13:56:53.537753+00:00,148,0.5,0.00,1,1,1,0.2,30,300,1,3,history
39,83pjrjyk,,0,20,19,ox,1,Results,172.16.176.137,2018-06-19 13:56:14.617379+00:00,1,A2WP12TD17PLS7,3O6CYIULEEKOZ3DNEVZ9P1K8RL2WUV,1.00,1.10,j0ssl2ul,,,31ODACBENUY1E9R3NF01USOBNO6SQ7,3XIFEF0YTS88I6YF6TE764NZI4MTWA,,0,0.2,history,0.0,0.10,3,30,1,39,1,0,0.00,1,1,39,0,0,0.00,1,2,39,0,0,0.00,1,3,39,0,0,0.00,1,4,39,0,0,0.00,1,5,39,0,0,0.00,1,6,39,0,0,0.00,1,7,39,0,0,0.00,1,8,39,0,,,,,,,1,2018-06-19 13:56:55.030080+00:00,300,1.0,0.00,1,1,1,0.2,30,300,1,3,history
40,y240yilx,,0,20,19,ox,1,Results,172.16.176.137,2018-06-19 13:56:21.642251+00:00,1,A1C7XI68SED8JE,3TXWC2NHN09X8U8BWFUHWGU98NX9S3,1.00,1.10,j0ssl2ul,,,31ODACBENUY1E9R3NF01USOBNO6SQ7,3XIFEF0YTS88I6YF6TE764NZI4MTWA,,0,0.2,history,0.0,0.10,3,30,1,40,1,0,0.00,1,1,40,0,0,0.00,1,2,40,0,0,0.00,1,3,40,0,0,0.00,1,4,40,0,0,0.00,1,5,40,0,0,0.00,1,6,40,0,0,0.00,1,7,40,0,0,0.00,1,8,40,0,,,,,,,1,2018-06-19 13:56:35.099871+00:00,301,1.0,0.00,1,1,1,0.2,30,300,1,3,history
41,1rqcv1un,,0,20,19,ox,1,Results,172.16.176.137,2018-06-19 13:56:27.252939+00:00,1,A2Z3GIT4YL97YY,3YGXWBAF710G47D3IY8Q03FB0SXC4G,0.31,0.41,j0ssl2ul,,,31ODACBENUY1E9R3NF01USOBNO6SQ7,3XIFEF0YTS88I6YF6TE764NZI4MTWA,,0,0.2,history,0.0,0.10,3,30,1,41,1,0,0.00,1,1,41,0,0,0.00,1,2,41,0,0,0.00,1,3,41,0,0,0.00,1,4,41,0,0,0.00,1,5,41,0,0,0.00,1,6,41,0,0,0.00,1,7,41,0,0,0.00,1,8,41,0,,,,,,,1,2018-06-19 13:57:05.279674+00:00,93,0.31,0.00,1,1,1,0.2,30,300,1,3,history
42,6o4eqkl6,,0,0,19,,,,,,1,A154X03NKVZZL1,38YMOXR4MVI3XSNMID169V6SOZL6W4,0.00,0.10,j0ssl2ul,,,31ODACBENUY1E9R3NF01USOBNO6SQ7,3XIFEF0YTS88I6YF6TE764NZI4MTWA,,0,0.2,history,0.0,0.10,3,30,1,42,0,0,0.00,1,1,42,0,0,0.00,1,2,42,0,0,0.00,1,3,42,0,0,0.00,1,4,42,0,0,0.00,1,5,42,0,0,0.00,1,6,42,0,0,0.00,1,7,42,0,0,0.00,1,8,42,0,,,,,,,,,,,0.00,1,1,1,0.2,30,300,1,3,history
43,ktkajbuf,,0,20,19,ox,1,Results,172.16.176.137,2018-06-19 13:56:32.729930+00:00,1,AXFR7YKAC6GND,3W8CV64QJ3I8ILUVLLIIS2N7ZCG9HI,1.00,1.10,j0ssl2ul,,,31ODACBENUY1E9R3NF01USOBNO6SQ7,3XIFEF0YTS88I6YF6TE764NZI4MTWA,,0,0.2,history,0.0,0.10,3,30,1,43,1,0,0.00,1,1,43,0,0,0.00,1,2,43,0,0,0.00,1,3,43,0,0,0.00,1,4,43,0,0,0.00,1,5,43,0,0,0.00,1,6,43,0,0,0.00,1,7,43,0,0,0.00,1,8,43,0,,,,,,,1,2018-06-19 13:56:56.510657+00:00,301,1.0,0.00,1,1,1,0.2,30,300,1,3,history
44,iw6epwn1,,0,20,19,ox,1,Results,172.16.176.137,2018-06-19 13:56:52.247954+00:00,1,A9Z25VKRSKF8O,3YDGXNSEO0DES4NQ1MSLYHJSA1C482,1.00,1.10,j0ssl2ul,,,31ODACBENUY1E9R3NF01USOBNO6SQ7,3XIFEF0YTS88I6YF6TE764NZI4MTWA,,0,0.2,history,0.0,0.10,3,30,1,44,1,0,0.00,1,1,44,0,0,0.00,1,2,44,0,0,0.00,1,3,44,0,0,0.00,1,4,44,0,0,0.00,1,5,44,0,0,0.00,1,6,44,0,0,0.00,1,7,44,0,0,0.00,1,8,44,0,,,,,,,1,2018-06-19 13:57:30.014681+00:00,301,1.0,0.00,1,1,1,0.2,30,300,1,3,history
45,indw5sjn,,0,20,19,ox,1,Results,172.16.176.137,2018-06-19 13:56:55.562472+00:00,1,A23T45LD2D70DN,3G2UL9A02EXO7DMLA5TUHF7BV8C763,0.94,1.04,j0ssl2ul,,,31ODACBENUY1E9R3NF01USOBNO6SQ7,3XIFEF0YTS88I6YF6TE764NZI4MTWA,,0,0.2,history,0.0,0.10,3,30,1,45,1,0,0.00,1,1,45,0,0,0.00,1,2,45,0,0,0.00,1,3,45,0,0,0.00,1,4,45,0,0,0.00,1,5,45,0,0,0.00,1,6,45,0,0,0.00,1,7,45,0,0,0.00,1,8,45,11,"[22, 25, 60]",1800.0,1800.0,816.466125954415,0.337821471245406,1,,2018-06-19 13:57:16.325522+00:00,283,0.94,0.00,1,1,1,0.2,30,300,1,3,history
46,w10um8fw,,0,20,19,ox,1,Results,172.16.176.137,2018-06-19 13:57:03.844801+00:00,1,A3IL3HGJW7K6Q1,31QNSG6A5SCBBR593KQS1T3213278P,0.11,0.21,j0ssl2ul,,,31ODACBENUY1E9R3NF01USOBNO6SQ7,3XIFEF0YTS88I6YF6TE764NZI4MTWA,,0,0.2,history,0.0,0.10,3,30,1,46,1,0,0.00,1,1,46,0,0,0.00,1,2,46,0,0,0.00,1,3,46,0,0,0.00,1,4,46,0,0,0.00,1,5,46,0,0,0.00,1,6,46,0,0,0.00,1,7,46,0,0,0.00,1,8,46,0,,,,,,,1,2018-06-19 13:57:15.016420+00:00,33,0.11,0.00,1,1,1,0.2,30,300,1,3,history
47,bgr1s8jk,,0,20,19,ox,1,Results,172.16.176.137,2018-06-19 13:57:04.797433+00:00,1,A3IM1NBW1G1TCU,3EFE17QCRDOQN0QUURI99XSXR04SHB,0.18,0.28,j0ssl2ul,,,31ODACBENUY1E9R3NF01USOBNO6SQ7,3XIFEF0YTS88I6YF6TE764NZI4MTWA,,0,0.2,history,0.0,0.10,3,30,1,47,1,0,0.00,1,1,47,0,0,0.00,1,2,47,0,0,0.00,1,3,47,0,0,0.00,1,4,47,0,0,0.00,1,5,47,0,0,0.00,1,6,47,0,0,0.00,1,7,47,0,0,0.00,1,8,47,0,,,,,,,1,2018-06-19 13:57:48.072918+00:00,52,0.18,0.00,1,1,1,0.2,30,300,1,3,history
48,qcimqub7,,0,20,19,ox,1,Results,172.16.176.137,2018-06-19 13:57:09.523670+00:00,1,A2HHDKJ2REYXL,38YMOXR4MVI3XSNMID169V6SOZL6W4,1.00,1.10,j0ssl2ul,,,31ODACBENUY1E9R3NF01USOBNO6SQ7,3XIFEF0YTS88I6YF6TE764NZI4MTWA,,0,0.2,history,0.0,0.10,3,30,1,48,1,0,0.00,1,1,48,0,0,0.00,1,2,48,0,0,0.00,1,3,48,0,0,0.00,1,4,48,0,0,0.00,1,5,48,0,0,0.00,1,6,48,0,0,0.00,1,7,48,0,0,0.00,1,8,48,0,,,,,,,1,2018-06-19 13:57:48.953436+00:00,300,1.0,0.00,1,1,1,0.2,30,300,1,3,history
49,5nouacws,,0,2,19,consent,1,BlockDropouts,172.16.176.137,2018-06-19 13:57:11.979028+00:00,1,A3PE20PVSRKCLA,3FTF2T8WLS1QFBPKGK4IT5XUE0T9WI,0.00,0.10,j0ssl2ul,,,31ODACBENUY1E9R3NF01USOBNO6SQ7,3XIFEF0YTS88I6YF6TE764NZI4MTWA,,0,0.2,history,0.0,0.10,3,30,1,49,0,1,0.00,1,1,49,0,0,0.00,1,2,49,0,0,0.00,1,3,49,0,0,0.00,1,4,49,0,0,0.00,1,5,49,0,0,0.00,1,6,49,0,0,0.00,1,7,49,0,0,0.00,1,8,49,0,,,,,,,,,,,0.00,1,1,1,0.2,30,300,1,3,history
50,bvzgaroa,,0,20,19,ox,1,Results,172.16.176.137,2018-06-19 13:57:35.621497+00:00,1,ACVEFRSUAPSEQ,3Z4AIRP3C7WNF6RFMCLBGITIPQAX1P,1.00,1.10,j0ssl2ul,,,31ODACBENUY1E9R3NF01USOBNO6SQ7,3XIFEF0YTS88I6YF6TE764NZI4MTWA,,0,0.2,history,0.0,0.10,3,30,1,50,1,0,0.00,1,1,50,0,0,0.00,1,2,50,0,0,0.00,1,3,50,0,0,0.00,1,4,50,0,0,0.00,1,5,50,0,0,0.00,1,6,50,0,0,0.00,1,7,50,0,0,0.00,1,8,50,0,,,,,,,1,2018-06-19 13:57:50.391731+00:00,300,1.0,0.00,1,1,1,0.2,30,300,1,3,history
51,tj7i2faj,,0,2,19,consent,1,BlockDropouts,172.16.176.137,2018-06-19 13:57:39.723791+00:00,1,A3TODSYUYQ1V65,3EKVH9QMEZNG6L4UEGKDRU0V1ED2DA,0.00,0.10,j0ssl2ul,,,31ODACBENUY1E9R3NF01USOBNO6SQ7,3XIFEF0YTS88I6YF6TE764NZI4MTWA,,0,0.2,history,0.0,0.10,3,30,1,51,0,1,0.00,1,1,51,0,0,0.00,1,2,51,0,0,0.00,1,3,51,0,0,0.00,1,4,51,0,0,0.00,1,5,51,0,0,0.00,1,6,51,0,0,0.00,1,7,51,0,0,0.00,1,8,51,0,,,,,,,,,,,0.00,1,1,1,0.2,30,300,1,3,history
52,kfqvghna,,0,20,19,ox,1,Results,172.16.176.137,2018-06-19 13:57:47.911930+00:00,1,AXCPRXO08DFAH,3CN4LGXD5Y7T7AE8EQQFXU7U3GF4YG,1.00,1.10,j0ssl2ul,,,31ODACBENUY1E9R3NF01USOBNO6SQ7,3XIFEF0YTS88I6YF6TE764NZI4MTWA,,0,0.2,history,0.0,0.10,3,30,1,52,1,0,0.00,1,1,52,0,0,0.00,1,2,52,0,0,0.00,1,3,52,0,0,0.00,1,4,52,0,0,0.00,1,5,52,0,0,0.00,1,6,52,0,0,0.00,1,7,52,0,0,0.00,1,8,52,0,,,,,,,1,2018-06-19 13:58:07.600907+00:00,301,1.0,0.00,1,1,1,0.2,30,300,1,3,history
53,jbqpq9y8,,0,20,19,ox,1,Results,172.16.176.137,2018-06-19 13:57:49.370888+00:00,1,A2S1URE9GXPOY8,35BLDD71I7GS6D7SU8TLKRG9MUFZVD,1.00,1.10,j0ssl2ul,,,31ODACBENUY1E9R3NF01USOBNO6SQ7,3XIFEF0YTS88I6YF6TE764NZI4MTWA,,0,0.2,history,0.0,0.10,3,30,1,53,1,0,0.00,1,1,53,0,0,0.00,1,2,53,0,0,0.00,1,3,53,0,0,0.00,1,4,53,0,0,0.00,1,5,53,0,0,0.00,1,6,53,0,0,0.00,1,7,53,0,0,0.00,1,8,53,0,,,,,,,1,2018-06-19 13:58:20.367558+00:00,304,1.0,0.00,1,1,1,0.2,30,300,1,3,history
54,qb3pr1xp,,0,20,19,ox,1,Results,172.16.176.137,2018-06-19 13:58:11.461674+00:00,1,A3K4H4UCBAFSI3,3PB5A5BD0WPQ46BRMI2GT6K0PMF7G5,1.00,1.10,j0ssl2ul,,,31ODACBENUY1E9R3NF01USOBNO6SQ7,3XIFEF0YTS88I6YF6TE764NZI4MTWA,,0,0.2,history,0.0,0.10,3,30,1,54,1,0,0.00,1,1,54,0,0,0.00,1,2,54,0,0,0.00,1,3,54,0,0,0.00,1,4,54,0,0,0.00,1,5,54,0,0,0.00,1,6,54,0,0,0.00,1,7,54,0,0,0.00,1,8,54,0,,,,,,,1,2018-06-19 13:58:28.645544+00:00,300,1.0,0.00,1,1,1,0.2,30,300,1,3,history
55,td4xi0y9,,0,20,19,ox,1,Results,172.16.176.137,2018-06-19 13:58:30.417683+00:00,1,AZAPOAN6T6QFW,3QL2OFSM9712QFN903NMZCLBR9SCNB,0.91,1.01,j0ssl2ul,,,31ODACBENUY1E9R3NF01USOBNO6SQ7,3XIFEF0YTS88I6YF6TE764NZI4MTWA,,0,0.2,history,0.0,0.10,3,30,1,55,1,0,0.00,1,1,55,0,0,0.00,1,2,55,0,0,0.00,1,3,55,0,0,0.00,1,4,55,0,0,0.00,1,5,55,0,0,0.00,1,6,55,0,0,0.00,1,7,55,0,0,0.00,1,8,55,13,"[60, 45, 65]",997.9,2199.9932917,997.9,0.190673154906732,0,,2018-06-19 13:59:00.494778+00:00,271,0.91,0.00,1,1,1,0.2,30,300,1,3,history
56,rp4exmbq,,0,20,19,ox,1,Results,172.16.176.137,2018-06-19 13:59:28.007058+00:00,1,AQFCUJXQPQWZJ,3Q8GYXHFEQLY0QH3W3R05VLP0OS5CE,0.80,0.90,j0ssl2ul,,,31ODACBENUY1E9R3NF01USOBNO6SQ7,3XIFEF0YTS88I6YF6TE764NZI4MTWA,,0,0.2,history,0.0,0.10,3,30,1,56,1,0,0.00,1,1,56,0,0,0.00,1,2,56,0,0,0.00,1,3,56,0,0,0.00,1,4,56,0,0,0.00,1,5,56,0,0,0.00,1,6,56,0,0,0.00,1,7,56,0,0,0.00,1,8,56,14,"[45, 65, 55]",997.9,2199.9932917,997.9,0.190673154906732,0,,2018-06-19 14:00:19.490690+00:00,239,0.8,0.00,1,1,1,0.2,30,300,1,3,history
57,0t6yq0up,,0,20,19,ox,1,Results,172.16.176.137,2018-06-19 13:59:38.373541+00:00,1,A1IWRYUOVXAB0Z,3IQ1VMJRYU3T8YMHFF8QBG03MHQA98,1.00,1.10,j0ssl2ul,,,31ODACBENUY1E9R3NF01USOBNO6SQ7,3XIFEF0YTS88I6YF6TE764NZI4MTWA,,0,0.2,history,0.0,0.10,3,30,1,57,1,0,0.00,1,1,57,0,0,0.00,1,2,57,0,0,0.00,1,3,57,0,0,0.00,1,4,57,0,0,0.00,1,5,57,0,0,0.00,1,6,57,0,0,0.00,1,7,57,0,0,0.00,1,8,57,0,,,,,,,1,2018-06-19 14:00:53.833522+00:00,300,1.0,0.00,1,1,1,0.2,30,300,1,3,history
58,6pvp90tl,,0,20,19,ox,1,Results,172.16.176.137,2018-06-19 13:59:40.549234+00:00,1,ABN6GDFW4N8AK,3X4JMASXCNSGVE3WLXPTDGJG1VH0BH,1.91,2.01,j0ssl2ul,,,31ODACBENUY1E9R3NF01USOBNO6SQ7,3XIFEF0YTS88I6YF6TE764NZI4MTWA,,0,0.2,history,0.0,0.10,3,30,1,58,1,0,0.00,1,1,58,0,0,0.00,1,2,58,0,0,0.00,1,3,58,0,0,0.00,1,4,58,0,0,0.00,1,5,58,0,0,0.00,1,6,58,0,0,0.00,1,7,58,0,0,0.00,1,8,58,15,"[65, 55, 56]",2450.0,2450.0,1111.3011158824,0.0987014469729133,1,,2018-06-19 14:00:35.205640+00:00,273,0.91,1.00,1,1,1,0.2,30,300,1,3,history
59,j47f3cdk,,0,20,19,ox,1,Results,172.16.176.137,2018-06-19 13:59:50.763492+00:00,1,A3G3YNB79NKQ3Q,336KAV9KYRBJ4WZLAC7R4FAWJ2J2YI,0.13,0.23,j0ssl2ul,,,31ODACBENUY1E9R3NF01USOBNO6SQ7,3XIFEF0YTS88I6YF6TE764NZI4MTWA,,0,0.2,history,0.0,0.10,3,30,1,59,1,0,0.00,1,1,59,0,0,0.00,1,2,59,0,0,0.00,1,3,59,0,0,0.00,1,4,59,0,0,0.00,1,5,59,0,0,0.00,1,6,59,0,0,0.00,1,7,59,0,0,0.00,1,8,59,0,,,,,,,1,2018-06-19 14:00:10.960670+00:00,38,0.13,0.00,1,1,1,0.2,30,300,1,3,history
60,9oveb1rg,,0,20,19,ox,1,Results,172.16.176.137,2018-06-19 14:01:05.279677+00:00,1,A2AMTPTQ0DUFZ0,3RWE2M8QWITIWNSTONU24BJAIKV0N6,0.00,0.10,j0ssl2ul,,,31ODACBENUY1E9R3NF01USOBNO6SQ7,3XIFEF0YTS88I6YF6TE764NZI4MTWA,,0,0.2,history,0.0,0.10,3,30,1,60,1,0,0.00,1,1,60,0,0,0.00,1,2,60,0,0,0.00,1,3,60,0,0,0.00,1,4,60,0,0,0.00,1,5,60,0,0,0.00,1,6,60,0,0,0.00,1,7,60,0,0,0.00,1,8,60,10,"[17, 22, 25]",220.0,220.0,99.7903042833174,0.919067068707772,1,,2018-06-19 14:01:29.039086+00:00,0,0.0,0.00,1,1,1,0.2,30,300,1,3,history
61,5do9fsz1,,0,20,19,ox,1,Results,172.16.176.137,2018-06-19 14:02:07.691745+00:00,1,A1TBL7E87DYE6J,3QAVNHZ3ENNO90NQ4CBGGPRYMB7AL5,0.74,0.84,j0ssl2ul,,,31ODACBENUY1E9R3NF01USOBNO6SQ7,3XIFEF0YTS88I6YF6TE764NZI4MTWA,,0,0.2,history,0.0,0.10,3,30,1,61,1,0,0.00,1,1,61,0,0,0.00,1,2,61,0,0,0.00,1,3,61,0,0,0.00,1,4,61,0,0,0.00,1,5,61,0,0,0.00,1,6,61,0,0,0.00,1,7,61,0,0,0.00,1,8,61,16,"[55, 56, 58]",997.9,2199.9932917,997.9,0.190673154906732,0,,2018-06-19 14:02:20.089126+00:00,223,0.74,0.00,1,1,1,0.2,30,300,1,3,history
62,uq7fqrf1,,0,20,19,ox,1,Results,172.16.176.137,2018-06-19 14:02:07.963872+00:00,1,A1RK5KQQ320OH4,3S3AMIZX3VOT43WWB99J379HD5QDCU,0.95,1.05,j0ssl2ul,,,31ODACBENUY1E9R3NF01USOBNO6SQ7,3XIFEF0YTS88I6YF6TE764NZI4MTWA,,0,0.2,history,0.0,0.10,3,30,1,62,1,0,0.00,1,1,62,0,0,0.00,1,2,62,0,0,0.00,1,3,62,0,0,0.00,1,4,62,0,0,0.00,1,5,62,0,0,0.00,1,6,62,0,0,0.00,1,7,62,0,0,0.00,1,8,62,18,"[58, 61, 63]",1500.0,3306.9345,1500.0,0.21654501216545,0,,2018-06-19 14:02:54.430073+00:00,286,0.95,0.00,1,1,1,0.2,30,300,1,3,history
63,urickhm5,,0,20,19,ox,1,Results,172.16.176.137,2018-06-19 14:02:20.024123+00:00,1,AVM4EPVEXE306,30BXRYBRP5GJUH73EWSA6MVIXD1HWG,0.75,0.85,j0ssl2ul,,,31ODACBENUY1E9R3NF01USOBNO6SQ7,3XIFEF0YTS88I6YF6TE764NZI4MTWA,,0,0.2,history,0.0,0.10,3,30,1,63,1,0,0.00,1,1,63,0,0,0.00,1,2,63,0,0,0.00,1,3,63,0,0,0.00,1,4,63,0,0,0.00,1,5,63,0,0,0.00,1,6,63,0,0,0.00,1,7,63,0,0,0.00,1,8,63,17,"[56, 58, 61]",1800.0,3968.3214,1800.0,0.45985401459854,0,,2018-06-19 14:02:52.506282+00:00,225,0.75,0.00,1,1,1,0.2,30,300,1,3,history
64,zye6fqzn,,0,20,19,ox,1,Results,172.16.176.137,2018-06-19 14:02:25.286906+00:00,1,A33B85TN97HQ33,33M4IA01QHKB8BQWK60QM9BVTO4XRL,0.22,0.32,j0ssl2ul,,,31ODACBENUY1E9R3NF01USOBNO6SQ7,3XIFEF0YTS88I6YF6TE764NZI4MTWA,,0,0.2,history,0.0,0.10,3,30,1,64,1,0,0.00,1,1,64,0,0,0.00,1,2,64,0,0,0.00,1,3,64,0,0,0.00,1,4,64,0,0,0.00,1,5,64,0,0,0.00,1,6,64,0,0,0.00,1,7,64,0,0,0.00,1,8,64,0,,,,,,,1,2018-06-19 14:02:36.296103+00:00,66,0.22,0.00,1,1,1,0.2,30,300,1,3,history
65,4cmsrk4q,,0,20,19,ox,1,Results,172.16.176.137,2018-06-19 14:02:39.214421+00:00,1,A2VM2EU6AHX5IC,3JPSL1DZ5TIEX0QBGPRVTHVNR67AN7,0.00,0.10,j0ssl2ul,,,31ODACBENUY1E9R3NF01USOBNO6SQ7,3XIFEF0YTS88I6YF6TE764NZI4MTWA,,0,0.2,history,0.0,0.10,3,30,1,65,1,0,0.00,1,1,65,0,0,0.00,1,2,65,0,0,0.00,1,3,65,0,0,0.00,1,4,65,0,0,0.00,1,5,65,0,0,0.00,1,6,65,0,0,0.00,1,7,65,0,0,0.00,1,8,65,12,"[25, 60, 45]",2200.0,2200.0,997.903042833174,0.190670687077718,1,,2018-06-19 14:02:50.782689+00:00,0,0.0,0.00,1,1,1,0.2,30,300,1,3,history
66,idqhik7e,,0,20,19,ox,1,Results,172.16.176.137,2018-06-19 14:03:02.699287+00:00,1,A37Y1OJCIRM3TG,3M1CVSFP61OZ0X33WHJCXBQSWHUAQU,0.91,1.01,j0ssl2ul,,,31ODACBENUY1E9R3NF01USOBNO6SQ7,3XIFEF0YTS88I6YF6TE764NZI4MTWA,,0,0.2,history,0.0,0.10,3,30,1,66,1,0,0.00,1,1,66,0,0,0.00,1,2,66,0,0,0.00,1,3,66,0,0,0.00,1,4,66,0,0,0.00,1,5,66,0,0,0.00,1,6,66,0,0,0.00,1,7,66,0,0,0.00,1,8,66,19,"[61, 63, 62]",3306.9,3306.9,1499.98435106592,0.216532320410316,1,,2018-06-19 14:03:38.773787+00:00,273,0.91,0.00,1,1,1,0.2,30,300,1,3,history
67,ie6f3h2f,,0,2,19,consent,1,BlockDropouts,172.16.176.137,2018-06-19 14:03:31.673940+00:00,1,A3GEL5PWFIK05S,3H8DHMCCWAUBN18K3MQHRQMPIEZDK7,0.00,0.10,j0ssl2ul,,,31ODACBENUY1E9R3NF01USOBNO6SQ7,3XIFEF0YTS88I6YF6TE764NZI4MTWA,,0,0.2,history,0.0,0.10,3,30,1,67,0,1,0.00,1,1,67,0,0,0.00,1,2,67,0,0,0.00,1,3,67,0,0,0.00,1,4,67,0,0,0.00,1,5,67,0,0,0.00,1,6,67,0,0,0.00,1,7,67,0,0,0.00,1,8,67,0,,,,,,,,,,,0.00,1,1,1,0.2,30,300,1,3,history
68,4iw4xog5,,0,20,19,ox,1,Results,172.16.176.137,2018-06-19 14:03:41.151432+00:00,1,A20AHOMNUVOO,3KAKFY4PGVLMZEGZAUZT11L0ZXLI33,0.14,0.24,j0ssl2ul,,,31ODACBENUY1E9R3NF01USOBNO6SQ7,3XIFEF0YTS88I6YF6TE764NZI4MTWA,,0,0.2,history,0.0,0.10,3,30,1,68,1,0,0.00,1,1,68,0,0,0.00,1,2,68,0,0,0.00,1,3,68,0,0,0.00,1,4,68,0,0,0.00,1,5,68,0,0,0.00,1,6,68,0,0,0.00,1,7,68,0,0,0.00,1,8,68,0,,,,,,,1,2018-06-19 14:05:00.993370+00:00,40,0.14,0.00,1,1,1,0.2,30,300,1,3,history
69,5cg4ppby,,0,20,19,ox,1,Results,172.16.176.137,2018-06-19 14:03:51.571309+00:00,1,A4LCG4MSNJRUF,3P529IW9KZ4J5R4YFSX8UQ2PJRKFLN,0.97,1.07,j0ssl2ul,,,31ODACBENUY1E9R3NF01USOBNO6SQ7,3XIFEF0YTS88I6YF6TE764NZI4MTWA,,0,0.2,history,0.0,0.10,3,30,1,69,1,0,0.00,1,1,69,0,0,0.00,1,2,69,0,0,0.00,1,3,69,0,0,0.00,1,4,69,0,0,0.00,1,5,69,0,0,0.00,1,6,69,0,0,0.00,1,7,69,0,0,0.00,1,8,69,20,"[63, 62, 66]",3306.9,3306.9,1499.98435106592,0.216532320410316,1,,2018-06-19 14:04:10.804474+00:00,290,0.97,0.00,1,1,1,0.2,30,300,1,3,history
70,k27me9fr,,0,20,19,ox,1,Results,172.16.176.137,2018-06-19 14:03:56.494365+00:00,1,AV182SXSO370E,392CY0QWG2A7HAZ3A84CB6D6DXHI4O,1.00,1.10,j0ssl2ul,,,31ODACBENUY1E9R3NF01USOBNO6SQ7,3XIFEF0YTS88I6YF6TE764NZI4MTWA,,0,0.2,history,0.0,0.10,3,30,1,70,1,0,0.00,1,1,70,0,0,0.00,1,2,70,0,0,0.00,1,3,70,0,0,0.00,1,4,70,0,0,0.00,1,5,70,0,0,0.00,1,6,70,0,0,0.00,1,7,70,0,0,0.00,1,8,70,0,,,,,,,1,2018-06-19 14:04:35.327375+00:00,300,1.0,0.00,1,1,1,0.2,30,300,1,3,history
71,b1be8r8y,,0,20,19,ox,1,Results,172.16.176.137,2018-06-19 14:04:13.927020+00:00,1,AFP8ZPBKR5B9T,3KYQYYSHYWQUDSTZ1EIAY73Y2J9DOR,1.00,1.10,j0ssl2ul,,,31ODACBENUY1E9R3NF01USOBNO6SQ7,3XIFEF0YTS88I6YF6TE764NZI4MTWA,,0,0.2,history,0.0,0.10,3,30,1,71,1,0,0.00,1,1,71,0,0,0.00,1,2,71,0,0,0.00,1,3,71,0,0,0.00,1,4,71,0,0,0.00,1,5,71,0,0,0.00,1,6,71,0,0,0.00,1,7,71,0,0,0.00,1,8,71,0,,,,,,,1,2018-06-19 14:04:48.258632+00:00,300,1.0,0.00,1,1,1,0.2,30,300,1,3,history
72,x6c4agep,,0,20,19,ox,1,Results,172.16.176.137,2018-06-19 14:04:42.117538+00:00,1,A240S1BIYWZGZE,3II4UPYCOKQXY46FGRAENCYYHKRDQZ,0.11,0.21,j0ssl2ul,,,31ODACBENUY1E9R3NF01USOBNO6SQ7,3XIFEF0YTS88I6YF6TE764NZI4MTWA,,0,0.2,history,0.0,0.10,3,30,1,72,1,0,0.00,1,1,72,0,0,0.00,1,2,72,0,0,0.00,1,3,72,0,0,0.00,1,4,72,0,0,0.00,1,5,72,0,0,0.00,1,6,72,0,0,0.00,1,7,72,0,0,0.00,1,8,72,0,,,,,,,1,2018-06-19 14:04:50.574814+00:00,34,0.11,0.00,1,1,1,0.2,30,300,1,3,history
73,h6rmx6ws,,0,20,19,ox,1,Results,172.16.176.137,2018-06-19 14:05:19.171084+00:00,1,A3R2GMSGQ4JG7R,3MMN5BL1W0N8VX6QV9XLTUSHG653M4,0.12,0.22,j0ssl2ul,,,31ODACBENUY1E9R3NF01USOBNO6SQ7,3XIFEF0YTS88I6YF6TE764NZI4MTWA,,0,0.2,history,0.0,0.10,3,30,1,73,1,0,0.00,1,1,73,0,0,0.00,1,2,73,0,0,0.00,1,3,73,0,0,0.00,1,4,73,0,0,0.00,1,5,73,0,0,0.00,1,6,73,0,0,0.00,1,7,73,0,0,0.00,1,8,73,0,,,,,,,1,2018-06-19 14:05:44.151619+00:00,37,0.12,0.00,1,1,1,0.2,30,300,1,3,history
74,7kwcah8k,,0,20,19,ox,1,Results,172.16.176.137,2018-06-19 14:05:33.813244+00:00,1,A6JKKANO7F4KD,3V5Q80FXIYAIOT2XLRE1ELEJA1O32D,0.90,1.00,j0ssl2ul,,,31ODACBENUY1E9R3NF01USOBNO6SQ7,3XIFEF0YTS88I6YF6TE764NZI4MTWA,,0,0.2,history,0.0,0.10,3,30,1,74,1,0,0.00,1,1,74,0,0,0.00,1,2,74,0,0,0.00,1,3,74,0,0,0.00,1,4,74,0,0,0.00,1,5,74,0,0,0.00,1,6,74,0,0,0.00,1,7,74,0,0,0.00,1,8,74,0,,,,,,,1,2018-06-19 14:05:56.378970+00:00,271,0.9,0.00,1,1,1,0.2,30,300,1,3,history
75,mjnwx3tk,,0,20,19,ox,1,Results,172.16.176.137,2018-06-19 14:05:59.829628+00:00,1,A1YK5BEUKS3S1W,324G5B4FB4RTT2068GDD8EXKI5Q702,1.00,1.10,j0ssl2ul,,,31ODACBENUY1E9R3NF01USOBNO6SQ7,3XIFEF0YTS88I6YF6TE764NZI4MTWA,,0,0.2,history,0.0,0.10,3,30,1,75,1,0,0.00,1,1,75,0,0,0.00,1,2,75,0,0,0.00,1,3,75,0,0,0.00,1,4,75,0,0,0.00,1,5,75,0,0,0.00,1,6,75,0,0,0.00,1,7,75,0,0,0.00,1,8,75,0,,,,,,,1,2018-06-19 14:06:49.199159+00:00,303,1.0,0.00,1,1,1,0.2,30,300,1,3,history
76,5sia069u,,0,20,19,ox,1,Results,172.16.176.137,2018-06-19 14:06:14.874236+00:00,1,A157B3QKJ34UHC,3KOPY89HM9LIUP05SCKTD200CCAJ3G,1.00,1.10,j0ssl2ul,,,31ODACBENUY1E9R3NF01USOBNO6SQ7,3XIFEF0YTS88I6YF6TE764NZI4MTWA,,0,0.2,history,0.0,0.10,3,30,1,76,1,0,0.00,1,1,76,0,0,0.00,1,2,76,0,0,0.00,1,3,76,0,0,0.00,1,4,76,0,0,0.00,1,5,76,0,0,0.00,1,6,76,0,0,0.00,1,7,76,0,0,0.00,1,8,76,0,,,,,,,1,2018-06-19 14:06:25.089388+00:00,300,1.0,0.00,1,1,1,0.2,30,300,1,3,history
77,fdtivmwz,,0,20,19,ox,1,Results,172.16.176.137,2018-06-19 14:06:22.391056+00:00,1,A1FELIDLLENZB7,3GNA64GUZFN2URRM1LSVP0A643TQ54,0.12,0.22,j0ssl2ul,,,31ODACBENUY1E9R3NF01USOBNO6SQ7,3XIFEF0YTS88I6YF6TE764NZI4MTWA,,0,0.2,history,0.0,0.10,3,30,1,77,1,0,0.00,1,1,77,0,0,0.00,1,2,77,0,0,0.00,1,3,77,0,0,0.00,1,4,77,0,0,0.00,1,5,77,0,0,0.00,1,6,77,0,0,0.00,1,7,77,0,0,0.00,1,8,77,0,,,,,,,1,2018-06-19 14:06:55.807864+00:00,35,0.12,0.00,1,1,1,0.2,30,300,1,3,history
78,up4a0055,,0,20,19,ox,1,Results,172.16.176.137,2018-06-19 14:06:46.253709+00:00,1,A2O4LWSUZAEZUX,3E337GFOLARF7R3E2PJ5P36QP1KGNP,0.41,0.51,j0ssl2ul,,,31ODACBENUY1E9R3NF01USOBNO6SQ7,3XIFEF0YTS88I6YF6TE764NZI4MTWA,,0,0.2,history,0.0,0.10,3,30,1,78,1,0,0.00,1,1,78,0,0,0.00,1,2,78,0,0,0.00,1,3,78,0,0,0.00,1,4,78,0,0,0.00,1,5,78,0,0,0.00,1,6,78,0,0,0.00,1,7,78,0,0,0.00,1,8,78,0,,,,,,,1,2018-06-19 14:07:07.906541+00:00,122,0.41,0.00,1,1,1,0.2,30,300,1,3,history
79,c6cfe8ok,,0,2,19,consent,1,BlockDropouts,172.16.176.137,2018-06-19 14:06:47.695911+00:00,1,A2NHPETX25VH3Q,3DYGAII7PMR6N195L019N6FNV3UQPQ,0.00,0.10,j0ssl2ul,,,31ODACBENUY1E9R3NF01USOBNO6SQ7,3XIFEF0YTS88I6YF6TE764NZI4MTWA,,0,0.2,history,0.0,0.10,3,30,1,79,0,1,0.00,1,1,79,0,0,0.00,1,2,79,0,0,0.00,1,3,79,0,0,0.00,1,4,79,0,0,0.00,1,5,79,0,0,0.00,1,6,79,0,0,0.00,1,7,79,0,0,0.00,1,8,79,0,,,,,,,,,,,0.00,1,1,1,0.2,30,300,1,3,history
80,b4c8tb8n,,0,20,19,ox,1,Results,172.16.176.137,2018-06-19 14:07:04.022186+00:00,1,A3GSIZ2GX4L1Z3,34S9DKFK748FTIOEWV5BW3DUUXANYU,1.00,1.10,j0ssl2ul,,,31ODACBENUY1E9R3NF01USOBNO6SQ7,3XIFEF0YTS88I6YF6TE764NZI4MTWA,,0,0.2,history,0.0,0.10,3,30,1,80,1,0,0.00,1,1,80,0,0,0.00,1,2,80,0,0,0.00,1,3,80,0,0,0.00,1,4,80,0,0,0.00,1,5,80,0,0,0.00,1,6,80,0,0,0.00,1,7,80,0,0,0.00,1,8,80,0,,,,,,,1,2018-06-19 14:07:25.096090+00:00,302,1.0,0.00,1,1,1,0.2,30,300,1,3,history
81,36cv9dyc,,0,20,19,ox,1,Results,172.16.176.137,2018-06-19 14:07:31.008976+00:00,1,A3GGPTXYZ3S4I9,3L4PIM1GQUZ08GG6P2MS5NI4VUZYRT,1.00,1.10,j0ssl2ul,,,31ODACBENUY1E9R3NF01USOBNO6SQ7,3XIFEF0YTS88I6YF6TE764NZI4MTWA,,0,0.2,history,0.0,0.10,3,30,1,81,1,0,0.00,1,1,81,0,0,0.00,1,2,81,0,0,0.00,1,3,81,0,0,0.00,1,4,81,0,0,0.00,1,5,81,0,0,0.00,1,6,81,0,0,0.00,1,7,81,0,0,0.00,1,8,81,0,,,,,,,1,2018-06-19 14:07:51.369112+00:00,301,1.0,0.00,1,1,1,0.2,30,300,1,3,history
82,77b4ocll,,0,20,19,ox,1,Results,172.16.176.137,2018-06-19 14:08:13.012543+00:00,1,A3D9L5CQXK1YJL,3AMYWKA6YC5VSJEKRRAWS1T6LXN6OT,1.00,1.10,j0ssl2ul,,,31ODACBENUY1E9R3NF01USOBNO6SQ7,3XIFEF0YTS88I6YF6TE764NZI4MTWA,,0,0.2,history,0.0,0.10,3,30,1,82,1,0,0.00,1,1,82,0,0,0.00,1,2,82,0,0,0.00,1,3,82,0,0,0.00,1,4,82,0,0,0.00,1,5,82,0,0,0.00,1,6,82,0,0,0.00,1,7,82,0,0,0.00,1,8,82,0,,,,,,,1,2018-06-19 14:08:41.055699+00:00,300,1.0,0.00,1,1,1,0.2,30,300,1,3,history
83,gkicdrfa,,0,20,19,ox,1,Results,172.16.176.137,2018-06-19 14:08:14.199175+00:00,1,A27IUQDZPHETTP,382M9COHEIYUI3RWTV533VD8KHYUEE,1.00,1.10,j0ssl2ul,,,31ODACBENUY1E9R3NF01USOBNO6SQ7,3XIFEF0YTS88I6YF6TE764NZI4MTWA,,0,0.2,history,0.0,0.10,3,30,1,83,1,0,0.00,1,1,83,0,0,0.00,1,2,83,0,0,0.00,1,3,83,0,0,0.00,1,4,83,0,0,0.00,1,5,83,0,0,0.00,1,6,83,0,0,0.00,1,7,83,0,0,0.00,1,8,83,0,,,,,,,1,2018-06-19 14:08:35.547869+00:00,300,1.0,0.00,1,1,1,0.2,30,300,1,3,history
84,1sdoick0,,0,20,19,ox,1,Results,172.16.176.137,2018-06-19 14:08:34.114635+00:00,1,AOIK8K4X34LGR,3Z2R0DQ0JIXLYRIUABVXXCIG1QF2E4,1.00,1.10,j0ssl2ul,,,31ODACBENUY1E9R3NF01USOBNO6SQ7,3XIFEF0YTS88I6YF6TE764NZI4MTWA,,0,0.2,history,0.0,0.10,3,30,1,84,1,0,0.00,1,1,84,0,0,0.00,1,2,84,0,0,0.00,1,3,84,0,0,0.00,1,4,84,0,0,0.00,1,5,84,0,0,0.00,1,6,84,0,0,0.00,1,7,84,0,0,0.00,1,8,84,0,,,,,,,1,2018-06-19 14:08:54.936175+00:00,300,1.0,0.00,1,1,1,0.2,30,300,1,3,history
85,7bugomrh,,0,2,19,consent,1,BlockDropouts,172.16.176.137,2018-06-19 14:08:36.872704+00:00,1,A2Q7BWWDXGQJQR,3AAJC4I4FHBJFI7YDJF2H35FR79ZJT,0.00,0.10,j0ssl2ul,,,31ODACBENUY1E9R3NF01USOBNO6SQ7,3XIFEF0YTS88I6YF6TE764NZI4MTWA,,0,0.2,history,0.0,0.10,3,30,1,85,0,1,0.00,1,1,85,0,0,0.00,1,2,85,0,0,0.00,1,3,85,0,0,0.00,1,4,85,0,0,0.00,1,5,85,0,0,0.00,1,6,85,0,0,0.00,1,7,85,0,0,0.00,1,8,85,0,,,,,,,,,,,0.00,1,1,1,0.2,30,300,1,3,history
86,lva09rhh,,0,2,19,consent,1,BlockDropouts,172.16.176.137,2018-06-19 14:11:11.170639+00:00,1,A22V47J8KJ6NVS,3QY7M81QH85V6S7AC9NVRYCTW3X7K9,0.00,0.10,j0ssl2ul,,,31ODACBENUY1E9R3NF01USOBNO6SQ7,3XIFEF0YTS88I6YF6TE764NZI4MTWA,,0,0.2,history,0.0,0.10,3,30,1,86,0,1,0.00,1,1,86,0,0,0.00,1,2,86,0,0,0.00,1,3,86,0,0,0.00,1,4,86,0,0,0.00,1,5,86,0,0,0.00,1,6,86,0,0,0.00,1,7,86,0,0,0.00,1,8,86,0,,,,,,,,,,,0.00,1,1,1,0.2,30,300,1,3,history
87,0c3v3vjc,,0,20,19,ox,1,Results,172.16.176.137,2018-06-19 14:11:39.175256+00:00,1,A9UBPUEWAMA06,3B1NLC6UG0FFACFRI4WXTSBLPGLPGU,1.00,1.10,j0ssl2ul,,,31ODACBENUY1E9R3NF01USOBNO6SQ7,3XIFEF0YTS88I6YF6TE764NZI4MTWA,,0,0.2,history,0.0,0.10,3,30,1,87,1,0,0.00,1,1,87,0,0,0.00,1,2,87,0,0,0.00,1,3,87,0,0,0.00,1,4,87,0,0,0.00,1,5,87,0,0,0.00,1,6,87,0,0,0.00,1,7,87,0,0,0.00,1,8,87,0,,,,,,,1,2018-06-19 14:12:25.872663+00:00,303,1.0,0.00,1,1,1,0.2,30,300,1,3,history
88,c1yi78vl,,0,2,19,consent,1,BlockDropouts,172.16.176.137,2018-06-19 14:11:41.116612+00:00,1,AFQKLIYNCVZTL,3U5NZHP4LSLTA8A22AEFESNM4GYPHT,0.00,0.10,j0ssl2ul,,,31ODACBENUY1E9R3NF01USOBNO6SQ7,3XIFEF0YTS88I6YF6TE764NZI4MTWA,,0,0.2,history,0.0,0.10,3,30,1,88,0,1,0.00,1,1,88,0,0,0.00,1,2,88,0,0,0.00,1,3,88,0,0,0.00,1,4,88,0,0,0.00,1,5,88,0,0,0.00,1,6,88,0,0,0.00,1,7,88,0,0,0.00,1,8,88,0,,,,,,,,,,,0.00,1,1,1,0.2,30,300,1,3,history
89,d900q1k2,,0,20,19,ox,1,Results,172.16.176.137,2018-06-19 14:12:04.691356+00:00,1,A2VUVKED43ACRK,3TOK3KHVJU1EWJSPA1FOYFT2G877OT,1.00,1.10,j0ssl2ul,,,31ODACBENUY1E9R3NF01USOBNO6SQ7,3XIFEF0YTS88I6YF6TE764NZI4MTWA,,0,0.2,history,0.0,0.10,3,30,1,89,1,0,0.00,1,1,89,0,0,0.00,1,2,89,0,0,0.00,1,3,89,0,0,0.00,1,4,89,0,0,0.00,1,5,89,0,0,0.00,1,6,89,0,0,0.00,1,7,89,0,0,0.00,1,8,89,0,,,,,,,1,2018-06-19 14:12:15.545875+00:00,302,1.0,0.00,1,1,1,0.2,30,300,1,3,history
90,iwq9u7lg,,0,20,19,ox,1,Results,172.16.176.137,2018-06-19 14:14:04.099892+00:00,1,A2EKCMS8IKV57N,3FTYUGLFSV485INHWZMBP137LO55DF,1.00,1.10,j0ssl2ul,,,31ODACBENUY1E9R3NF01USOBNO6SQ7,3XIFEF0YTS88I6YF6TE764NZI4MTWA,,0,0.2,history,0.0,0.10,3,30,1,90,1,0,0.00,1,1,90,0,0,0.00,1,2,90,0,0,0.00,1,3,90,0,0,0.00,1,4,90,0,0,0.00,1,5,90,0,0,0.00,1,6,90,0,0,0.00,1,7,90,0,0,0.00,1,8,90,0,,,,,,,1,2018-06-19 14:14:33.885141+00:00,300,1.0,0.00,1,1,1,0.2,30,300,1,3,history
91,lcyvkpbd,,0,20,19,ox,1,Results,172.16.176.137,2018-06-19 14:14:58.699221+00:00,1,AK11BPNWE727G,3PJUZCGDJ7ZFPAT2IHOCFPU8WTR893,1.00,1.10,j0ssl2ul,,,31ODACBENUY1E9R3NF01USOBNO6SQ7,3XIFEF0YTS88I6YF6TE764NZI4MTWA,,0,0.2,history,0.0,0.10,3,30,1,91,1,0,0.00,1,1,91,0,0,0.00,1,2,91,0,0,0.00,1,3,91,0,0,0.00,1,4,91,0,0,0.00,1,5,91,0,0,0.00,1,6,91,0,0,0.00,1,7,91,0,0,0.00,1,8,91,0,,,,,,,1,2018-06-19 14:15:22.287532+00:00,300,1.0,0.00,1,1,1,0.2,30,300,1,3,history
92,mwz1pk5u,,0,20,19,ox,1,Results,172.16.176.137,2018-06-19 14:15:19.633491+00:00,1,A64QXRDH94VAJ,36U2A8VAG2IELC3BZIDV4BWQ026KYN,1.00,1.10,j0ssl2ul,,,31ODACBENUY1E9R3NF01USOBNO6SQ7,3XIFEF0YTS88I6YF6TE764NZI4MTWA,,0,0.2,history,0.0,0.10,3,30,1,92,1,0,0.00,1,1,92,0,0,0.00,1,2,92,0,0,0.00,1,3,92,0,0,0.00,1,4,92,0,0,0.00,1,5,92,0,0,0.00,1,6,92,0,0,0.00,1,7,92,0,0,0.00,1,8,92,0,,,,,,,1,2018-06-19 14:16:05.384984+00:00,300,1.0,0.00,1,1,1,0.2,30,300,1,3,history
93,gn0idc3a,,0,20,19,ox,1,Results,172.16.176.137,2018-06-19 14:16:01.332696+00:00,1,A26FIQ42LD6QIO,3GNA64GUZFN2URRM1LSVP0A643UQ55,0.88,0.98,j0ssl2ul,,,31ODACBENUY1E9R3NF01USOBNO6SQ7,3XIFEF0YTS88I6YF6TE764NZI4MTWA,,0,0.2,history,0.0,0.10,3,30,1,93,1,0,0.00,1,1,93,0,0,0.00,1,2,93,0,0,0.00,1,3,93,0,0,0.00,1,4,93,0,0,0.00,1,5,93,0,0,0.00,1,6,93,0,0,0.00,1,7,93,0,0,0.00,1,8,93,0,,,,,,,1,2018-06-19 14:16:19.411880+00:00,264,0.88,0.00,1,1,1,0.2,30,300,1,3,history
94,v8e4c5gh,,0,20,19,ox,1,Results,172.16.176.137,2018-06-19 14:16:06.859310+00:00,1,A20LO45X4E3S4V,3S0TNUHWKU1RS06JUXTE1LDYNE68DK,1.00,1.10,j0ssl2ul,,,31ODACBENUY1E9R3NF01USOBNO6SQ7,3XIFEF0YTS88I6YF6TE764NZI4MTWA,,0,0.2,history,0.0,0.10,3,30,1,94,1,0,0.00,1,1,94,0,0,0.00,1,2,94,0,0,0.00,1,3,94,0,0,0.00,1,4,94,0,0,0.00,1,5,94,0,0,0.00,1,6,94,0,0,0.00,1,7,94,0,0,0.00,1,8,94,0,,,,,,,1,2018-06-19 14:16:31.787488+00:00,301,1.0,0.00,1,1,1,0.2,30,300,1,3,history
95,t9vz7a2o,,0,20,19,ox,1,Results,172.16.176.137,2018-06-19 14:16:28.111646+00:00,1,A2X823PACMMOKP,3NGMS9VZTM1X5ZU2THUAZDX5MVZFFJ,0.12,0.22,j0ssl2ul,,,31ODACBENUY1E9R3NF01USOBNO6SQ7,3XIFEF0YTS88I6YF6TE764NZI4MTWA,,0,0.2,history,0.0,0.10,3,30,1,95,1,0,0.00,1,1,95,0,0,0.00,1,2,95,0,0,0.00,1,3,95,0,0,0.00,1,4,95,0,0,0.00,1,5,95,0,0,0.00,1,6,95,0,0,0.00,1,7,95,0,0,0.00,1,8,95,0,,,,,,,1,2018-06-19 14:16:43.465424+00:00,34,0.12,0.00,1,1,1,0.2,30,300,1,3,history
96,st8qtqyd,,0,20,19,ox,1,Results,172.16.176.137,2018-06-19 14:16:37.295825+00:00,1,AUBB8KU9XV2R8,3TPWUS5F8AKSD9WNS4E9VVY2KLXCW3,1.00,1.10,j0ssl2ul,,,31ODACBENUY1E9R3NF01USOBNO6SQ7,3XIFEF0YTS88I6YF6TE764NZI4MTWA,,0,0.2,history,0.0,0.10,3,30,1,96,1,0,0.00,1,1,96,0,0,0.00,1,2,96,0,0,0.00,1,3,96,0,0,0.00,1,4,96,0,0,0.00,1,5,96,0,0,0.00,1,6,96,0,0,0.00,1,7,96,0,0,0.00,1,8,96,0,,,,,,,1,2018-06-19 14:17:07.717884+00:00,302,1.0,0.00,1,1,1,0.2,30,300,1,3,history
97,tpbvuv6z,,0,2,19,consent,1,BlockDropouts,172.16.176.137,2018-06-19 14:16:56.947831+00:00,1,A3K1P4SPR8XS7R,3PXX5PX6LYHCWR1EDZMM2MVTAHUABJ,0.00,0.10,j0ssl2ul,,,31ODACBENUY1E9R3NF01USOBNO6SQ7,3XIFEF0YTS88I6YF6TE764NZI4MTWA,,0,0.2,history,0.0,0.10,3,30,1,97,0,1,0.00,1,1,97,0,0,0.00,1,2,97,0,0,0.00,1,3,97,0,0,0.00,1,4,97,0,0,0.00,1,5,97,0,0,0.00,1,6,97,0,0,0.00,1,7,97,0,0,0.00,1,8,97,0,,,,,,,,,,,0.00,1,1,1,0.2,30,300,1,3,history
98,d1v99hyc,,0,2,19,consent,1,BlockDropouts,172.16.176.137,2018-06-19 14:17:37.230777+00:00,1,A3C2PSZEKN8OWD,3Y9N9SS8LZU5R30DIGYIA45N7SED3X,0.00,0.10,j0ssl2ul,,,31ODACBENUY1E9R3NF01USOBNO6SQ7,3XIFEF0YTS88I6YF6TE764NZI4MTWA,,0,0.2,history,0.0,0.10,3,30,1,98,0,1,0.00,1,1,98,0,0,0.00,1,2,98,0,0,0.00,1,3,98,0,0,0.00,1,4,98,0,0,0.00,1,5,98,0,0,0.00,1,6,98,0,0,0.00,1,7,98,0,0,0.00,1,8,98,0,,,,,,,,,,,0.00,1,1,1,0.2,30,300,1,3,history
99,sb6enbfj,,0,20,19,ox,1,Results,172.16.176.137,2018-06-19 14:18:12.277007+00:00,1,A1QUDNLO95AKS5,3UWN2HHPUZOIXWC5XPDMEHPTDCFNSH,0.91,1.01,j0ssl2ul,,,31ODACBENUY1E9R3NF01USOBNO6SQ7,3XIFEF0YTS88I6YF6TE764NZI4MTWA,,0,0.2,history,0.0,0.10,3,30,1,99,1,0,0.00,1,1,99,0,0,0.00,1,2,99,0,0,0.00,1,3,99,0,0,0.00,1,4,99,0,0,0.00,1,5,99,0,0,0.00,1,6,99,0,0,0.00,1,7,99,0,0,0.00,1,8,99,0,,,,,,,1,2018-06-19 14:18:29.943265+00:00,271,0.91,0.00,1,1,1,0.2,30,300,1,3,history
100,733ebdgb,,0,20,19,ox,1,Results,172.16.176.137,2018-06-19 14:18:45.901468+00:00,1,A3VOMP0WOJTB4I,37C0GNLMHGM4OMNV1IWGH7H7HJGD63,1.00,1.10,j0ssl2ul,,,31ODACBENUY1E9R3NF01USOBNO6SQ7,3XIFEF0YTS88I6YF6TE764NZI4MTWA,,0,0.2,history,0.0,0.10,3,30,1,100,1,0,0.00,1,1,100,0,0,0.00,1,2,100,0,0,0.00,1,3,100,0,0,0.00,1,4,100,0,0,0.00,1,5,100,0,0,0.00,1,6,100,0,0,0.00,1,7,100,0,0,0.00,1,8,100,0,,,,,,,1,2018-06-19 14:19:13.816798+00:00,302,1.0,0.00,1,1,1,0.2,30,300,1,3,history
101,9u719mfk,,0,20,19,ox,1,Results,172.16.176.137,2018-06-19 14:18:52.207825+00:00,1,A39SJKH4C2ZYKZ,3G0WWMR1UW36KGXS5LOHJHASVOUQNV,1.00,1.10,j0ssl2ul,,,31ODACBENUY1E9R3NF01USOBNO6SQ7,3XIFEF0YTS88I6YF6TE764NZI4MTWA,,0,0.2,history,0.0,0.10,3,30,1,101,1,0,0.00,1,1,101,0,0,0.00,1,2,101,0,0,0.00,1,3,101,0,0,0.00,1,4,101,0,0,0.00,1,5,101,0,0,0.00,1,6,101,0,0,0.00,1,7,101,0,0,0.00,1,8,101,0,,,,,,,1,2018-06-19 14:19:42.057371+00:00,302,1.0,0.00,1,1,1,0.2,30,300,1,3,history
102,m5d2w5nt,,0,20,19,ox,1,Results,172.16.176.137,2018-06-19 14:19:05.473794+00:00,1,AISNLDPD2DFEG,3LWJHTCVCD5UWOKB7X54BC1JTX8FQD,1.00,1.10,j0ssl2ul,,,31ODACBENUY1E9R3NF01USOBNO6SQ7,3XIFEF0YTS88I6YF6TE764NZI4MTWA,,0,0.2,history,0.0,0.10,3,30,1,102,1,0,0.00,1,1,102,0,0,0.00,1,2,102,0,0,0.00,1,3,102,0,0,0.00,1,4,102,0,0,0.00,1,5,102,0,0,0.00,1,6,102,0,0,0.00,1,7,102,0,0,0.00,1,8,102,0,,,,,,,1,2018-06-19 14:19:23.396453+00:00,300,1.0,0.00,1,1,1,0.2,30,300,1,3,history
103,3qizsz4m,,0,20,19,ox,1,Results,172.16.176.137,2018-06-19 14:19:13.085416+00:00,1,A2Z9HR2IBD75R9,33PPO7FECWYKH6IW3J55EA7CQABID2,0.99,1.09,j0ssl2ul,,,31ODACBENUY1E9R3NF01USOBNO6SQ7,3XIFEF0YTS88I6YF6TE764NZI4MTWA,,0,0.2,history,0.0,0.10,3,30,1,103,1,0,0.00,1,1,103,0,0,0.00,1,2,103,0,0,0.00,1,3,103,0,0,0.00,1,4,103,0,0,0.00,1,5,103,0,0,0.00,1,6,103,0,0,0.00,1,7,103,0,0,0.00,1,8,103,0,,,,,,,1,2018-06-19 14:19:25.283712+00:00,297,0.99,0.00,1,1,1,0.2,30,300,1,3,history
104,sbiofarm,,0,20,19,ox,1,Results,172.16.176.137,2018-06-19 14:19:48.864739+00:00,1,A2BIH7AVLVLJ9P,3NXNZ5RS1BGBPWOJ8CW61PYDL9L97H,1.00,1.10,j0ssl2ul,,,31ODACBENUY1E9R3NF01USOBNO6SQ7,3XIFEF0YTS88I6YF6TE764NZI4MTWA,,0,0.2,history,0.0,0.10,3,30,1,104,1,0,0.00,1,1,104,0,0,0.00,1,2,104,0,0,0.00,1,3,104,0,0,0.00,1,4,104,0,0,0.00,1,5,104,0,0,0.00,1,6,104,0,0,0.00,1,7,104,0,0,0.00,1,8,104,0,,,,,,,1,2018-06-19 14:20:53.157740+00:00,300,1.0,0.00,1,1,1,0.2,30,300,1,3,history
105,0i1a2tsg,,0,20,19,ox,1,Results,172.16.176.137,2018-06-19 14:20:35.072147+00:00,1,AQ4PB1PVI9U7V,33OOO72IVI40LSSTXZ9Y8BR3GRFTCU,1.00,1.10,j0ssl2ul,,,31ODACBENUY1E9R3NF01USOBNO6SQ7,3XIFEF0YTS88I6YF6TE764NZI4MTWA,,0,0.2,history,0.0,0.10,3,30,1,105,1,0,0.00,1,1,105,0,0,0.00,1,2,105,0,0,0.00,1,3,105,0,0,0.00,1,4,105,0,0,0.00,1,5,105,0,0,0.00,1,6,105,0,0,0.00,1,7,105,0,0,0.00,1,8,105,0,,,,,,,1,2018-06-19 14:21:01.156249+00:00,302,1.0,0.00,1,1,1,0.2,30,300,1,3,history
106,wzwyltn2,,0,20,19,ox,1,Results,172.16.176.137,2018-06-19 14:20:58.492371+00:00,1,A3PUU1XU4C1A3V,39PAAFCODNJWK1YTOG43Y3FS1YVVTV,0.12,0.22,j0ssl2ul,,,31ODACBENUY1E9R3NF01USOBNO6SQ7,3XIFEF0YTS88I6YF6TE764NZI4MTWA,,0,0.2,history,0.0,0.10,3,30,1,106,1,0,0.00,1,1,106,0,0,0.00,1,2,106,0,0,0.00,1,3,106,0,0,0.00,1,4,106,0,0,0.00,1,5,106,0,0,0.00,1,6,106,0,0,0.00,1,7,106,0,0,0.00,1,8,106,0,,,,,,,1,2018-06-19 14:21:27.815760+00:00,36,0.12,0.00,1,1,1,0.2,30,300,1,3,history
107,htiqf4mw,,0,20,19,ox,1,Results,172.16.176.137,2018-06-19 14:20:59.347788+00:00,1,AE2QWV0TZNJAN,3TXMY6UCAF7NTC01GVF336GGWKGQCD,0.20,0.30,j0ssl2ul,,,31ODACBENUY1E9R3NF01USOBNO6SQ7,3XIFEF0YTS88I6YF6TE764NZI4MTWA,,0,0.2,history,0.0,0.10,3,30,1,107,1,0,0.00,1,1,107,0,0,0.00,1,2,107,0,0,0.00,1,3,107,0,0,0.00,1,4,107,0,0,0.00,1,5,107,0,0,0.00,1,6,107,0,0,0.00,1,7,107,0,0,0.00,1,8,107,0,,,,,,,1,2018-06-19 14:22:46.683858+00:00,60,0.2,0.00,1,1,1,0.2,30,300,1,3,history
108,bxwlb2ct,,0,20,19,ox,1,Results,172.16.176.137,2018-06-19 14:21:53.727628+00:00,1,A4B96XFNI7UBT,3GU1KF0O4JKJJV7G2I4JSHKO93UPBE,0.12,0.22,j0ssl2ul,,,31ODACBENUY1E9R3NF01USOBNO6SQ7,3XIFEF0YTS88I6YF6TE764NZI4MTWA,,0,0.2,history,0.0,0.10,3,30,1,108,1,0,0.00,1,1,108,0,0,0.00,1,2,108,0,0,0.00,1,3,108,0,0,0.00,1,4,108,0,0,0.00,1,5,108,0,0,0.00,1,6,108,0,0,0.00,1,7,108,0,0,0.00,1,8,108,0,,,,,,,1,2018-06-19 14:23:21.727410+00:00,34,0.12,0.00,1,1,1,0.2,30,300,1,3,history
109,fav1b6d1,,0,20,19,ox,1,Results,172.16.176.137,2018-06-19 14:21:55.675682+00:00,1,A19HCBT1EH8484,3K772S5NP9UPDHLCTWY4KGOIQ9XEHY,1.00,1.10,j0ssl2ul,,,31ODACBENUY1E9R3NF01USOBNO6SQ7,3XIFEF0YTS88I6YF6TE764NZI4MTWA,,0,0.2,history,0.0,0.10,3,30,1,109,1,0,0.00,1,1,109,0,0,0.00,1,2,109,0,0,0.00,1,3,109,0,0,0.00,1,4,109,0,0,0.00,1,5,109,0,0,0.00,1,6,109,0,0,0.00,1,7,109,0,0,0.00,1,8,109,0,,,,,,,1,2018-06-19 14:22:11.434824+00:00,302,1.0,0.00,1,1,1,0.2,30,300,1,3,history
110,uw7xh82s,,0,20,19,ox,1,Results,172.16.176.137,2018-06-19 14:22:28.920784+00:00,1,A1PVLUCFO6KDGR,32Z9ZLUT1M3BP8Y1NA10PSIWUB3HO5,1.00,1.10,j0ssl2ul,,,31ODACBENUY1E9R3NF01USOBNO6SQ7,3XIFEF0YTS88I6YF6TE764NZI4MTWA,,0,0.2,history,0.0,0.10,3,30,1,110,1,0,0.00,1,1,110,0,0,0.00,1,2,110,0,0,0.00,1,3,110,0,0,0.00,1,4,110,0,0,0.00,1,5,110,0,0,0.00,1,6,110,0,0,0.00,1,7,110,0,0,0.00,1,8,110,0,,,,,,,1,2018-06-19 14:22:50.768100+00:00,300,1.0,0.00,1,1,1,0.2,30,300,1,3,history
111,e3ark9kt,,0,20,19,ox,1,Results,172.16.176.137,2018-06-19 14:23:25.773981+00:00,1,A30CGO77OY7WP0,3I33IC7ZWGLI8E1IU6TB1TSPGBI2AA,0.98,1.08,j0ssl2ul,,,31ODACBENUY1E9R3NF01USOBNO6SQ7,3XIFEF0YTS88I6YF6TE764NZI4MTWA,,0,0.2,history,0.0,0.10,3,30,1,111,1,0,0.00,1,1,111,0,0,0.00,1,2,111,0,0,0.00,1,3,111,0,0,0.00,1,4,111,0,0,0.00,1,5,111,0,0,0.00,1,6,111,0,0,0.00,1,7,111,0,0,0.00,1,8,111,0,,,,,,,1,2018-06-19 14:23:39.899772+00:00,294,0.98,0.00,1,1,1,0.2,30,300,1,3,history
112,foqvren9,,0,2,19,consent,1,BlockDropouts,172.16.176.137,2018-06-19 14:23:52.745487+00:00,1,A14BMCF1JBIL6C,3F0BG9B9MQ6QQXWRGOOM06R4UI6Y7V,0.00,0.10,j0ssl2ul,,,31ODACBENUY1E9R3NF01USOBNO6SQ7,3XIFEF0YTS88I6YF6TE764NZI4MTWA,,0,0.2,history,0.0,0.10,3,30,1,112,0,1,0.00,1,1,112,0,0,0.00,1,2,112,0,0,0.00,1,3,112,0,0,0.00,1,4,112,0,0,0.00,1,5,112,0,0,0.00,1,6,112,0,0,0.00,1,7,112,0,0,0.00,1,8,112,0,,,,,,,,,,,0.00,1,1,1,0.2,30,300,1,3,history
113,f4axhnui,,0,20,19,ox,1,Results,172.16.176.137,2018-06-19 14:24:13.321468+00:00,1,A1IZ1FOGY5AA70,30BUDKLTXEEDXO1HSUXVVJLSL075E9,1.00,1.10,j0ssl2ul,,,31ODACBENUY1E9R3NF01USOBNO6SQ7,3XIFEF0YTS88I6YF6TE764NZI4MTWA,,0,0.2,history,0.0,0.10,3,30,1,113,1,0,0.00,1,1,113,0,0,0.00,1,2,113,0,0,0.00,1,3,113,0,0,0.00,1,4,113,0,0,0.00,1,5,113,0,0,0.00,1,6,113,0,0,0.00,1,7,113,0,0,0.00,1,8,113,0,,,,,,,1,2018-06-19 14:24:48.475857+00:00,300,1.0,0.00,1,1,1,0.2,30,300,1,3,history
114,rjr0eob3,,0,20,19,ox,1,Results,172.16.176.137,2018-06-19 14:24:33.252298+00:00,1,APWBUB0PDRLS5,3F0BG9B9MQ6QQXWRGOOM06R4UI6Y7V,0.12,0.22,j0ssl2ul,,,31ODACBENUY1E9R3NF01USOBNO6SQ7,3XIFEF0YTS88I6YF6TE764NZI4MTWA,,0,0.2,history,0.0,0.10,3,30,1,114,1,0,0.00,1,1,114,0,0,0.00,1,2,114,0,0,0.00,1,3,114,0,0,0.00,1,4,114,0,0,0.00,1,5,114,0,0,0.00,1,6,114,0,0,0.00,1,7,114,0,0,0.00,1,8,114,0,,,,,,,1,2018-06-19 14:24:46.350365+00:00,37,0.12,0.00,1,1,1,0.2,30,300,1,3,history
115,e4vpu46i,,0,20,19,ox,1,Results,172.16.176.137,2018-06-19 14:26:21.973020+00:00,1,A1BZNPQ0H7ZSER,3X73LLYYQ2XT7NYPMV1NA3IR41ZHNR,1.00,1.10,j0ssl2ul,,,31ODACBENUY1E9R3NF01USOBNO6SQ7,3XIFEF0YTS88I6YF6TE764NZI4MTWA,,0,0.2,history,0.0,0.10,3,30,1,115,1,0,0.00,1,1,115,0,0,0.00,1,2,115,0,0,0.00,1,3,115,0,0,0.00,1,4,115,0,0,0.00,1,5,115,0,0,0.00,1,6,115,0,0,0.00,1,7,115,0,0,0.00,1,8,115,0,,,,,,,1,2018-06-19 14:26:33.209556+00:00,301,1.0,0.00,1,1,1,0.2,30,300,1,3,history
116,4f05fagh,,0,20,19,ox,1,Results,172.16.176.137,2018-06-19 14:26:30.454575+00:00,1,A2LVWKZEY0TOAV,3B837J3LDPF3CU4XQWU3N1U3E95SRB,1.00,1.10,j0ssl2ul,,,31ODACBENUY1E9R3NF01USOBNO6SQ7,3XIFEF0YTS88I6YF6TE764NZI4MTWA,,0,0.2,history,0.0,0.10,3,30,1,116,1,0,0.00,1,1,116,0,0,0.00,1,2,116,0,0,0.00,1,3,116,0,0,0.00,1,4,116,0,0,0.00,1,5,116,0,0,0.00,1,6,116,0,0,0.00,1,7,116,0,0,0.00,1,8,116,0,,,,,,,1,2018-06-19 14:27:01.032420+00:00,303,1.0,0.00,1,1,1,0.2,30,300,1,3,history
117,dn81j1v2,,0,20,19,ox,1,Results,172.16.176.137,2018-06-19 14:26:35.756353+00:00,1,A2LO0E22RWJATQ,32AT8R96GMSVSMWEUQP8SCHNL89SUF,1.00,1.10,j0ssl2ul,,,31ODACBENUY1E9R3NF01USOBNO6SQ7,3XIFEF0YTS88I6YF6TE764NZI4MTWA,,0,0.2,history,0.0,0.10,3,30,1,117,1,0,0.00,1,1,117,0,0,0.00,1,2,117,0,0,0.00,1,3,117,0,0,0.00,1,4,117,0,0,0.00,1,5,117,0,0,0.00,1,6,117,0,0,0.00,1,7,117,0,0,0.00,1,8,117,0,,,,,,,1,2018-06-19 14:28:14.085012+00:00,300,1.0,0.00,1,1,1,0.2,30,300,1,3,history
118,nqn6vba9,,0,20,19,ox,1,Results,172.16.176.137,2018-06-19 14:26:38.987031+00:00,1,A1D3QRG52OISSR,3U5NZHP4LSLTA8A22AEFESNM4G0HPN,1.00,1.10,j0ssl2ul,,,31ODACBENUY1E9R3NF01USOBNO6SQ7,3XIFEF0YTS88I6YF6TE764NZI4MTWA,,0,0.2,history,0.0,0.10,3,30,1,118,1,0,0.00,1,1,118,0,0,0.00,1,2,118,0,0,0.00,1,3,118,0,0,0.00,1,4,118,0,0,0.00,1,5,118,0,0,0.00,1,6,118,0,0,0.00,1,7,118,0,0,0.00,1,8,118,0,,,,,,,1,2018-06-19 14:27:26.716606+00:00,301,1.0,0.00,1,1,1,0.2,30,300,1,3,history
119,v73kwbio,,0,20,19,ox,1,Results,172.16.176.137,2018-06-19 14:26:40.222304+00:00,1,A2WPXOVOS2QI9Y,3LUY3GC630JWHJ4QP1S3NFYSQD4P7T,1.00,1.10,j0ssl2ul,,,31ODACBENUY1E9R3NF01USOBNO6SQ7,3XIFEF0YTS88I6YF6TE764NZI4MTWA,,0,0.2,history,0.0,0.10,3,30,1,119,1,0,0.00,1,1,119,0,0,0.00,1,2,119,0,0,0.00,1,3,119,0,0,0.00,1,4,119,0,0,0.00,1,5,119,0,0,0.00,1,6,119,0,0,0.00,1,7,119,0,0,0.00,1,8,119,0,,,,,,,1,2018-06-19 14:27:09.454822+00:00,300,1.0,0.00,1,1,1,0.2,30,300,1,3,history
120,7ifzdpp8,,0,20,19,ox,1,Results,172.16.176.137,2018-06-19 14:27:40.831861+00:00,1,A18LFH7XW61JO9,3TVRFO09GLY05DVJFM3U0X2WNWIXLY,1.00,1.10,j0ssl2ul,,,31ODACBENUY1E9R3NF01USOBNO6SQ7,3XIFEF0YTS88I6YF6TE764NZI4MTWA,,0,0.2,history,0.0,0.10,3,30,1,120,1,0,0.00,1,1,120,0,0,0.00,1,2,120,0,0,0.00,1,3,120,0,0,0.00,1,4,120,0,0,0.00,1,5,120,0,0,0.00,1,6,120,0,0,0.00,1,7,120,0,0,0.00,1,8,120,0,,,,,,,1,2018-06-19 14:28:20.074602+00:00,301,1.0,0.00,1,1,1,0.2,30,300,1,3,history
121,7f19o2w8,,0,20,19,ox,1,Results,172.16.176.137,2018-06-19 14:27:52.198879+00:00,1,ARSABS3TFA1GU,3NXNZ5RS1BGBPWOJ8CW61PYDL9N79H,1.00,1.10,j0ssl2ul,,,31ODACBENUY1E9R3NF01USOBNO6SQ7,3XIFEF0YTS88I6YF6TE764NZI4MTWA,,0,0.2,history,0.0,0.10,3,30,1,121,1,0,0.00,1,1,121,0,0,0.00,1,2,121,0,0,0.00,1,3,121,0,0,0.00,1,4,121,0,0,0.00,1,5,121,0,0,0.00,1,6,121,0,0,0.00,1,7,121,0,0,0.00,1,8,121,0,,,,,,,1,2018-06-19 14:28:05.459485+00:00,300,1.0,0.00,1,1,1,0.2,30,300,1,3,history
122,ppsgfqi9,,0,20,19,ox,1,Results,172.16.176.137,2018-06-19 14:27:54.715103+00:00,1,A20F1SLHKHBUT3,30LSNF239VEXEWKG6ULOIRG8TJO2IF,1.00,1.10,j0ssl2ul,,,31ODACBENUY1E9R3NF01USOBNO6SQ7,3XIFEF0YTS88I6YF6TE764NZI4MTWA,,0,0.2,history,0.0,0.10,3,30,1,122,1,0,0.00,1,1,122,0,0,0.00,1,2,122,0,0,0.00,1,3,122,0,0,0.00,1,4,122,0,0,0.00,1,5,122,0,0,0.00,1,6,122,0,0,0.00,1,7,122,0,0,0.00,1,8,122,0,,,,,,,1,2018-06-19 14:28:26.655889+00:00,300,1.0,0.00,1,1,1,0.2,30,300,1,3,history
123,qh76nmvr,,0,20,19,ox,1,Results,172.16.176.137,2018-06-19 14:27:57.853658+00:00,1,A3DK2JKNC7E3Z1,3B1NLC6UG0FFACFRI4WXTSBLPGNPGW,1.00,1.10,j0ssl2ul,,,31ODACBENUY1E9R3NF01USOBNO6SQ7,3XIFEF0YTS88I6YF6TE764NZI4MTWA,,0,0.2,history,0.0,0.10,3,30,1,123,1,0,0.00,1,1,123,0,0,0.00,1,2,123,0,0,0.00,1,3,123,0,0,0.00,1,4,123,0,0,0.00,1,5,123,0,0,0.00,1,6,123,0,0,0.00,1,7,123,0,0,0.00,1,8,123,0,,,,,,,1,2018-06-19 14:28:11.727496+00:00,301,1.0,0.00,1,1,1,0.2,30,300,1,3,history
124,8gzpasod,,0,20,19,ox,1,Results,172.16.176.137,2018-06-19 14:28:30.405006+00:00,1,A1O4W7F05T6HY0,3NKQQ8O39ZOPQXDWX0UJXDVNK5ZUDN,1.00,1.10,j0ssl2ul,,,31ODACBENUY1E9R3NF01USOBNO6SQ7,3XIFEF0YTS88I6YF6TE764NZI4MTWA,,0,0.2,history,0.0,0.10,3,30,1,124,1,0,0.00,1,1,124,0,0,0.00,1,2,124,0,0,0.00,1,3,124,0,0,0.00,1,4,124,0,0,0.00,1,5,124,0,0,0.00,1,6,124,0,0,0.00,1,7,124,0,0,0.00,1,8,124,0,,,,,,,1,2018-06-19 14:29:05.712606+00:00,300,1.0,0.00,1,1,1,0.2,30,300,1,3,history
125,vmwulo4m,,0,20,19,ox,1,Results,172.16.176.137,2018-06-19 14:28:49.087526+00:00,1,A2L54M0RH9C1C3,3LEIZ60CDKIU96UPR7OPS9RCV209ZB,1.00,1.10,j0ssl2ul,,,31ODACBENUY1E9R3NF01USOBNO6SQ7,3XIFEF0YTS88I6YF6TE764NZI4MTWA,,0,0.2,history,0.0,0.10,3,30,1,125,1,0,0.00,1,1,125,0,0,0.00,1,2,125,0,0,0.00,1,3,125,0,0,0.00,1,4,125,0,0,0.00,1,5,125,0,0,0.00,1,6,125,0,0,0.00,1,7,125,0,0,0.00,1,8,125,0,,,,,,,1,2018-06-19 14:29:08.733586+00:00,301,1.0,0.00,1,1,1,0.2,30,300,1,3,history
126,bdhbcyzh,,0,20,19,ox,1,Results,172.16.176.137,2018-06-19 14:29:11.340362+00:00,1,A21SP7E5DFFX37,3TXD01ZLD50CQ1U34PTQU91H7S74UL,0.11,0.21,j0ssl2ul,,,31ODACBENUY1E9R3NF01USOBNO6SQ7,3XIFEF0YTS88I6YF6TE764NZI4MTWA,,0,0.2,history,0.0,0.10,3,30,1,126,1,0,0.00,1,1,126,0,0,0.00,1,2,126,0,0,0.00,1,3,126,0,0,0.00,1,4,126,0,0,0.00,1,5,126,0,0,0.00,1,6,126,0,0,0.00,1,7,126,0,0,0.00,1,8,126,0,,,,,,,1,2018-06-19 14:29:44.957970+00:00,33,0.11,0.00,1,1,1,0.2,30,300,1,3,history
127,hnvs86j9,,0,0,19,,,,,,0,,,0.00,0.10,j0ssl2ul,,,31ODACBENUY1E9R3NF01USOBNO6SQ7,3XIFEF0YTS88I6YF6TE764NZI4MTWA,,0,0.2,history,0.0,0.10,3,30,1,127,0,0,0.00,1,1,127,0,0,0.00,1,2,127,0,0,0.00,1,3,127,0,0,0.00,1,4,127,0,0,0.00,1,5,127,0,0,0.00,1,6,127,0,0,0.00,1,7,127,0,0,0.00,1,8,127,0,,,,,,,,,,,0.00,1,1,1,0.2,30,300,1,3,history
128,hz29mmmi,,0,0,19,,,,,,0,,,0.00,0.10,j0ssl2ul,,,31ODACBENUY1E9R3NF01USOBNO6SQ7,3XIFEF0YTS88I6YF6TE764NZI4MTWA,,0,0.2,history,0.0,0.10,3,30,1,128,0,0,0.00,1,1,128,0,0,0.00,1,2,128,0,0,0.00,1,3,128,0,0,0.00,1,4,128,0,0,0.00,1,5,128,0,0,0.00,1,6,128,0,0,0.00,1,7,128,0,0,0.00,1,8,128,0,,,,,,,,,,,0.00,1,1,1,0.2,30,300,1,3,history
129,xclsmd4j,,0,0,19,,,,,,0,,,0.00,0.10,j0ssl2ul,,,31ODACBENUY1E9R3NF01USOBNO6SQ7,3XIFEF0YTS88I6YF6TE764NZI4MTWA,,0,0.2,history,0.0,0.10,3,30,1,129,0,0,0.00,1,1,129,0,0,0.00,1,2,129,0,0,0.00,1,3,129,0,0,0.00,1,4,129,0,0,0.00,1,5,129,0,0,0.00,1,6,129,0,0,0.00,1,7,129,0,0,0.00,1,8,129,0,,,,,,,,,,,0.00,1,1,1,0.2,30,300,1,3,history
130,acobuwus,,0,0,19,,,,,,0,,,0.00,0.10,j0ssl2ul,,,31ODACBENUY1E9R3NF01USOBNO6SQ7,3XIFEF0YTS88I6YF6TE764NZI4MTWA,,0,0.2,history,0.0,0.10,3,30,1,130,0,0,0.00,1,1,130,0,0,0.00,1,2,130,0,0,0.00,1,3,130,0,0,0.00,1,4,130,0,0,0.00,1,5,130,0,0,0.00,1,6,130,0,0,0.00,1,7,130,0,0,0.00,1,8,130,0,,,,,,,,,,,0.00,1,1,1,0.2,30,300,1,3,history
131,9cloxn60,,0,0,19,,,,,,0,,,0.00,0.10,j0ssl2ul,,,31ODACBENUY1E9R3NF01USOBNO6SQ7,3XIFEF0YTS88I6YF6TE764NZI4MTWA,,0,0.2,history,0.0,0.10,3,30,1,131,0,0,0.00,1,1,131,0,0,0.00,1,2,131,0,0,0.00,1,3,131,0,0,0.00,1,4,131,0,0,0.00,1,5,131,0,0,0.00,1,6,131,0,0,0.00,1,7,131,0,0,0.00,1,8,131,0,,,,,,,,,,,0.00,1,1,1,0.2,30,300,1,3,history
132,onztvnbe,,0,0,19,,,,,,0,,,0.00,0.10,j0ssl2ul,,,31ODACBENUY1E9R3NF01USOBNO6SQ7,3XIFEF0YTS88I6YF6TE764NZI4MTWA,,0,0.2,history,0.0,0.10,3,30,1,132,0,0,0.00,1,1,132,0,0,0.00,1,2,132,0,0,0.00,1,3,132,0,0,0.00,1,4,132,0,0,0.00,1,5,132,0,0,0.00,1,6,132,0,0,0.00,1,7,132,0,0,0.00,1,8,132,0,,,,,,,,,,,0.00,1,1,1,0.2,30,300,1,3,history
133,q9qnujq9,,0,0,19,,,,,,0,,,0.00,0.10,j0ssl2ul,,,31ODACBENUY1E9R3NF01USOBNO6SQ7,3XIFEF0YTS88I6YF6TE764NZI4MTWA,,0,0.2,history,0.0,0.10,3,30,1,133,0,0,0.00,1,1,133,0,0,0.00,1,2,133,0,0,0.00,1,3,133,0,0,0.00,1,4,133,0,0,0.00,1,5,133,0,0,0.00,1,6,133,0,0,0.00,1,7,133,0,0,0.00,1,8,133,0,,,,,,,,,,,0.00,1,1,1,0.2,30,300,1,3,history
134,qxayrx34,,0,0,19,,,,,,0,,,0.00,0.10,j0ssl2ul,,,31ODACBENUY1E9R3NF01USOBNO6SQ7,3XIFEF0YTS88I6YF6TE764NZI4MTWA,,0,0.2,history,0.0,0.10,3,30,1,134,0,0,0.00,1,1,134,0,0,0.00,1,2,134,0,0,0.00,1,3,134,0,0,0.00,1,4,134,0,0,0.00,1,5,134,0,0,0.00,1,6,134,0,0,0.00,1,7,134,0,0,0.00,1,8,134,0,,,,,,,,,,,0.00,1,1,1,0.2,30,300,1,3,history
135,btduh4zh,,0,0,19,,,,,,0,,,0.00,0.10,j0ssl2ul,,,31ODACBENUY1E9R3NF01USOBNO6SQ7,3XIFEF0YTS88I6YF6TE764NZI4MTWA,,0,0.2,history,0.0,0.10,3,30,1,135,0,0,0.00,1,1,135,0,0,0.00,1,2,135,0,0,0.00,1,3,135,0,0,0.00,1,4,135,0,0,0.00,1,5,135,0,0,0.00,1,6,135,0,0,0.00,1,7,135,0,0,0.00,1,8,135,0,,,,,,,,,,,0.00,1,1,1,0.2,30,300,1,3,history
136,lys2ypjj,,0,0,19,,,,,,0,,,0.00,0.10,j0ssl2ul,,,31ODACBENUY1E9R3NF01USOBNO6SQ7,3XIFEF0YTS88I6YF6TE764NZI4MTWA,,0,0.2,history,0.0,0.10,3,30,1,136,0,0,0.00,1,1,136,0,0,0.00,1,2,136,0,0,0.00,1,3,136,0,0,0.00,1,4,136,0,0,0.00,1,5,136,0,0,0.00,1,6,136,0,0,0.00,1,7,136,0,0,0.00,1,8,136,0,,,,,,,,,,,0.00,1,1,1,0.2,30,300,1,3,history
137,br2v1f6v,,0,0,19,,,,,,0,,,0.00,0.10,j0ssl2ul,,,31ODACBENUY1E9R3NF01USOBNO6SQ7,3XIFEF0YTS88I6YF6TE764NZI4MTWA,,0,0.2,history,0.0,0.10,3,30,1,137,0,0,0.00,1,1,137,0,0,0.00,1,2,137,0,0,0.00,1,3,137,0,0,0.00,1,4,137,0,0,0.00,1,5,137,0,0,0.00,1,6,137,0,0,0.00,1,7,137,0,0,0.00,1,8,137,0,,,,,,,,,,,0.00,1,1,1,0.2,30,300,1,3,history
138,6cmbg7b8,,0,0,19,,,,,,0,,,0.00,0.10,j0ssl2ul,,,31ODACBENUY1E9R3NF01USOBNO6SQ7,3XIFEF0YTS88I6YF6TE764NZI4MTWA,,0,0.2,history,0.0,0.10,3,30,1,138,0,0,0.00,1,1,138,0,0,0.00,1,2,138,0,0,0.00,1,3,138,0,0,0.00,1,4,138,0,0,0.00,1,5,138,0,0,0.00,1,6,138,0,0,0.00,1,7,138,0,0,0.00,1,8,138,0,,,,,,,,,,,0.00,1,1,1,0.2,30,300,1,3,history
139,5j8ui3n3,,0,0,19,,,,,,0,,,0.00,0.10,j0ssl2ul,,,31ODACBENUY1E9R3NF01USOBNO6SQ7,3XIFEF0YTS88I6YF6TE764NZI4MTWA,,0,0.2,history,0.0,0.10,3,30,1,139,0,0,0.00,1,1,139,0,0,0.00,1,2,139,0,0,0.00,1,3,139,0,0,0.00,1,4,139,0,0,0.00,1,5,139,0,0,0.00,1,6,139,0,0,0.00,1,7,139,0,0,0.00,1,8,139,0,,,,,,,,,,,0.00,1,1,1,0.2,30,300,1,3,history
140,mzh6t39v,,0,0,19,,,,,,0,,,0.00,0.10,j0ssl2ul,,,31ODACBENUY1E9R3NF01USOBNO6SQ7,3XIFEF0YTS88I6YF6TE764NZI4MTWA,,0,0.2,history,0.0,0.10,3,30,1,140,0,0,0.00,1,1,140,0,0,0.00,1,2,140,0,0,0.00,1,3,140,0,0,0.00,1,4,140,0,0,0.00,1,5,140,0,0,0.00,1,6,140,0,0,0.00,1,7,140,0,0,0.00,1,8,140,0,,,,,,,,,,,0.00,1,1,1,0.2,30,300,1,3,history
141,3nk8px8p,,0,0,19,,,,,,0,,,0.00,0.10,j0ssl2ul,,,31ODACBENUY1E9R3NF01USOBNO6SQ7,3XIFEF0YTS88I6YF6TE764NZI4MTWA,,0,0.2,history,0.0,0.10,3,30,1,141,0,0,0.00,1,1,141,0,0,0.00,1,2,141,0,0,0.00,1,3,141,0,0,0.00,1,4,141,0,0,0.00,1,5,141,0,0,0.00,1,6,141,0,0,0.00,1,7,141,0,0,0.00,1,8,141,0,,,,,,,,,,,0.00,1,1,1,0.2,30,300,1,3,history
142,ushlolop,,0,0,19,,,,,,0,,,0.00,0.10,j0ssl2ul,,,31ODACBENUY1E9R3NF01USOBNO6SQ7,3XIFEF0YTS88I6YF6TE764NZI4MTWA,,0,0.2,history,0.0,0.10,3,30,1,142,0,0,0.00,1,1,142,0,0,0.00,1,2,142,0,0,0.00,1,3,142,0,0,0.00,1,4,142,0,0,0.00,1,5,142,0,0,0.00,1,6,142,0,0,0.00,1,7,142,0,0,0.00,1,8,142,0,,,,,,,,,,,0.00,1,1,1,0.2,30,300,1,3,history
143,p9xjlda6,,0,0,19,,,,,,0,,,0.00,0.10,j0ssl2ul,,,31ODACBENUY1E9R3NF01USOBNO6SQ7,3XIFEF0YTS88I6YF6TE764NZI4MTWA,,0,0.2,history,0.0,0.10,3,30,1,143,0,0,0.00,1,1,143,0,0,0.00,1,2,143,0,0,0.00,1,3,143,0,0,0.00,1,4,143,0,0,0.00,1,5,143,0,0,0.00,1,6,143,0,0,0.00,1,7,143,0,0,0.00,1,8,143,0,,,,,,,,,,,0.00,1,1,1,0.2,30,300,1,3,history
144,1lq8ehc6,,0,0,19,,,,,,0,,,0.00,0.10,j0ssl2ul,,,31ODACBENUY1E9R3NF01USOBNO6SQ7,3XIFEF0YTS88I6YF6TE764NZI4MTWA,,0,0.2,history,0.0,0.10,3,30,1,144,0,0,0.00,1,1,144,0,0,0.00,1,2,144,0,0,0.00,1,3,144,0,0,0.00,1,4,144,0,0,0.00,1,5,144,0,0,0.00,1,6,144,0,0,0.00,1,7,144,0,0,0.00,1,8,144,0,,,,,,,,,,,0.00,1,1,1,0.2,30,300,1,3,history
145,c46xn3ip,,0,0,19,,,,,,0,,,0.00,0.10,j0ssl2ul,,,31ODACBENUY1E9R3NF01USOBNO6SQ7,3XIFEF0YTS88I6YF6TE764NZI4MTWA,,0,0.2,history,0.0,0.10,3,30,1,145,0,0,0.00,1,1,145,0,0,0.00,1,2,145,0,0,0.00,1,3,145,0,0,0.00,1,4,145,0,0,0.00,1,5,145,0,0,0.00,1,6,145,0,0,0.00,1,7,145,0,0,0.00,1,8,145,0,,,,,,,,,,,0.00,1,1,1,0.2,30,300,1,3,history
146,xpyelpmk,,0,0,19,,,,,,0,,,0.00,0.10,j0ssl2ul,,,31ODACBENUY1E9R3NF01USOBNO6SQ7,3XIFEF0YTS88I6YF6TE764NZI4MTWA,,0,0.2,history,0.0,0.10,3,30,1,146,0,0,0.00,1,1,146,0,0,0.00,1,2,146,0,0,0.00,1,3,146,0,0,0.00,1,4,146,0,0,0.00,1,5,146,0,0,0.00,1,6,146,0,0,0.00,1,7,146,0,0,0.00,1,8,146,0,,,,,,,,,,,0.00,1,1,1,0.2,30,300,1,3,history
147,jy909luc,,0,0,19,,,,,,0,,,0.00,0.10,j0ssl2ul,,,31ODACBENUY1E9R3NF01USOBNO6SQ7,3XIFEF0YTS88I6YF6TE764NZI4MTWA,,0,0.2,history,0.0,0.10,3,30,1,147,0,0,0.00,1,1,147,0,0,0.00,1,2,147,0,0,0.00,1,3,147,0,0,0.00,1,4,147,0,0,0.00,1,5,147,0,0,0.00,1,6,147,0,0,0.00,1,7,147,0,0,0.00,1,8,147,0,,,,,,,,,,,0.00,1,1,1,0.2,30,300,1,3,history
148,lwrsb0wl,,0,0,19,,,,,,0,,,0.00,0.10,j0ssl2ul,,,31ODACBENUY1E9R3NF01USOBNO6SQ7,3XIFEF0YTS88I6YF6TE764NZI4MTWA,,0,0.2,history,0.0,0.10,3,30,1,148,0,0,0.00,1,1,148,0,0,0.00,1,2,148,0,0,0.00,1,3,148,0,0,0.00,1,4,148,0,0,0.00,1,5,148,0,0,0.00,1,6,148,0,0,0.00,1,7,148,0,0,0.00,1,8,148,0,,,,,,,,,,,0.00,1,1,1,0.2,30,300,1,3,history
149,pzzgv1cb,,0,0,19,,,,,,0,,,0.00,0.10,j0ssl2ul,,,31ODACBENUY1E9R3NF01USOBNO6SQ7,3XIFEF0YTS88I6YF6TE764NZI4MTWA,,0,0.2,history,0.0,0.10,3,30,1,149,0,0,0.00,1,1,149,0,0,0.00,1,2,149,0,0,0.00,1,3,149,0,0,0.00,1,4,149,0,0,0.00,1,5,149,0,0,0.00,1,6,149,0,0,0.00,1,7,149,0,0,0.00,1,8,149,0,,,,,,,,,,,0.00,1,1,1,0.2,30,300,1,3,history
150,yedhki84,,0,0,19,,,,,,0,,,0.00,0.10,j0ssl2ul,,,31ODACBENUY1E9R3NF01USOBNO6SQ7,3XIFEF0YTS88I6YF6TE764NZI4MTWA,,0,0.2,history,0.0,0.10,3,30,1,150,0,0,0.00,1,1,150,0,0,0.00,1,2,150,0,0,0.00,1,3,150,0,0,0.00,1,4,150,0,0,0.00,1,5,150,0,0,0.00,1,6,150,0,0,0.00,1,7,150,0,0,0.00,1,8,150,0,,,,,,,,,,,0.00,1,1,1,0.2,30,300,1,3,history
151,8tbt1128,,0,0,19,,,,,,0,,,0.00,0.10,j0ssl2ul,,,31ODACBENUY1E9R3NF01USOBNO6SQ7,3XIFEF0YTS88I6YF6TE764NZI4MTWA,,0,0.2,history,0.0,0.10,3,30,1,151,0,0,0.00,1,1,151,0,0,0.00,1,2,151,0,0,0.00,1,3,151,0,0,0.00,1,4,151,0,0,0.00,1,5,151,0,0,0.00,1,6,151,0,0,0.00,1,7,151,0,0,0.00,1,8,151,0,,,,,,,,,,,0.00,1,1,1,0.2,30,300,1,3,history
152,25dplpx9,,0,0,19,,,,,,0,,,0.00,0.10,j0ssl2ul,,,31ODACBENUY1E9R3NF01USOBNO6SQ7,3XIFEF0YTS88I6YF6TE764NZI4MTWA,,0,0.2,history,0.0,0.10,3,30,1,152,0,0,0.00,1,1,152,0,0,0.00,1,2,152,0,0,0.00,1,3,152,0,0,0.00,1,4,152,0,0,0.00,1,5,152,0,0,0.00,1,6,152,0,0,0.00,1,7,152,0,0,0.00,1,8,152,0,,,,,,,,,,,0.00,1,1,1,0.2,30,300,1,3,history
153,qcrj0miz,,0,0,19,,,,,,0,,,0.00,0.10,j0ssl2ul,,,31ODACBENUY1E9R3NF01USOBNO6SQ7,3XIFEF0YTS88I6YF6TE764NZI4MTWA,,0,0.2,history,0.0,0.10,3,30,1,153,0,0,0.00,1,1,153,0,0,0.00,1,2,153,0,0,0.00,1,3,153,0,0,0.00,1,4,153,0,0,0.00,1,5,153,0,0,0.00,1,6,153,0,0,0.00,1,7,153,0,0,0.00,1,8,153,0,,,,,,,,,,,0.00,1,1,1,0.2,30,300,1,3,history
154,11i2ch1d,,0,0,19,,,,,,0,,,0.00,0.10,j0ssl2ul,,,31ODACBENUY1E9R3NF01USOBNO6SQ7,3XIFEF0YTS88I6YF6TE764NZI4MTWA,,0,0.2,history,0.0,0.10,3,30,1,154,0,0,0.00,1,1,154,0,0,0.00,1,2,154,0,0,0.00,1,3,154,0,0,0.00,1,4,154,0,0,0.00,1,5,154,0,0,0.00,1,6,154,0,0,0.00,1,7,154,0,0,0.00,1,8,154,0,,,,,,,,,,,0.00,1,1,1,0.2,30,300,1,3,history
155,b3vz5ium,,0,0,19,,,,,,0,,,0.00,0.10,j0ssl2ul,,,31ODACBENUY1E9R3NF01USOBNO6SQ7,3XIFEF0YTS88I6YF6TE764NZI4MTWA,,0,0.2,history,0.0,0.10,3,30,1,155,0,0,0.00,1,1,155,0,0,0.00,1,2,155,0,0,0.00,1,3,155,0,0,0.00,1,4,155,0,0,0.00,1,5,155,0,0,0.00,1,6,155,0,0,0.00,1,7,155,0,0,0.00,1,8,155,0,,,,,,,,,,,0.00,1,1,1,0.2,30,300,1,3,history
156,wcr8irgm,,0,0,19,,,,,,0,,,0.00,0.10,j0ssl2ul,,,31ODACBENUY1E9R3NF01USOBNO6SQ7,3XIFEF0YTS88I6YF6TE764NZI4MTWA,,0,0.2,history,0.0,0.10,3,30,1,156,0,0,0.00,1,1,156,0,0,0.00,1,2,156,0,0,0.00,1,3,156,0,0,0.00,1,4,156,0,0,0.00,1,5,156,0,0,0.00,1,6,156,0,0,0.00,1,7,156,0,0,0.00,1,8,156,0,,,,,,,,,,,0.00,1,1,1,0.2,30,300,1,3,history
157,rxd998se,,0,0,19,,,,,,0,,,0.00,0.10,j0ssl2ul,,,31ODACBENUY1E9R3NF01USOBNO6SQ7,3XIFEF0YTS88I6YF6TE764NZI4MTWA,,0,0.2,history,0.0,0.10,3,30,1,157,0,0,0.00,1,1,157,0,0,0.00,1,2,157,0,0,0.00,1,3,157,0,0,0.00,1,4,157,0,0,0.00,1,5,157,0,0,0.00,1,6,157,0,0,0.00,1,7,157,0,0,0.00,1,8,157,0,,,,,,,,,,,0.00,1,1,1,0.2,30,300,1,3,history
158,cf5jbson,,0,0,19,,,,,,0,,,0.00,0.10,j0ssl2ul,,,31ODACBENUY1E9R3NF01USOBNO6SQ7,3XIFEF0YTS88I6YF6TE764NZI4MTWA,,0,0.2,history,0.0,0.10,3,30,1,158,0,0,0.00,1,1,158,0,0,0.00,1,2,158,0,0,0.00,1,3,158,0,0,0.00,1,4,158,0,0,0.00,1,5,158,0,0,0.00,1,6,158,0,0,0.00,1,7,158,0,0,0.00,1,8,158,0,,,,,,,,,,,0.00,1,1,1,0.2,30,300,1,3,history
159,wp5bzgnd,,0,0,19,,,,,,0,,,0.00,0.10,j0ssl2ul,,,31ODACBENUY1E9R3NF01USOBNO6SQ7,3XIFEF0YTS88I6YF6TE764NZI4MTWA,,0,0.2,history,0.0,0.10,3,30,1,159,0,0,0.00,1,1,159,0,0,0.00,1,2,159,0,0,0.00,1,3,159,0,0,0.00,1,4,159,0,0,0.00,1,5,159,0,0,0.00,1,6,159,0,0,0.00,1,7,159,0,0,0.00,1,8,159,0,,,,,,,,,,,0.00,1,1,1,0.2,30,300,1,3,history
160,at1pvtob,,0,0,19,,,,,,0,,,0.00,0.10,j0ssl2ul,,,31ODACBENUY1E9R3NF01USOBNO6SQ7,3XIFEF0YTS88I6YF6TE764NZI4MTWA,,0,0.2,history,0.0,0.10,3,30,1,160,0,0,0.00,1,1,160,0,0,0.00,1,2,160,0,0,0.00,1,3,160,0,0,0.00,1,4,160,0,0,0.00,1,5,160,0,0,0.00,1,6,160,0,0,0.00,1,7,160,0,0,0.00,1,8,160,0,,,,,,,,,,,0.00,1,1,1,0.2,30,300,1,3,history
161,c8n1eall,,0,0,19,,,,,,0,,,0.00,0.10,j0ssl2ul,,,31ODACBENUY1E9R3NF01USOBNO6SQ7,3XIFEF0YTS88I6YF6TE764NZI4MTWA,,0,0.2,history,0.0,0.10,3,30,1,161,0,0,0.00,1,1,161,0,0,0.00,1,2,161,0,0,0.00,1,3,161,0,0,0.00,1,4,161,0,0,0.00,1,5,161,0,0,0.00,1,6,161,0,0,0.00,1,7,161,0,0,0.00,1,8,161,0,,,,,,,,,,,0.00,1,1,1,0.2,30,300,1,3,history
162,vly3b1hl,,0,0,19,,,,,,0,,,0.00,0.10,j0ssl2ul,,,31ODACBENUY1E9R3NF01USOBNO6SQ7,3XIFEF0YTS88I6YF6TE764NZI4MTWA,,0,0.2,history,0.0,0.10,3,30,1,162,0,0,0.00,1,1,162,0,0,0.00,1,2,162,0,0,0.00,1,3,162,0,0,0.00,1,4,162,0,0,0.00,1,5,162,0,0,0.00,1,6,162,0,0,0.00,1,7,162,0,0,0.00,1,8,162,0,,,,,,,,,,,0.00,1,1,1,0.2,30,300,1,3,history
163,lh7vcfn5,,0,0,19,,,,,,0,,,0.00,0.10,j0ssl2ul,,,31ODACBENUY1E9R3NF01USOBNO6SQ7,3XIFEF0YTS88I6YF6TE764NZI4MTWA,,0,0.2,history,0.0,0.10,3,30,1,163,0,0,0.00,1,1,163,0,0,0.00,1,2,163,0,0,0.00,1,3,163,0,0,0.00,1,4,163,0,0,0.00,1,5,163,0,0,0.00,1,6,163,0,0,0.00,1,7,163,0,0,0.00,1,8,163,0,,,,,,,,,,,0.00,1,1,1,0.2,30,300,1,3,history
164,q55p2vfl,,0,0,19,,,,,,0,,,0.00,0.10,j0ssl2ul,,,31ODACBENUY1E9R3NF01USOBNO6SQ7,3XIFEF0YTS88I6YF6TE764NZI4MTWA,,0,0.2,history,0.0,0.10,3,30,1,164,0,0,0.00,1,1,164,0,0,0.00,1,2,164,0,0,0.00,1,3,164,0,0,0.00,1,4,164,0,0,0.00,1,5,164,0,0,0.00,1,6,164,0,0,0.00,1,7,164,0,0,0.00,1,8,164,0,,,,,,,,,,,0.00,1,1,1,0.2,30,300,1,3,history
165,24f7y463,,0,0,19,,,,,,0,,,0.00,0.10,j0ssl2ul,,,31ODACBENUY1E9R3NF01USOBNO6SQ7,3XIFEF0YTS88I6YF6TE764NZI4MTWA,,0,0.2,history,0.0,0.10,3,30,1,165,0,0,0.00,1,1,165,0,0,0.00,1,2,165,0,0,0.00,1,3,165,0,0,0.00,1,4,165,0,0,0.00,1,5,165,0,0,0.00,1,6,165,0,0,0.00,1,7,165,0,0,0.00,1,8,165,0,,,,,,,,,,,0.00,1,1,1,0.2,30,300,1,3,history
166,0kyg1d9j,,0,0,19,,,,,,0,,,0.00,0.10,j0ssl2ul,,,31ODACBENUY1E9R3NF01USOBNO6SQ7,3XIFEF0YTS88I6YF6TE764NZI4MTWA,,0,0.2,history,0.0,0.10,3,30,1,166,0,0,0.00,1,1,166,0,0,0.00,1,2,166,0,0,0.00,1,3,166,0,0,0.00,1,4,166,0,0,0.00,1,5,166,0,0,0.00,1,6,166,0,0,0.00,1,7,166,0,0,0.00,1,8,166,0,,,,,,,,,,,0.00,1,1,1,0.2,30,300,1,3,history
167,h2p8xwpo,,0,0,19,,,,,,0,,,0.00,0.10,j0ssl2ul,,,31ODACBENUY1E9R3NF01USOBNO6SQ7,3XIFEF0YTS88I6YF6TE764NZI4MTWA,,0,0.2,history,0.0,0.10,3,30,1,167,0,0,0.00,1,1,167,0,0,0.00,1,2,167,0,0,0.00,1,3,167,0,0,0.00,1,4,167,0,0,0.00,1,5,167,0,0,0.00,1,6,167,0,0,0.00,1,7,167,0,0,0.00,1,8,167,0,,,,,,,,,,,0.00,1,1,1,0.2,30,300,1,3,history
168,tidropv0,,0,0,19,,,,,,0,,,0.00,0.10,j0ssl2ul,,,31ODACBENUY1E9R3NF01USOBNO6SQ7,3XIFEF0YTS88I6YF6TE764NZI4MTWA,,0,0.2,history,0.0,0.10,3,30,1,168,0,0,0.00,1,1,168,0,0,0.00,1,2,168,0,0,0.00,1,3,168,0,0,0.00,1,4,168,0,0,0.00,1,5,168,0,0,0.00,1,6,168,0,0,0.00,1,7,168,0,0,0.00,1,8,168,0,,,,,,,,,,,0.00,1,1,1,0.2,30,300,1,3,history
169,8fapig93,,0,0,19,,,,,,0,,,0.00,0.10,j0ssl2ul,,,31ODACBENUY1E9R3NF01USOBNO6SQ7,3XIFEF0YTS88I6YF6TE764NZI4MTWA,,0,0.2,history,0.0,0.10,3,30,1,169,0,0,0.00,1,1,169,0,0,0.00,1,2,169,0,0,0.00,1,3,169,0,0,0.00,1,4,169,0,0,0.00,1,5,169,0,0,0.00,1,6,169,0,0,0.00,1,7,169,0,0,0.00,1,8,169,0,,,,,,,,,,,0.00,1,1,1,0.2,30,300,1,3,history
170,278mlbpn,,0,0,19,,,,,,0,,,0.00,0.10,j0ssl2ul,,,31ODACBENUY1E9R3NF01USOBNO6SQ7,3XIFEF0YTS88I6YF6TE764NZI4MTWA,,0,0.2,history,0.0,0.10,3,30,1,170,0,0,0.00,1,1,170,0,0,0.00,1,2,170,0,0,0.00,1,3,170,0,0,0.00,1,4,170,0,0,0.00,1,5,170,0,0,0.00,1,6,170,0,0,0.00,1,7,170,0,0,0.00,1,8,170,0,,,,,,,,,,,0.00,1,1,1,0.2,30,300,1,3,history
171,ysmysfl3,,0,0,19,,,,,,0,,,0.00,0.10,j0ssl2ul,,,31ODACBENUY1E9R3NF01USOBNO6SQ7,3XIFEF0YTS88I6YF6TE764NZI4MTWA,,0,0.2,history,0.0,0.10,3,30,1,171,0,0,0.00,1,1,171,0,0,0.00,1,2,171,0,0,0.00,1,3,171,0,0,0.00,1,4,171,0,0,0.00,1,5,171,0,0,0.00,1,6,171,0,0,0.00,1,7,171,0,0,0.00,1,8,171,0,,,,,,,,,,,0.00,1,1,1,0.2,30,300,1,3,history
172,9keeo73o,,0,0,19,,,,,,0,,,0.00,0.10,j0ssl2ul,,,31ODACBENUY1E9R3NF01USOBNO6SQ7,3XIFEF0YTS88I6YF6TE764NZI4MTWA,,0,0.2,history,0.0,0.10,3,30,1,172,0,0,0.00,1,1,172,0,0,0.00,1,2,172,0,0,0.00,1,3,172,0,0,0.00,1,4,172,0,0,0.00,1,5,172,0,0,0.00,1,6,172,0,0,0.00,1,7,172,0,0,0.00,1,8,172,0,,,,,,,,,,,0.00,1,1,1,0.2,30,300,1,3,history
173,cfbbyvoc,,0,0,19,,,,,,0,,,0.00,0.10,j0ssl2ul,,,31ODACBENUY1E9R3NF01USOBNO6SQ7,3XIFEF0YTS88I6YF6TE764NZI4MTWA,,0,0.2,history,0.0,0.10,3,30,1,173,0,0,0.00,1,1,173,0,0,0.00,1,2,173,0,0,0.00,1,3,173,0,0,0.00,1,4,173,0,0,0.00,1,5,173,0,0,0.00,1,6,173,0,0,0.00,1,7,173,0,0,0.00,1,8,173,0,,,,,,,,,,,0.00,1,1,1,0.2,30,300,1,3,history
174,5utknrtu,,0,0,19,,,,,,0,,,0.00,0.10,j0ssl2ul,,,31ODACBENUY1E9R3NF01USOBNO6SQ7,3XIFEF0YTS88I6YF6TE764NZI4MTWA,,0,0.2,history,0.0,0.10,3,30,1,174,0,0,0.00,1,1,174,0,0,0.00,1,2,174,0,0,0.00,1,3,174,0,0,0.00,1,4,174,0,0,0.00,1,5,174,0,0,0.00,1,6,174,0,0,0.00,1,7,174,0,0,0.00,1,8,174,0,,,,,,,,,,,0.00,1,1,1,0.2,30,300,1,3,history
175,v9y05cpk,,0,0,19,,,,,,0,,,0.00,0.10,j0ssl2ul,,,31ODACBENUY1E9R3NF01USOBNO6SQ7,3XIFEF0YTS88I6YF6TE764NZI4MTWA,,0,0.2,history,0.0,0.10,3,30,1,175,0,0,0.00,1,1,175,0,0,0.00,1,2,175,0,0,0.00,1,3,175,0,0,0.00,1,4,175,0,0,0.00,1,5,175,0,0,0.00,1,6,175,0,0,0.00,1,7,175,0,0,0.00,1,8,175,0,,,,,,,,,,,0.00,1,1,1,0.2,30,300,1,3,history
176,jaasgap0,,0,0,19,,,,,,0,,,0.00,0.10,j0ssl2ul,,,31ODACBENUY1E9R3NF01USOBNO6SQ7,3XIFEF0YTS88I6YF6TE764NZI4MTWA,,0,0.2,history,0.0,0.10,3,30,1,176,0,0,0.00,1,1,176,0,0,0.00,1,2,176,0,0,0.00,1,3,176,0,0,0.00,1,4,176,0,0,0.00,1,5,176,0,0,0.00,1,6,176,0,0,0.00,1,7,176,0,0,0.00,1,8,176,0,,,,,,,,,,,0.00,1,1,1,0.2,30,300,1,3,history
177,rwoz3jjl,,0,0,19,,,,,,0,,,0.00,0.10,j0ssl2ul,,,31ODACBENUY1E9R3NF01USOBNO6SQ7,3XIFEF0YTS88I6YF6TE764NZI4MTWA,,0,0.2,history,0.0,0.10,3,30,1,177,0,0,0.00,1,1,177,0,0,0.00,1,2,177,0,0,0.00,1,3,177,0,0,0.00,1,4,177,0,0,0.00,1,5,177,0,0,0.00,1,6,177,0,0,0.00,1,7,177,0,0,0.00,1,8,177,0,,,,,,,,,,,0.00,1,1,1,0.2,30,300,1,3,history
178,fm1d6h9a,,0,0,19,,,,,,0,,,0.00,0.10,j0ssl2ul,,,31ODACBENUY1E9R3NF01USOBNO6SQ7,3XIFEF0YTS88I6YF6TE764NZI4MTWA,,0,0.2,history,0.0,0.10,3,30,1,178,0,0,0.00,1,1,178,0,0,0.00,1,2,178,0,0,0.00,1,3,178,0,0,0.00,1,4,178,0,0,0.00,1,5,178,0,0,0.00,1,6,178,0,0,0.00,1,7,178,0,0,0.00,1,8,178,0,,,,,,,,,,,0.00,1,1,1,0.2,30,300,1,3,history
179,cupvz6qc,,0,0,19,,,,,,0,,,0.00,0.10,j0ssl2ul,,,31ODACBENUY1E9R3NF01USOBNO6SQ7,3XIFEF0YTS88I6YF6TE764NZI4MTWA,,0,0.2,history,0.0,0.10,3,30,1,179,0,0,0.00,1,1,179,0,0,0.00,1,2,179,0,0,0.00,1,3,179,0,0,0.00,1,4,179,0,0,0.00,1,5,179,0,0,0.00,1,6,179,0,0,0.00,1,7,179,0,0,0.00,1,8,179,0,,,,,,,,,,,0.00,1,1,1,0.2,30,300,1,3,history
180,fklsbnqe,,0,0,19,,,,,,0,,,0.00,0.10,j0ssl2ul,,,31ODACBENUY1E9R3NF01USOBNO6SQ7,3XIFEF0YTS88I6YF6TE764NZI4MTWA,,0,0.2,history,0.0,0.10,3,30,1,180,0,0,0.00,1,1,180,0,0,0.00,1,2,180,0,0,0.00,1,3,180,0,0,0.00,1,4,180,0,0,0.00,1,5,180,0,0,0.00,1,6,180,0,0,0.00,1,7,180,0,0,0.00,1,8,180,0,,,,,,,,,,,0.00,1,1,1,0.2,30,300,1,3,history
181,m7y5fnvk,,0,0,19,,,,,,0,,,0.00,0.10,j0ssl2ul,,,31ODACBENUY1E9R3NF01USOBNO6SQ7,3XIFEF0YTS88I6YF6TE764NZI4MTWA,,0,0.2,history,0.0,0.10,3,30,1,181,0,0,0.00,1,1,181,0,0,0.00,1,2,181,0,0,0.00,1,3,181,0,0,0.00,1,4,181,0,0,0.00,1,5,181,0,0,0.00,1,6,181,0,0,0.00,1,7,181,0,0,0.00,1,8,181,0,,,,,,,,,,,0.00,1,1,1,0.2,30,300,1,3,history
182,xyod0hdw,,0,0,19,,,,,,0,,,0.00,0.10,j0ssl2ul,,,31ODACBENUY1E9R3NF01USOBNO6SQ7,3XIFEF0YTS88I6YF6TE764NZI4MTWA,,0,0.2,history,0.0,0.10,3,30,1,182,0,0,0.00,1,1,182,0,0,0.00,1,2,182,0,0,0.00,1,3,182,0,0,0.00,1,4,182,0,0,0.00,1,5,182,0,0,0.00,1,6,182,0,0,0.00,1,7,182,0,0,0.00,1,8,182,0,,,,,,,,,,,0.00,1,1,1,0.2,30,300,1,3,history
183,y5l0mkb1,,0,0,19,,,,,,0,,,0.00,0.10,j0ssl2ul,,,31ODACBENUY1E9R3NF01USOBNO6SQ7,3XIFEF0YTS88I6YF6TE764NZI4MTWA,,0,0.2,history,0.0,0.10,3,30,1,183,0,0,0.00,1,1,183,0,0,0.00,1,2,183,0,0,0.00,1,3,183,0,0,0.00,1,4,183,0,0,0.00,1,5,183,0,0,0.00,1,6,183,0,0,0.00,1,7,183,0,0,0.00,1,8,183,0,,,,,,,,,,,0.00,1,1,1,0.2,30,300,1,3,history
184,qhxkfnbt,,0,0,19,,,,,,0,,,0.00,0.10,j0ssl2ul,,,31ODACBENUY1E9R3NF01USOBNO6SQ7,3XIFEF0YTS88I6YF6TE764NZI4MTWA,,0,0.2,history,0.0,0.10,3,30,1,184,0,0,0.00,1,1,184,0,0,0.00,1,2,184,0,0,0.00,1,3,184,0,0,0.00,1,4,184,0,0,0.00,1,5,184,0,0,0.00,1,6,184,0,0,0.00,1,7,184,0,0,0.00,1,8,184,0,,,,,,,,,,,0.00,1,1,1,0.2,30,300,1,3,history
185,bs80wuxg,,0,0,19,,,,,,0,,,0.00,0.10,j0ssl2ul,,,31ODACBENUY1E9R3NF01USOBNO6SQ7,3XIFEF0YTS88I6YF6TE764NZI4MTWA,,0,0.2,history,0.0,0.10,3,30,1,185,0,0,0.00,1,1,185,0,0,0.00,1,2,185,0,0,0.00,1,3,185,0,0,0.00,1,4,185,0,0,0.00,1,5,185,0,0,0.00,1,6,185,0,0,0.00,1,7,185,0,0,0.00,1,8,185,0,,,,,,,,,,,0.00,1,1,1,0.2,30,300,1,3,history
186,00zil118,,0,0,19,,,,,,0,,,0.00,0.10,j0ssl2ul,,,31ODACBENUY1E9R3NF01USOBNO6SQ7,3XIFEF0YTS88I6YF6TE764NZI4MTWA,,0,0.2,history,0.0,0.10,3,30,1,186,0,0,0.00,1,1,186,0,0,0.00,1,2,186,0,0,0.00,1,3,186,0,0,0.00,1,4,186,0,0,0.00,1,5,186,0,0,0.00,1,6,186,0,0,0.00,1,7,186,0,0,0.00,1,8,186,0,,,,,,,,,,,0.00,1,1,1,0.2,30,300,1,3,history
187,6d3b4dmt,,0,0,19,,,,,,0,,,0.00,0.10,j0ssl2ul,,,31ODACBENUY1E9R3NF01USOBNO6SQ7,3XIFEF0YTS88I6YF6TE764NZI4MTWA,,0,0.2,history,0.0,0.10,3,30,1,187,0,0,0.00,1,1,187,0,0,0.00,1,2,187,0,0,0.00,1,3,187,0,0,0.00,1,4,187,0,0,0.00,1,5,187,0,0,0.00,1,6,187,0,0,0.00,1,7,187,0,0,0.00,1,8,187,0,,,,,,,,,,,0.00,1,1,1,0.2,30,300,1,3,history
188,asttt2b2,,0,0,19,,,,,,0,,,0.00,0.10,j0ssl2ul,,,31ODACBENUY1E9R3NF01USOBNO6SQ7,3XIFEF0YTS88I6YF6TE764NZI4MTWA,,0,0.2,history,0.0,0.10,3,30,1,188,0,0,0.00,1,1,188,0,0,0.00,1,2,188,0,0,0.00,1,3,188,0,0,0.00,1,4,188,0,0,0.00,1,5,188,0,0,0.00,1,6,188,0,0,0.00,1,7,188,0,0,0.00,1,8,188,0,,,,,,,,,,,0.00,1,1,1,0.2,30,300,1,3,history
189,fmaekguf,,0,0,19,,,,,,0,,,0.00,0.10,j0ssl2ul,,,31ODACBENUY1E9R3NF01USOBNO6SQ7,3XIFEF0YTS88I6YF6TE764NZI4MTWA,,0,0.2,history,0.0,0.10,3,30,1,189,0,0,0.00,1,1,189,0,0,0.00,1,2,189,0,0,0.00,1,3,189,0,0,0.00,1,4,189,0,0,0.00,1,5,189,0,0,0.00,1,6,189,0,0,0.00,1,7,189,0,0,0.00,1,8,189,0,,,,,,,,,,,0.00,1,1,1,0.2,30,300,1,3,history
190,ht4yqlgy,,0,0,19,,,,,,0,,,0.00,0.10,j0ssl2ul,,,31ODACBENUY1E9R3NF01USOBNO6SQ7,3XIFEF0YTS88I6YF6TE764NZI4MTWA,,0,0.2,history,0.0,0.10,3,30,1,190,0,0,0.00,1,1,190,0,0,0.00,1,2,190,0,0,0.00,1,3,190,0,0,0.00,1,4,190,0,0,0.00,1,5,190,0,0,0.00,1,6,190,0,0,0.00,1,7,190,0,0,0.00,1,8,190,0,,,,,,,,,,,0.00,1,1,1,0.2,30,300,1,3,history
191,p9nmahal,,0,0,19,,,,,,0,,,0.00,0.10,j0ssl2ul,,,31ODACBENUY1E9R3NF01USOBNO6SQ7,3XIFEF0YTS88I6YF6TE764NZI4MTWA,,0,0.2,history,0.0,0.10,3,30,1,191,0,0,0.00,1,1,191,0,0,0.00,1,2,191,0,0,0.00,1,3,191,0,0,0.00,1,4,191,0,0,0.00,1,5,191,0,0,0.00,1,6,191,0,0,0.00,1,7,191,0,0,0.00,1,8,191,0,,,,,,,,,,,0.00,1,1,1,0.2,30,300,1,3,history
192,iegmboib,,0,0,19,,,,,,0,,,0.00,0.10,j0ssl2ul,,,31ODACBENUY1E9R3NF01USOBNO6SQ7,3XIFEF0YTS88I6YF6TE764NZI4MTWA,,0,0.2,history,0.0,0.10,3,30,1,192,0,0,0.00,1,1,192,0,0,0.00,1,2,192,0,0,0.00,1,3,192,0,0,0.00,1,4,192,0,0,0.00,1,5,192,0,0,0.00,1,6,192,0,0,0.00,1,7,192,0,0,0.00,1,8,192,0,,,,,,,,,,,0.00,1,1,1,0.2,30,300,1,3,history
193,fk7gkd9n,,0,0,19,,,,,,0,,,0.00,0.10,j0ssl2ul,,,31ODACBENUY1E9R3NF01USOBNO6SQ7,3XIFEF0YTS88I6YF6TE764NZI4MTWA,,0,0.2,history,0.0,0.10,3,30,1,193,0,0,0.00,1,1,193,0,0,0.00,1,2,193,0,0,0.00,1,3,193,0,0,0.00,1,4,193,0,0,0.00,1,5,193,0,0,0.00,1,6,193,0,0,0.00,1,7,193,0,0,0.00,1,8,193,0,,,,,,,,,,,0.00,1,1,1,0.2,30,300,1,3,history
194,h4uyryhd,,0,0,19,,,,,,0,,,0.00,0.10,j0ssl2ul,,,31ODACBENUY1E9R3NF01USOBNO6SQ7,3XIFEF0YTS88I6YF6TE764NZI4MTWA,,0,0.2,history,0.0,0.10,3,30,1,194,0,0,0.00,1,1,194,0,0,0.00,1,2,194,0,0,0.00,1,3,194,0,0,0.00,1,4,194,0,0,0.00,1,5,194,0,0,0.00,1,6,194,0,0,0.00,1,7,194,0,0,0.00,1,8,194,0,,,,,,,,,,,0.00,1,1,1,0.2,30,300,1,3,history
195,eqi6wrem,,0,0,19,,,,,,0,,,0.00,0.10,j0ssl2ul,,,31ODACBENUY1E9R3NF01USOBNO6SQ7,3XIFEF0YTS88I6YF6TE764NZI4MTWA,,0,0.2,history,0.0,0.10,3,30,1,195,0,0,0.00,1,1,195,0,0,0.00,1,2,195,0,0,0.00,1,3,195,0,0,0.00,1,4,195,0,0,0.00,1,5,195,0,0,0.00,1,6,195,0,0,0.00,1,7,195,0,0,0.00,1,8,195,0,,,,,,,,,,,0.00,1,1,1,0.2,30,300,1,3,history
196,imyt0qtf,,0,0,19,,,,,,0,,,0.00,0.10,j0ssl2ul,,,31ODACBENUY1E9R3NF01USOBNO6SQ7,3XIFEF0YTS88I6YF6TE764NZI4MTWA,,0,0.2,history,0.0,0.10,3,30,1,196,0,0,0.00,1,1,196,0,0,0.00,1,2,196,0,0,0.00,1,3,196,0,0,0.00,1,4,196,0,0,0.00,1,5,196,0,0,0.00,1,6,196,0,0,0.00,1,7,196,0,0,0.00,1,8,196,0,,,,,,,,,,,0.00,1,1,1,0.2,30,300,1,3,history
197,68v0l6yw,,0,0,19,,,,,,0,,,0.00,0.10,j0ssl2ul,,,31ODACBENUY1E9R3NF01USOBNO6SQ7,3XIFEF0YTS88I6YF6TE764NZI4MTWA,,0,0.2,history,0.0,0.10,3,30,1,197,0,0,0.00,1,1,197,0,0,0.00,1,2,197,0,0,0.00,1,3,197,0,0,0.00,1,4,197,0,0,0.00,1,5,197,0,0,0.00,1,6,197,0,0,0.00,1,7,197,0,0,0.00,1,8,197,0,,,,,,,,,,,0.00,1,1,1,0.2,30,300,1,3,history
198,2nze6miq,,0,0,19,,,,,,0,,,0.00,0.10,j0ssl2ul,,,31ODACBENUY1E9R3NF01USOBNO6SQ7,3XIFEF0YTS88I6YF6TE764NZI4MTWA,,0,0.2,history,0.0,0.10,3,30,1,198,0,0,0.00,1,1,198,0,0,0.00,1,2,198,0,0,0.00,1,3,198,0,0,0.00,1,4,198,0,0,0.00,1,5,198,0,0,0.00,1,6,198,0,0,0.00,1,7,198,0,0,0.00,1,8,198,0,,,,,,,,,,,0.00,1,1,1,0.2,30,300,1,3,history
199,v2l1u55k,,0,0,19,,,,,,0,,,0.00,0.10,j0ssl2ul,,,31ODACBENUY1E9R3NF01USOBNO6SQ7,3XIFEF0YTS88I6YF6TE764NZI4MTWA,,0,0.2,history,0.0,0.10,3,30,1,199,0,0,0.00,1,1,199,0,0,0.00,1,2,199,0,0,0.00,1,3,199,0,0,0.00,1,4,199,0,0,0.00,1,5,199,0,0,0.00,1,6,199,0,0,0.00,1,7,199,0,0,0.00,1,8,199,0,,,,,,,,,,,0.00,1,1,1,0.2,30,300,1,3,history
200,9g6miedo,,0,0,19,,,,,,0,,,0.00,0.10,j0ssl2ul,,,31ODACBENUY1E9R3NF01USOBNO6SQ7,3XIFEF0YTS88I6YF6TE764NZI4MTWA,,0,0.2,history,0.0,0.10,3,30,1,200,0,0,0.00,1,1,200,0,0,0.00,1,2,200,0,0,0.00,1,3,200,0,0,0.00,1,4,200,0,0,0.00,1,5,200,0,0,0.00,1,6,200,0,0,0.00,1,7,200,0,0,0.00,1,8,200,0,,,,,,,,,,,0.00,1,1,1,0.2,30,300,1,3,history
