session_id,participant__id_in_session,participant__code,page_index,app_name,page_name,time_stamp,seconds_on_page,subsession_pk,auto_submitted
1,1,2b20qjli,1,consent,Consent,1530784791,68,1,False
1,1,2b20qjli,17,ox,WaitingRoom,1530784796,5,1,False
1,1,2b20qjli,18,ox,Choose,1530784845,49,1,False
1,1,2b20qjli,19,ox,Results,1530784856,11,1,False
1,2,p5zbn0zl,1,consent,Consent,1530784801,25,1,False
1,2,p5zbn0zl,17,ox,WaitingRoom,1530784850,49,1,False
1,2,p5zbn0zl,18,ox,Choose,1530784898,48,1,False
1,2,p5zbn0zl,19,ox,Results,1530784906,8,1,False
1,3,p5023f0k,1,consent,Consent,1530784889,106,1,False
1,3,p5023f0k,17,ox,WaitingRoom,1530784904,15,1,False
1,3,p5023f0k,18,ox,Choose,1530784969,65,1,True
1,3,p5023f0k,19,ox,Results,1530784992,23,1,False
1,4,nxli5xrs,1,consent,Consent,1530784820,12,1,False
1,4,nxli5xrs,17,ox,WaitingRoom,1530784854,34,1,False
1,4,nxli5xrs,18,ox,Choose,1530784854,0,1,False
1,5,12xn1ovv,1,consent,Consent,1530784946,128,1,True
1,6,cs8w77l9,1,consent,Consent,1530784848,20,1,False
1,6,cs8w77l9,17,ox,WaitingRoom,1530784882,34,1,False
1,6,cs8w77l9,18,ox,Choose,1530784882,0,1,False
1,7,3uhl8prl,1,consent,Consent,1530784841,12,1,False
1,7,3uhl8prl,17,ox,WaitingRoom,1530784877,36,1,False
1,7,3uhl8prl,18,ox,Choose,1530784878,1,1,False
1,8,i1d2z9j8,1,consent,Consent,1530784894,21,1,False
1,8,i1d2z9j8,17,ox,WaitingRoom,1530784953,59,1,False
1,8,i1d2z9j8,18,ox,Choose,1530784953,0,1,False
1,9,8aszin86,1,consent,Consent,1530785179,128,1,True
1,10,ogeal6et,1,consent,Consent,1530785157,59,1,False
1,10,ogeal6et,17,ox,WaitingRoom,1530785169,12,1,False
1,10,ogeal6et,18,ox,Choose,1530785236,67,1,True
1,10,ogeal6et,19,ox,Results,1530785258,22,1,False
1,11,yfjkl1tq,1,consent,Consent,1530785419,32,1,False
1,11,yfjkl1tq,17,ox,WaitingRoom,1530785431,12,1,False
1,11,yfjkl1tq,18,ox,Choose,1530785489,58,1,False
1,11,yfjkl1tq,19,ox,Results,1530785500,11,1,False
1,12,5oy69pr4,1,consent,Consent,1530785429,20,1,False
1,12,5oy69pr4,17,ox,WaitingRoom,1530785493,64,1,False
1,12,5oy69pr4,18,ox,Choose,1530785555,62,1,True
1,13,r60svi6f,1,consent,Consent,1530785461,25,1,False
1,13,r60svi6f,17,ox,WaitingRoom,1530785559,98,1,False
1,13,r60svi6f,18,ox,Choose,1530785620,61,1,True
1,13,r60svi6f,19,ox,Results,1530785630,10,1,False
1,14,cl7kxhxc,1,consent,Consent,1530785472,26,1,False
1,14,cl7kxhxc,17,ox,WaitingRoom,1530785824,352,1,False
1,14,cl7kxhxc,18,ox,Choose,1530785825,1,1,False
1,15,0arp9kkc,1,consent,Consent,1530785587,121,1,True
1,16,8nwju9wh,1,consent,Consent,1530785613,22,1,False
1,16,8nwju9wh,17,ox,WaitingRoom,1530785649,36,1,False
1,16,8nwju9wh,18,ox,Choose,1530785650,1,1,False
1,17,at45muvs,1,consent,Consent,1530785727,81,1,False
1,17,at45muvs,17,ox,WaitingRoom,1530785780,53,1,False
1,17,at45muvs,18,ox,Choose,1530785781,1,1,False
1,18,r9kts262,1,consent,Consent,1530785692,19,1,False
1,18,r9kts262,17,ox,WaitingRoom,1530785992,300,1,False
1,18,r9kts262,18,ox,Choose,1530785993,1,1,False
1,19,a7ztapel,1,consent,Consent,1530785687,10,1,False
1,19,a7ztapel,17,ox,WaitingRoom,1530785988,301,1,False
1,19,a7ztapel,18,ox,Choose,1530785988,0,1,False
1,20,wum15w40,1,consent,Consent,1530785744,29,1,False
1,20,wum15w40,17,ox,WaitingRoom,1530786045,301,1,False
1,20,wum15w40,18,ox,Choose,1530786046,1,1,False
1,21,5vzjfb5l,1,consent,Consent,1530785775,22,1,False
1,21,5vzjfb5l,17,ox,WaitingRoom,1530786076,301,1,False
1,21,5vzjfb5l,18,ox,Choose,1530786076,0,1,False
1,22,ah12difi,1,consent,Consent,1530785843,10,1,False
1,22,ah12difi,17,ox,WaitingRoom,1530786145,302,1,False
1,22,ah12difi,18,ox,Choose,1530786145,0,1,False
1,23,z8parhtv,1,consent,Consent,1530785899,47,1,False
1,23,z8parhtv,17,ox,WaitingRoom,1530785964,65,1,False
1,23,z8parhtv,18,ox,Choose,1530785964,0,1,False
1,24,vnzty8ky,1,consent,Consent,1530786169,20,1,False
1,24,vnzty8ky,17,ox,WaitingRoom,1530786204,35,1,False
1,24,vnzty8ky,18,ox,Choose,1530786205,1,1,False
1,25,7t2yael8,1,consent,Consent,1530786203,24,1,False
1,25,7t2yael8,17,ox,WaitingRoom,1530786504,301,1,False
1,25,7t2yael8,18,ox,Choose,1530786504,0,1,False
1,26,fc8engax,1,consent,Consent,1530786333,40,1,False
1,26,fc8engax,17,ox,WaitingRoom,1530786554,221,1,False
1,26,fc8engax,18,ox,Choose,1530786615,61,1,False
1,26,fc8engax,19,ox,Results,1530786635,20,1,False
1,27,q8jxbk8o,1,consent,Consent,1530786544,129,1,True
1,28,q4bh6i44,1,consent,Consent,1530786483,38,1,False
1,28,q4bh6i44,17,ox,WaitingRoom,1530786617,134,1,False
1,28,q4bh6i44,18,ox,Choose,1530786655,38,1,False
1,28,q4bh6i44,19,ox,Results,1530786673,18,1,False
1,29,7o2u331u,1,consent,Consent,1530786634,131,1,True
1,30,67waehqs,1,consent,Consent,1530786638,20,1,False
1,30,67waehqs,17,ox,WaitingRoom,1530786658,20,1,False
1,30,67waehqs,18,ox,Choose,1530786677,19,1,False
1,30,67waehqs,19,ox,Results,1530786716,39,1,False
1,31,67u685cw,1,consent,Consent,1530786723,63,1,False
1,31,67u685cw,17,ox,WaitingRoom,1530786728,5,1,False
1,31,67u685cw,18,ox,Choose,1530786744,16,1,False
1,31,67u685cw,19,ox,Results,1530786794,50,1,False
1,32,8dwlor1a,1,consent,Consent,1530786790,124,1,True
1,33,1j0lyi69,1,consent,Consent,1530786886,124,1,True
1,34,x93s8tim,1,consent,Consent,1530786804,17,1,False
1,34,x93s8tim,17,ox,WaitingRoom,1530786814,10,1,False
1,34,x93s8tim,18,ox,Choose,1530786876,62,1,True
1,34,x93s8tim,19,ox,Results,1530786888,12,1,False
1,35,hsffc8te,1,consent,Consent,1530786830,15,1,False
1,35,hsffc8te,17,ox,WaitingRoom,1530786869,39,1,False
1,35,hsffc8te,18,ox,Choose,1530786870,1,1,False
1,36,fzm3avs9,1,consent,Consent,1530786846,18,1,False
1,36,fzm3avs9,17,ox,WaitingRoom,1530786882,36,1,False
1,36,fzm3avs9,18,ox,Choose,1530786883,1,1,False
1,37,4vy0tdap,1,consent,Consent,1530786915,82,1,False
1,37,4vy0tdap,17,ox,WaitingRoom,1530786924,9,1,False
1,37,4vy0tdap,18,ox,Choose,1530786939,15,1,False
1,37,4vy0tdap,19,ox,Results,1530786965,26,1,False
1,38,3oqmxh4t,1,consent,Consent,1530786916,22,1,False
1,38,3oqmxh4t,17,ox,WaitingRoom,1530786944,28,1,False
1,38,3oqmxh4t,18,ox,Choose,1530786959,15,1,False
1,38,3oqmxh4t,19,ox,Results,1530786992,33,1,False
1,39,v9qglki7,1,consent,Consent,1530786905,5,1,False
1,39,v9qglki7,17,ox,WaitingRoom,1530786911,6,1,False
1,39,v9qglki7,18,ox,Choose,1530786920,9,1,False
1,39,v9qglki7,19,ox,Results,1530786991,71,1,False
1,40,462k605q,1,consent,Consent,1530787006,98,1,False
1,40,462k605q,17,ox,WaitingRoom,1530787015,9,1,False
1,40,462k605q,18,ox,Choose,1530787051,36,1,False
1,40,462k605q,19,ox,Results,1530787075,24,1,False
1,41,nbwwktki,1,consent,Consent,1530787013,66,1,False
1,41,nbwwktki,17,ox,WaitingRoom,1530787052,39,1,False
1,41,nbwwktki,18,ox,Choose,1530787106,54,1,False
1,41,nbwwktki,19,ox,Results,1530787128,22,1,False
1,42,dd35yj2l,1,consent,Consent,1530787051,26,1,False
1,42,dd35yj2l,17,ox,WaitingRoom,1530787097,46,1,False
1,42,dd35yj2l,18,ox,Choose,1530787097,0,1,False
1,43,2vil3x3n,1,consent,Consent,1530787138,36,1,False
1,43,2vil3x3n,17,ox,WaitingRoom,1530787149,11,1,False
1,43,2vil3x3n,18,ox,Choose,1530787162,13,1,False
1,43,2vil3x3n,19,ox,Results,1530787191,29,1,False
1,44,atjllptu,1,consent,Consent,1530787201,21,1,False
1,44,atjllptu,17,ox,WaitingRoom,1530787205,4,1,False
1,44,atjllptu,18,ox,Choose,1530787231,26,1,False
1,44,atjllptu,19,ox,Results,1530787258,27,1,False
1,45,j5pto180,1,consent,Consent,1530787299,44,1,False
1,45,j5pto180,17,ox,WaitingRoom,1530787303,4,1,False
1,45,j5pto180,18,ox,Choose,1530787360,57,1,False
1,45,j5pto180,19,ox,Results,1530787383,23,1,False
1,46,gwhj4pdc,1,consent,Consent,1530787519,15,1,False
1,46,gwhj4pdc,17,ox,WaitingRoom,1530787530,11,1,False
1,46,gwhj4pdc,18,ox,Choose,1530787594,64,1,True
1,47,2vq8bsdc,1,consent,Consent,1530787646,27,1,False
1,47,2vq8bsdc,17,ox,WaitingRoom,1530787655,9,1,False
1,47,2vq8bsdc,18,ox,Choose,1530787682,27,1,False
1,47,2vq8bsdc,19,ox,Results,1530787692,10,1,False
1,48,vc0di12n,1,consent,Consent,1530788052,30,1,False
1,48,vc0di12n,17,ox,WaitingRoom,1530788056,4,1,False
1,48,vc0di12n,18,ox,Choose,1530788095,39,1,False
1,48,vc0di12n,19,ox,Results,1530788105,10,1,False
1,49,rmvedhxw,1,consent,Consent,1530788384,35,1,False
1,49,rmvedhxw,17,ox,WaitingRoom,1530788392,8,1,False
1,49,rmvedhxw,18,ox,Choose,1530788454,62,1,True
1,50,j0sc8ux0,1,consent,Consent,1530788519,129,1,True
1,51,bpga0ysc,1,consent,Consent,1530788453,18,1,False
1,51,bpga0ysc,17,ox,WaitingRoom,1530788455,2,1,False
1,51,bpga0ysc,18,ox,Choose,1530788514,59,1,False
1,51,bpga0ysc,19,ox,Results,1530788528,14,1,False
1,52,y7niakkx,1,consent,Consent,1530788521,12,1,False
1,52,y7niakkx,17,ox,WaitingRoom,1530788525,4,1,False
1,52,y7niakkx,18,ox,Choose,1530788548,23,1,False
1,52,y7niakkx,19,ox,Results,1530788566,18,1,False
1,53,ow2nvrm6,1,consent,Consent,1530788683,28,1,False
1,53,ow2nvrm6,17,ox,WaitingRoom,1530788691,8,1,False
1,53,ow2nvrm6,18,ox,Choose,1530788747,56,1,False
1,53,ow2nvrm6,19,ox,Results,1530788770,23,1,False
1,54,uvy7jiyr,1,consent,Consent,1530788933,20,1,False
1,54,uvy7jiyr,17,ox,WaitingRoom,1530788946,13,1,False
1,54,uvy7jiyr,18,ox,Choose,1530788984,38,1,False
1,54,uvy7jiyr,19,ox,Results,1530789002,18,1,False
1,55,51t2ihzl,1,consent,Consent,1530789231,121,1,True
1,56,6bprdkhb,1,consent,Consent,1530789265,17,1,False
1,56,6bprdkhb,17,ox,WaitingRoom,1530789271,6,1,False
1,56,6bprdkhb,18,ox,Choose,1530789333,62,1,True
1,57,zujy48m7,1,consent,Consent,1530789335,68,1,False
1,57,zujy48m7,17,ox,WaitingRoom,1530789376,41,1,False
1,57,zujy48m7,18,ox,Choose,1530789428,52,1,False
1,57,zujy48m7,19,ox,Results,1530789438,10,1,False
1,58,0wqy11rr,1,consent,Consent,1530789298,18,1,False
1,58,0wqy11rr,17,ox,WaitingRoom,1530789337,39,1,False
1,58,0wqy11rr,18,ox,Choose,1530789371,34,1,False
1,58,0wqy11rr,19,ox,Results,1530789385,14,1,False
1,59,li46bg54,1,consent,Consent,1530789501,129,1,True
1,60,9oky08xx,1,consent,Consent,1530789396,22,1,False
1,60,9oky08xx,17,ox,WaitingRoom,1530789432,36,1,False
1,60,9oky08xx,18,ox,Choose,1530789493,61,1,True
1,61,cahu77qt,1,consent,Consent,1530789557,120,1,False
1,61,cahu77qt,17,ox,WaitingRoom,1530789567,10,1,False
1,61,cahu77qt,18,ox,Choose,1530789616,49,1,False
1,61,cahu77qt,19,ox,Results,1530789629,13,1,False
1,62,iwiwryp5,1,consent,Consent,1530789532,12,1,False
1,62,iwiwryp5,17,ox,WaitingRoom,1530789538,6,1,False
1,62,iwiwryp5,18,ox,Choose,1530789554,16,1,False
1,62,iwiwryp5,19,ox,Results,1530789561,7,1,False
1,63,77vyqgog,1,consent,Consent,1530789591,66,1,False
1,63,77vyqgog,17,ox,WaitingRoom,1530789620,29,1,False
1,63,77vyqgog,18,ox,Choose,1530789635,15,1,False
1,63,77vyqgog,19,ox,Results,1530789638,3,1,False
1,64,e809w1ru,1,consent,Consent,1530789579,19,1,False
1,64,e809w1ru,17,ox,WaitingRoom,1530789613,34,1,False
1,64,e809w1ru,18,ox,Choose,1530789614,1,1,False
1,65,4l61ibws,1,consent,Consent,1530789646,7,1,False
1,65,4l61ibws,17,ox,WaitingRoom,1530789655,9,1,False
1,65,4l61ibws,18,ox,Choose,1530789675,20,1,False
1,65,4l61ibws,19,ox,Results,1530789680,5,1,False
1,66,b8hpkk1g,1,consent,Consent,1530789656,6,1,False
1,66,b8hpkk1g,17,ox,WaitingRoom,1530789677,21,1,False
1,66,b8hpkk1g,18,ox,Choose,1530789701,24,1,False
1,66,b8hpkk1g,19,ox,Results,1530789705,4,1,False
1,67,infsdeur,1,consent,Consent,1530789660,7,1,False
1,67,infsdeur,17,ox,WaitingRoom,1530789694,34,1,False
1,67,infsdeur,18,ox,Choose,1530789694,0,1,False
1,68,x0s3se52,1,consent,Consent,1530789714,7,1,False
1,68,x0s3se52,17,ox,WaitingRoom,1530789724,10,1,False
1,68,x0s3se52,18,ox,Choose,1530789764,40,1,False
1,68,x0s3se52,19,ox,Results,1530789767,3,1,False
1,70,xbomrh5l,1,consent,Consent,1530790064,33,1,False
1,70,xbomrh5l,17,ox,WaitingRoom,1530790072,8,1,False
1,70,xbomrh5l,18,ox,Choose,1530790119,47,1,False
1,70,xbomrh5l,19,ox,Results,1530790129,10,1,False
1,71,jd19fqa7,1,consent,Consent,1530790165,26,1,False
1,71,jd19fqa7,17,ox,WaitingRoom,1530790170,5,1,False
1,71,jd19fqa7,18,ox,Choose,1530790231,61,1,True
1,72,445eg27r,1,consent,Consent,1530790456,23,1,False
1,72,445eg27r,17,ox,WaitingRoom,1530790461,5,1,False
1,72,445eg27r,18,ox,Choose,1530790508,47,1,False
1,72,445eg27r,19,ox,Results,1530790525,17,1,False
1,73,doufkmij,1,consent,Consent,1530790735,27,1,False
1,73,doufkmij,17,ox,WaitingRoom,1530790747,12,1,False
1,73,doufkmij,18,ox,Choose,1530790808,61,1,True
1,74,7pufpne7,1,consent,Consent,1530791354,29,1,False
1,74,7pufpne7,17,ox,WaitingRoom,1530791362,8,1,False
1,74,7pufpne7,18,ox,Choose,1530791415,53,1,False
1,74,7pufpne7,19,ox,Results,1530791429,14,1,False
1,75,r9pqs1io,1,consent,Consent,1530791474,27,1,False
1,75,r9pqs1io,17,ox,WaitingRoom,1530791479,5,1,False
1,75,r9pqs1io,18,ox,Choose,1530791497,18,1,False
1,75,r9pqs1io,19,ox,Results,1530791504,7,1,False
1,76,f8a4o4vq,1,consent,Consent,1530791906,33,1,False
1,76,f8a4o4vq,17,ox,WaitingRoom,1530791914,8,1,False
1,76,f8a4o4vq,18,ox,Choose,1530791975,61,1,True
1,76,f8a4o4vq,19,ox,Results,1530792000,25,1,False
1,77,2xbyf0ul,1,consent,Consent,1530792336,37,1,False
1,77,2xbyf0ul,17,ox,WaitingRoom,1530792343,7,1,False
1,77,2xbyf0ul,18,ox,Choose,1530792399,56,1,False
1,77,2xbyf0ul,19,ox,Results,1530792404,5,1,False
1,78,3anwvoc8,1,consent,Consent,1530792797,128,1,True
1,79,j12vr0od,1,consent,Consent,1530792799,123,1,True
1,80,huj69ndb,1,consent,Consent,1530792983,130,1,True
1,81,iutu2ie5,1,consent,Consent,1530792908,35,1,False
1,81,iutu2ie5,17,ox,WaitingRoom,1530792917,9,1,False
1,81,iutu2ie5,18,ox,Choose,1530792979,62,1,True
1,82,0exg52xi,1,consent,Consent,1530793092,22,1,False
1,82,0exg52xi,17,ox,WaitingRoom,1530793098,6,1,False
1,82,0exg52xi,18,ox,Choose,1530793132,34,1,False
1,82,0exg52xi,19,ox,Results,1530793147,15,1,False
1,83,ghp02mee,1,consent,Consent,1530793341,56,1,False
1,83,ghp02mee,17,ox,WaitingRoom,1530793346,5,1,False
1,83,ghp02mee,18,ox,Choose,1530793409,63,1,True
1,84,hgarle62,1,consent,Consent,1530793641,63,1,False
1,84,hgarle62,17,ox,WaitingRoom,1530793652,11,1,False
1,84,hgarle62,18,ox,Choose,1530793700,48,1,False
1,84,hgarle62,19,ox,Results,1530793712,12,1,False
1,85,ipru0bdr,1,consent,Consent,1530793737,128,1,True
1,86,5cb29qsu,1,consent,Consent,1530793859,95,1,False
1,86,5cb29qsu,17,ox,WaitingRoom,1530793866,7,1,False
1,86,5cb29qsu,18,ox,Choose,1530793928,62,1,True
1,86,5cb29qsu,19,ox,Results,1530793955,27,1,False
1,87,m7g1x6lq,1,consent,Consent,1530794016,129,1,True
1,88,fihtj18l,1,consent,Consent,1530793924,23,1,False
1,88,fihtj18l,17,ox,WaitingRoom,1530793930,6,1,False
1,88,fihtj18l,18,ox,Choose,1530793970,40,1,False
1,88,fihtj18l,19,ox,Results,1530794026,56,1,False
1,89,oikebb9i,1,consent,Consent,1530794406,113,1,False
1,89,oikebb9i,17,ox,WaitingRoom,1530794412,6,1,False
1,89,oikebb9i,18,ox,Choose,1530794443,31,1,False
1,89,oikebb9i,19,ox,Results,1530794453,10,1,False
1,90,drrkzaat,1,consent,Consent,1530794309,15,1,False
1,90,drrkzaat,17,ox,WaitingRoom,1530794320,11,1,False
1,90,drrkzaat,18,ox,Choose,1530794355,35,1,False
1,90,drrkzaat,19,ox,Results,1530794363,8,1,False
1,91,6utu8uow,1,consent,Consent,1530794445,15,1,False
1,91,6utu8uow,17,ox,WaitingRoom,1530794458,13,1,False
1,91,6utu8uow,18,ox,Choose,1530794495,37,1,False
1,91,6utu8uow,19,ox,Results,1530794505,10,1,False
1,92,kftnj4zu,1,consent,Consent,1530794639,131,1,True
1,93,42z2aata,1,consent,Consent,1530794586,53,1,False
1,93,42z2aata,17,ox,WaitingRoom,1530794593,7,1,False
1,93,42z2aata,18,ox,Choose,1530794617,24,1,False
1,93,42z2aata,19,ox,Results,1530794627,10,1,False
1,94,59qwfqgb,1,consent,Consent,1530794696,14,1,False
1,94,59qwfqgb,17,ox,WaitingRoom,1530794708,12,1,False
1,94,59qwfqgb,18,ox,Choose,1530794743,35,1,False
1,94,59qwfqgb,19,ox,Results,1530794758,15,1,False
1,95,2tkpr2gf,1,consent,Consent,1530794908,13,1,False
1,95,2tkpr2gf,17,ox,WaitingRoom,1530794920,12,1,False
1,95,2tkpr2gf,18,ox,Choose,1530794989,69,1,True
1,96,jf40l4e3,1,consent,Consent,1530795174,129,1,True
1,97,5q7ljo7r,1,consent,Consent,1530795459,128,1,True
1,98,wdk5aewk,1,consent,Consent,1530795389,14,1,False
1,98,wdk5aewk,17,ox,WaitingRoom,1530795398,9,1,False
1,98,wdk5aewk,18,ox,Choose,1530795459,61,1,True
1,99,o8ojumnc,1,consent,Consent,1530795433,12,1,False
1,99,o8ojumnc,17,ox,WaitingRoom,1530795464,31,1,False
1,99,o8ojumnc,18,ox,Choose,1530795519,55,1,False
1,99,o8ojumnc,19,ox,Results,1530795532,13,1,False
1,101,qzej14xj,1,consent,Consent,1530795522,27,1,False
1,101,qzej14xj,17,ox,WaitingRoom,1530795535,13,1,False
1,101,qzej14xj,18,ox,Choose,1530795593,58,1,False
1,101,qzej14xj,19,ox,Results,1530795605,12,1,False
1,102,eu0ez0d1,1,consent,Consent,1530795550,24,1,False
1,102,eu0ez0d1,17,ox,WaitingRoom,1530795599,49,1,False
1,102,eu0ez0d1,18,ox,Choose,1530795660,61,1,True
1,103,2zaebacp,1,consent,Consent,1530795610,27,1,False
1,103,2zaebacp,17,ox,WaitingRoom,1530795665,55,1,False
1,103,2zaebacp,18,ox,Choose,1530795720,55,1,False
1,103,2zaebacp,19,ox,Results,1530795727,7,1,False
1,104,fgk6flcj,1,consent,Consent,1530795766,16,1,False
1,104,fgk6flcj,17,ox,WaitingRoom,1530795771,5,1,False
1,104,fgk6flcj,18,ox,Choose,1530795799,28,1,False
1,104,fgk6flcj,19,ox,Results,1530795806,7,1,False
1,105,jt2zzhoj,1,consent,Consent,1530795886,24,1,False
1,105,jt2zzhoj,17,ox,WaitingRoom,1530795892,6,1,False
1,105,jt2zzhoj,18,ox,Choose,1530795926,34,1,False
1,105,jt2zzhoj,19,ox,Results,1530795972,46,1,False
1,106,evgs1r7d,1,consent,Consent,1530795985,35,1,False
1,106,evgs1r7d,17,ox,WaitingRoom,1530795987,2,1,False
1,106,evgs1r7d,18,ox,Choose,1530796048,61,1,False
1,106,evgs1r7d,19,ox,Results,1530796058,10,1,False
1,107,zrrn5y50,1,consent,Consent,1530796052,39,1,False
1,107,zrrn5y50,17,ox,WaitingRoom,1530796062,10,1,False
1,107,zrrn5y50,18,ox,Choose,1530796102,40,1,False
1,107,zrrn5y50,19,ox,Results,1530796109,7,1,False
1,108,qaxtkcfi,1,consent,Consent,1530796089,37,1,False
1,108,qaxtkcfi,17,ox,WaitingRoom,1530796104,15,1,False
1,108,qaxtkcfi,18,ox,Choose,1530796145,41,1,False
1,108,qaxtkcfi,19,ox,Results,1530796170,25,1,False
1,109,te80pm1b,1,consent,Consent,1530796210,129,1,True
1,110,7e9lj1qa,1,consent,Consent,1530796182,26,1,False
1,110,7e9lj1qa,17,ox,WaitingRoom,1530796192,10,1,False
1,110,7e9lj1qa,18,ox,Choose,1530796246,54,1,False
1,110,7e9lj1qa,19,ox,Results,1530796267,21,1,False
1,111,foglzagk,1,consent,Consent,1530796239,31,1,False
1,111,foglzagk,17,ox,WaitingRoom,1530796251,12,1,False
1,111,foglzagk,18,ox,Choose,1530796295,44,1,False
1,111,foglzagk,19,ox,Results,1530796317,22,1,False
1,112,xxvg1n9c,1,consent,Consent,1530796477,123,1,True
1,113,7cs8jf2j,1,consent,Consent,1530796402,36,1,False
1,113,7cs8jf2j,17,ox,WaitingRoom,1530796414,12,1,False
1,113,7cs8jf2j,18,ox,Choose,1530796461,47,1,False
1,113,7cs8jf2j,19,ox,Results,1530796470,9,1,False
1,114,sdbdd6au,1,consent,Consent,1530796613,33,1,False
1,114,sdbdd6au,17,ox,WaitingRoom,1530796623,10,1,False
1,114,sdbdd6au,18,ox,Choose,1530796664,41,1,False
1,114,sdbdd6au,19,ox,Results,1530796682,18,1,False
1,115,y5xmluyk,1,consent,Consent,1530796657,29,1,False
1,115,y5xmluyk,17,ox,WaitingRoom,1530796670,13,1,False
1,115,y5xmluyk,18,ox,Choose,1530796733,63,1,True
1,116,8yf47gh7,1,consent,Consent,1530796938,23,1,False
1,116,8yf47gh7,17,ox,WaitingRoom,1530796951,13,1,False
1,116,8yf47gh7,18,ox,Choose,1530796972,21,1,False
1,116,8yf47gh7,19,ox,Results,1530796986,14,1,False
1,117,iystrz69,1,consent,Consent,1530796996,29,1,False
1,117,iystrz69,17,ox,WaitingRoom,1530797008,12,1,False
1,117,iystrz69,18,ox,Choose,1530797049,41,1,False
1,117,iystrz69,19,ox,Results,1530797056,7,1,False
1,118,hjlonix0,1,consent,Consent,1530797079,17,1,False
1,118,hjlonix0,17,ox,WaitingRoom,1530797380,301,1,False
1,118,hjlonix0,18,ox,Choose,1530797380,0,1,False
1,119,wher9919,1,consent,Consent,1530797177,81,1,False
1,119,wher9919,17,ox,WaitingRoom,1530797185,8,1,False
1,119,wher9919,18,ox,Choose,1530797248,63,1,True
1,119,wher9919,19,ox,Results,1530797266,18,1,False
1,120,gio67xpq,1,consent,Consent,1530797487,56,1,False
1,120,gio67xpq,17,ox,WaitingRoom,1530797496,9,1,False
1,120,gio67xpq,18,ox,Choose,1530797558,62,1,True
1,120,gio67xpq,19,ox,Results,1530797567,9,1,False
1,121,1fvjha70,1,consent,Consent,1530797805,128,1,True
1,122,9mk3k5k8,1,consent,Consent,1530797721,8,1,False
1,122,9mk3k5k8,17,ox,WaitingRoom,1530797732,11,1,False
1,122,9mk3k5k8,18,ox,Choose,1530797760,28,1,False
1,122,9mk3k5k8,19,ox,Results,1530797781,21,1,False
1,123,c5rqbi4t,1,consent,Consent,1530797975,26,1,False
1,123,c5rqbi4t,17,ox,WaitingRoom,1530797980,5,1,False
1,123,c5rqbi4t,18,ox,Choose,1530798016,36,1,False
1,123,c5rqbi4t,19,ox,Results,1530798040,24,1,False
1,124,vod2gd58,1,consent,Consent,1530798035,5,1,False
1,124,vod2gd58,17,ox,WaitingRoom,1530798039,4,1,False
1,124,vod2gd58,18,ox,Choose,1530798065,26,1,False
1,124,vod2gd58,19,ox,Results,1530798079,14,1,False
1,125,jhv5ext6,1,consent,Consent,1530798153,13,1,False
1,125,jhv5ext6,17,ox,WaitingRoom,1530798157,4,1,False
1,125,jhv5ext6,18,ox,Choose,1530798170,13,1,False
1,126,qwvgimnb,1,consent,Consent,1530798383,7,1,False
1,126,qwvgimnb,17,ox,WaitingRoom,1530798392,9,1,False
1,126,qwvgimnb,18,ox,Choose,1530798419,27,1,False
1,126,qwvgimnb,19,ox,Results,1530798430,11,1,False
1,127,yc88t7bn,1,consent,Consent,1530798614,9,1,False
1,127,yc88t7bn,17,ox,WaitingRoom,1530798623,9,1,False
1,127,yc88t7bn,18,ox,Choose,1530798641,18,1,False
1,127,yc88t7bn,19,ox,Results,1530798791,150,1,False
1,128,8f38dqnm,1,consent,Consent,1530798635,30,1,False
1,128,8f38dqnm,17,ox,WaitingRoom,1530798646,11,1,False
1,128,8f38dqnm,18,ox,Choose,1530798677,31,1,False
1,128,8f38dqnm,19,ox,Results,1530798691,14,1,False
1,129,qub92kmr,1,consent,Consent,1530798693,23,1,False
1,129,qub92kmr,17,ox,WaitingRoom,1530798702,9,1,False
1,129,qub92kmr,18,ox,Choose,1530798763,61,1,True
1,130,6ocwdwp3,1,consent,Consent,1530798875,47,1,False
1,130,6ocwdwp3,17,ox,WaitingRoom,1530798886,11,1,False
1,130,6ocwdwp3,18,ox,Choose,1530798924,38,1,False
1,130,6ocwdwp3,19,ox,Results,1530798932,8,1,False
1,131,024lb3j1,1,consent,Consent,1530798971,30,1,False
1,131,024lb3j1,17,ox,WaitingRoom,1530798976,5,1,False
1,131,024lb3j1,18,ox,Choose,1530799017,41,1,False
1,131,024lb3j1,19,ox,Results,1530799048,31,1,False
1,132,9gb9c4u8,1,consent,Consent,1530799087,58,1,False
1,132,9gb9c4u8,17,ox,WaitingRoom,1530799096,9,1,False
1,132,9gb9c4u8,18,ox,Choose,1530799118,22,1,False
1,132,9gb9c4u8,19,ox,Results,1530799125,7,1,False
1,133,0x8vlcb0,1,consent,Consent,1530799212,129,1,True
1,134,lekyjo6j,1,consent,Consent,1530799187,89,1,False
1,134,lekyjo6j,17,ox,WaitingRoom,1530799198,11,1,False
1,134,lekyjo6j,18,ox,Choose,1530799255,57,1,False
1,134,lekyjo6j,19,ox,Results,1530799282,27,1,False
1,135,tmf68u7n,1,consent,Consent,1530799206,37,1,False
1,135,tmf68u7n,17,ox,WaitingRoom,1530799260,54,1,False
1,135,tmf68u7n,18,ox,Choose,1530799279,19,1,False
1,135,tmf68u7n,19,ox,Results,1530799286,7,1,False
1,136,8m7p72wa,1,consent,Consent,1530799301,57,1,False
1,136,8m7p72wa,17,ox,WaitingRoom,1530799367,66,1,False
1,136,8m7p72wa,18,ox,Choose,1530799431,64,1,True
1,137,dg2sirl5,1,consent,Consent,1530799291,47,1,False
1,137,dg2sirl5,17,ox,WaitingRoom,1530799300,9,1,False
1,137,dg2sirl5,18,ox,Choose,1530799362,62,1,True
1,137,dg2sirl5,19,ox,Results,1530799371,9,1,False
1,138,o821betz,1,consent,Consent,1530799392,48,1,False
1,138,o821betz,17,ox,WaitingRoom,1530799436,44,1,False
1,138,o821betz,18,ox,Choose,1530799464,28,1,False
1,138,o821betz,19,ox,Results,1530799472,8,1,False
1,139,8oz2h2iq,1,consent,Consent,1530799607,128,1,True
1,140,73lpcrk5,1,consent,Consent,1530799528,33,1,False
1,140,73lpcrk5,17,ox,WaitingRoom,1530799541,13,1,False
1,140,73lpcrk5,18,ox,Choose,1530799604,63,1,True
1,141,4qds1ytw,1,consent,Consent,1530799792,15,1,False
1,141,4qds1ytw,17,ox,WaitingRoom,1530799804,12,1,False
1,141,4qds1ytw,18,ox,Choose,1530799839,35,1,False
1,141,4qds1ytw,19,ox,Results,1530799846,7,1,False
1,142,26bwlq9o,1,consent,Consent,1530799869,24,1,False
1,142,26bwlq9o,17,ox,WaitingRoom,1530799881,12,1,False
1,142,26bwlq9o,18,ox,Choose,1530799924,43,1,False
1,142,26bwlq9o,19,ox,Results,1530799945,21,1,False
1,143,gk2hdkke,1,consent,Consent,1530799944,28,1,False
1,143,gk2hdkke,17,ox,WaitingRoom,1530799946,2,1,False
1,143,gk2hdkke,18,ox,Choose,1530800004,58,1,False
1,143,gk2hdkke,19,ox,Results,1530800025,21,1,False
1,144,sri7o449,1,consent,Consent,1530800163,26,1,False
1,144,sri7o449,17,ox,WaitingRoom,1530800166,3,1,False
1,144,sri7o449,18,ox,Choose,1530800228,62,1,True
1,145,j6wgsvlu,1,consent,Consent,1530800168,28,1,False
1,145,j6wgsvlu,17,ox,WaitingRoom,1530800233,65,1,False
1,145,j6wgsvlu,18,ox,Choose,1530800265,32,1,False
1,145,j6wgsvlu,19,ox,Results,1530800279,14,1,False
1,146,zpp6rjuk,1,consent,Consent,1530800195,48,1,False
1,146,zpp6rjuk,17,ox,WaitingRoom,1530800271,76,1,False
1,146,zpp6rjuk,18,ox,Choose,1530800332,61,1,True
1,147,svvnpyc5,1,consent,Consent,1530800239,38,1,False
1,147,svvnpyc5,17,ox,WaitingRoom,1530800336,97,1,False
1,147,svvnpyc5,18,ox,Choose,1530800397,61,1,True
1,147,svvnpyc5,19,ox,Results,1530800410,13,1,False
1,148,bjel99e7,1,consent,Consent,1530800361,15,1,False
1,148,bjel99e7,17,ox,WaitingRoom,1530800401,40,1,False
1,148,bjel99e7,18,ox,Choose,1530800438,37,1,False
1,148,bjel99e7,19,ox,Results,1530800448,10,1,False
1,149,n169w20v,1,consent,Consent,1530800493,19,1,False
1,149,n169w20v,17,ox,WaitingRoom,1530800500,7,1,False
1,149,n169w20v,18,ox,Choose,1530800541,41,1,False
1,149,n169w20v,19,ox,Results,1530800552,11,1,False
1,150,od48jz5p,1,consent,Consent,1530800528,30,1,False
1,150,od48jz5p,17,ox,WaitingRoom,1530800543,15,1,False
1,150,od48jz5p,18,ox,Choose,1530800605,62,1,True
1,151,xg0q4r81,1,consent,Consent,1530801054,122,1,True
1,152,pmwm4eub,1,consent,Consent,1530801110,49,1,False
1,152,pmwm4eub,17,ox,WaitingRoom,1530801121,11,1,False
1,152,pmwm4eub,18,ox,Choose,1530801184,63,1,True
1,153,jbmvn3ke,1,consent,Consent,1530801172,58,1,False
1,153,jbmvn3ke,17,ox,WaitingRoom,1530801187,15,1,False
1,153,jbmvn3ke,18,ox,Choose,1530801233,46,1,False
1,153,jbmvn3ke,19,ox,Results,1530801255,22,1,False
1,154,kc4wtiq8,1,consent,Consent,1530801384,129,1,True
1,155,uzxcd0y7,1,consent,Consent,1530801591,30,1,False
1,155,uzxcd0y7,17,ox,WaitingRoom,1530801598,7,1,False
1,155,uzxcd0y7,18,ox,Choose,1530801658,60,1,False
1,155,uzxcd0y7,19,ox,Results,1530801670,12,1,False
1,156,pgz2bjr8,1,consent,Consent,1530801767,58,1,False
1,156,pgz2bjr8,17,ox,WaitingRoom,1530801772,5,1,False
1,156,pgz2bjr8,18,ox,Choose,1530801836,64,1,True
1,157,pkhcyge6,1,consent,Consent,1530802011,21,1,False
1,157,pkhcyge6,17,ox,WaitingRoom,1530802016,5,1,False
1,157,pkhcyge6,18,ox,Choose,1530802073,57,1,False
1,157,pkhcyge6,19,ox,Results,1530802093,20,1,False
1,158,orttvwwr,1,consent,Consent,1530802302,17,1,False
1,158,orttvwwr,17,ox,WaitingRoom,1530802310,8,1,False
1,158,orttvwwr,18,ox,Choose,1530802362,52,1,False
1,158,orttvwwr,19,ox,Results,1530802367,5,1,False
1,159,bih5hn2o,1,consent,Consent,1530802310,11,1,False
1,159,bih5hn2o,17,ox,WaitingRoom,1530802364,54,1,False
1,159,bih5hn2o,18,ox,Choose,1530802426,62,1,True
1,159,bih5hn2o,19,ox,Results,1530802435,9,1,False
1,160,22hspd90,1,consent,Consent,1530802455,122,1,True
1,161,knxmum8s,1,consent,Consent,1530802902,10,1,False
1,161,knxmum8s,17,ox,WaitingRoom,1530802911,9,1,False
1,161,knxmum8s,18,ox,Choose,1530802939,28,1,False
1,161,knxmum8s,19,ox,Results,1530802971,32,1,False
1,162,d7sxhf4k,1,consent,Consent,1530803029,34,1,False
1,162,d7sxhf4k,17,ox,WaitingRoom,1530803038,9,1,False
1,162,d7sxhf4k,18,ox,Choose,1530803100,62,1,True
1,163,3neb3lg7,1,consent,Consent,1530803552,32,1,False
1,163,3neb3lg7,17,ox,WaitingRoom,1530803562,10,1,False
1,163,3neb3lg7,18,ox,Choose,1530803609,47,1,False
1,163,3neb3lg7,19,ox,Results,1530803623,14,1,False
1,164,yorwam55,1,consent,Consent,1530803723,50,1,False
1,164,yorwam55,17,ox,WaitingRoom,1530803727,4,1,False
1,164,yorwam55,18,ox,Choose,1530803762,35,1,False
1,164,yorwam55,19,ox,Results,1530803775,13,1,False
1,165,bf435gpg,1,consent,Consent,1530803838,38,1,False
1,165,bf435gpg,17,ox,WaitingRoom,1530803847,9,1,False
1,165,bf435gpg,18,ox,Choose,1530803887,40,1,False
1,165,bf435gpg,19,ox,Results,1530803907,20,1,False
1,166,xpa3o84g,1,consent,Consent,1530803839,32,1,False
1,166,xpa3o84g,17,ox,WaitingRoom,1530803875,36,1,False
1,166,xpa3o84g,18,ox,Choose,1530803875,0,1,False
1,167,heffwqwx,1,consent,Consent,1530803990,20,1,False
1,167,heffwqwx,17,ox,WaitingRoom,1530803995,5,1,False
1,167,heffwqwx,18,ox,Choose,1530804032,37,1,False
1,167,heffwqwx,19,ox,Results,1530804047,15,1,False
1,168,tp0240sn,1,consent,Consent,1530804121,15,1,False
1,168,tp0240sn,17,ox,WaitingRoom,1530804125,4,1,False
1,168,tp0240sn,18,ox,Choose,1530804180,55,1,False
1,168,tp0240sn,19,ox,Results,1530804195,15,1,False
1,169,26917pbq,1,consent,Consent,1530804391,129,1,True
1,170,133sdegc,1,consent,Consent,1530804332,51,1,False
1,170,133sdegc,17,ox,WaitingRoom,1530804335,3,1,False
1,170,133sdegc,18,ox,Choose,1530804365,30,1,False
1,170,133sdegc,19,ox,Results,1530804369,4,1,False
1,171,62s6rox4,1,consent,Consent,1530804397,25,1,False
1,171,62s6rox4,17,ox,WaitingRoom,1530804406,9,1,False
1,171,62s6rox4,18,ox,Choose,1530804468,62,1,True
1,171,62s6rox4,19,ox,Results,1530804477,9,1,False
1,172,geooub8g,1,consent,Consent,1530804516,26,1,False
1,172,geooub8g,17,ox,WaitingRoom,1530804522,6,1,False
1,172,geooub8g,18,ox,Choose,1530804562,40,1,False
1,172,geooub8g,19,ox,Results,1530804579,17,1,False
1,173,3znv210k,1,consent,Consent,1530804725,25,1,False
1,173,3znv210k,17,ox,WaitingRoom,1530804731,6,1,False
1,173,3znv210k,18,ox,Choose,1530804787,56,1,False
1,173,3znv210k,19,ox,Results,1530804810,23,1,False
1,174,s0kutt7o,1,consent,Consent,1530804748,26,1,False
1,174,s0kutt7o,17,ox,WaitingRoom,1530804791,43,1,False
1,174,s0kutt7o,18,ox,Choose,1530804791,0,1,False
1,175,yi4cy3da,1,consent,Consent,1530805006,15,1,False
1,175,yi4cy3da,17,ox,WaitingRoom,1530805014,8,1,False
1,175,yi4cy3da,18,ox,Choose,1530805062,48,1,False
1,175,yi4cy3da,19,ox,Results,1530805088,26,1,False
1,176,88z0bpql,1,consent,Consent,1530805463,53,1,False
1,176,88z0bpql,17,ox,WaitingRoom,1530805475,12,1,False
1,176,88z0bpql,18,ox,Choose,1530805537,62,1,True
1,176,88z0bpql,19,ox,Results,1530805555,18,1,False
1,177,hdzpuxp9,1,consent,Consent,1530805792,128,1,True
1,178,z81i6qk9,1,consent,Consent,1530806042,128,1,True
1,179,72cxjmeh,1,consent,Consent,1530806178,31,1,False
1,179,72cxjmeh,17,ox,WaitingRoom,1530806189,11,1,False
1,179,72cxjmeh,18,ox,Choose,1530806251,62,1,True
1,180,22bwjkar,1,consent,Consent,1530806414,26,1,False
1,180,22bwjkar,17,ox,WaitingRoom,1530806426,12,1,False
1,180,22bwjkar,18,ox,Choose,1530806460,34,1,False
1,180,22bwjkar,19,ox,Results,1530806479,19,1,False
1,181,t8tyomoj,1,consent,Consent,1530806455,36,1,False
1,181,t8tyomoj,17,ox,WaitingRoom,1530806465,10,1,False
1,181,t8tyomoj,18,ox,Choose,1530806527,62,1,True
1,182,fcxh016b,1,consent,Consent,1530806585,36,1,False
1,182,fcxh016b,17,ox,WaitingRoom,1530806590,5,1,False
1,182,fcxh016b,18,ox,Choose,1530806642,52,1,False
1,182,fcxh016b,19,ox,Results,1530806658,16,1,False
1,183,b69m47ey,1,consent,Consent,1530806773,21,1,False
1,183,b69m47ey,17,ox,WaitingRoom,1530806784,11,1,False
1,183,b69m47ey,18,ox,Choose,1530806819,35,1,False
1,183,b69m47ey,19,ox,Results,1530806844,25,1,False
1,184,varbqwmy,1,consent,Consent,1530806929,38,1,False
1,184,varbqwmy,17,ox,WaitingRoom,1530806971,42,1,False
1,184,varbqwmy,18,ox,Choose,1530807033,62,1,True
1,184,varbqwmy,19,ox,Results,1530807090,57,1,False
1,185,9sngegzw,1,consent,Consent,1530806928,23,1,False
1,185,9sngegzw,17,ox,WaitingRoom,1530806933,5,1,False
1,185,9sngegzw,18,ox,Choose,1530806967,34,1,False
1,185,9sngegzw,19,ox,Results,1530806983,16,1,False
1,186,qiwzx37l,1,consent,Consent,1530807097,129,1,True
1,187,2v03l5mz,1,consent,Consent,1530807072,38,1,False
1,187,2v03l5mz,17,ox,WaitingRoom,1530807077,5,1,False
1,187,2v03l5mz,18,ox,Choose,1530807111,34,1,False
1,187,2v03l5mz,19,ox,Results,1530807124,13,1,False
1,188,aovtgal0,1,consent,Consent,1530807157,42,1,False
1,188,aovtgal0,17,ox,WaitingRoom,1530807164,7,1,False
1,188,aovtgal0,18,ox,Choose,1530807226,62,1,True
1,188,aovtgal0,19,ox,Results,1530807237,11,1,False
1,189,z63is2pn,1,consent,Consent,1530807575,252,1,False
1,189,z63is2pn,17,ox,WaitingRoom,1530807587,12,1,False
1,189,z63is2pn,18,ox,Choose,1530807609,22,1,False
1,189,z63is2pn,19,ox,Results,1530807614,5,1,False
1,190,w3jbbyjc,1,consent,Consent,1530807399,20,1,False
1,190,w3jbbyjc,17,ox,WaitingRoom,1530807404,5,1,False
1,190,w3jbbyjc,18,ox,Choose,1530807457,53,1,False
1,190,w3jbbyjc,19,ox,Results,1530807467,10,1,False
1,191,8cpdmbh4,1,consent,Consent,1530807409,23,1,False
1,191,8cpdmbh4,17,ox,WaitingRoom,1530807463,54,1,False
1,191,8cpdmbh4,18,ox,Choose,1530807486,23,1,False
1,191,8cpdmbh4,19,ox,Results,1530807500,14,1,False
1,192,tm04xjhf,1,consent,Consent,1530807605,24,1,False
1,192,tm04xjhf,17,ox,WaitingRoom,1530807613,8,1,False
1,192,tm04xjhf,18,ox,Choose,1530807629,16,1,False
1,192,tm04xjhf,19,ox,Results,1530807634,5,1,False
1,193,i6ri5r0d,1,consent,Consent,1530807961,33,1,False
1,193,i6ri5r0d,17,ox,WaitingRoom,1530807974,13,1,False
1,193,i6ri5r0d,18,ox,Choose,1530808035,61,1,True
1,194,fwiesxbw,1,consent,Consent,1530808075,28,1,False
1,194,fwiesxbw,17,ox,WaitingRoom,1530808084,9,1,False
1,194,fwiesxbw,18,ox,Choose,1530808127,43,1,False
1,194,fwiesxbw,19,ox,Results,1530808139,12,1,False
1,195,swu9z5qn,1,consent,Consent,1530808115,20,1,False
1,195,swu9z5qn,17,ox,WaitingRoom,1530808129,14,1,False
1,195,swu9z5qn,18,ox,Choose,1530808156,27,1,False
1,195,swu9z5qn,19,ox,Results,1530808174,18,1,False
1,196,vl0wk1w7,1,consent,Consent,1530808200,39,1,False
1,196,vl0wk1w7,17,ox,WaitingRoom,1530808204,4,1,False
1,196,vl0wk1w7,18,ox,Choose,1530808239,35,1,False
1,196,vl0wk1w7,19,ox,Results,1530808251,12,1,False
1,197,uzbiyq8p,1,consent,Consent,1530808258,25,1,False
1,197,uzbiyq8p,17,ox,WaitingRoom,1530808262,4,1,False
1,197,uzbiyq8p,18,ox,Choose,1530808326,64,1,True
1,198,vnvu0eyy,1,consent,Consent,1530808306,31,1,False
1,198,vnvu0eyy,17,ox,WaitingRoom,1530808329,23,1,False
1,198,vnvu0eyy,18,ox,Choose,1530808391,62,1,True
1,199,6kt57ix6,1,consent,Consent,1530808336,34,1,False
1,199,6kt57ix6,17,ox,WaitingRoom,1530808395,59,1,False
1,199,6kt57ix6,18,ox,Choose,1530808457,62,1,True
1,199,6kt57ix6,19,ox,Results,1530808470,13,1,False
1,200,b3075gac,1,consent,Consent,1530808393,32,1,False
1,200,b3075gac,17,ox,WaitingRoom,1530808463,70,1,False
1,200,b3075gac,18,ox,Choose,1530808520,57,1,False
1,200,b3075gac,19,ox,Results,1530808543,23,1,False
1,201,dhfwu91c,1,consent,Consent,1530808400,14,1,False
1,201,dhfwu91c,17,ox,WaitingRoom,1530808523,123,1,False
1,201,dhfwu91c,18,ox,Choose,1530808576,53,1,False
1,201,dhfwu91c,19,ox,Results,1530808589,13,1,False
1,202,b1r0id2s,1,consent,Consent,1530808418,28,1,False
1,202,b1r0id2s,17,ox,WaitingRoom,1530808581,163,1,False
1,202,b1r0id2s,18,ox,Choose,1530808644,63,1,True
1,203,j1l92q8u,1,consent,Consent,1530808627,47,1,False
1,203,j1l92q8u,17,ox,WaitingRoom,1530808648,21,1,False
1,203,j1l92q8u,18,ox,Choose,1530808712,64,1,True
1,203,j1l92q8u,19,ox,Results,1530808739,27,1,False
1,204,u3f65844,1,consent,Consent,1530808798,34,1,False
1,204,u3f65844,17,ox,WaitingRoom,1530808805,7,1,False
1,204,u3f65844,18,ox,Choose,1530808861,56,1,False
1,204,u3f65844,19,ox,Results,1530808879,18,1,False
1,205,qg3iy50k,1,consent,Consent,1530809462,77,1,False
1,205,qg3iy50k,17,ox,WaitingRoom,1530809466,4,1,False
1,205,qg3iy50k,18,ox,Choose,1530809497,31,1,False
1,205,qg3iy50k,19,ox,Results,1530809507,10,1,False
1,206,489zrq99,1,consent,Consent,1530809541,131,1,True
1,207,67mfnibr,1,consent,Consent,1530809509,29,1,False
1,207,67mfnibr,17,ox,WaitingRoom,1530809511,2,1,False
1,207,67mfnibr,18,ox,Choose,1530809570,59,1,False
1,208,dj7ejhnx,1,consent,Consent,1530809727,31,1,False
1,208,dj7ejhnx,17,ox,WaitingRoom,1530809736,9,1,False
1,208,dj7ejhnx,18,ox,Choose,1530809787,51,1,False
1,208,dj7ejhnx,19,ox,Results,1530809806,19,1,False
1,209,z62hsjd0,1,consent,Consent,1530809876,36,1,False
1,209,z62hsjd0,17,ox,WaitingRoom,1530809886,10,1,False
1,209,z62hsjd0,18,ox,Choose,1530809941,55,1,False
1,209,z62hsjd0,19,ox,Results,1530809968,27,1,False
1,210,8547mq2z,1,consent,Consent,1530809975,31,1,False
1,210,8547mq2z,17,ox,WaitingRoom,1530809984,9,1,False
1,210,8547mq2z,18,ox,Choose,1530810045,61,1,True
1,211,40eh8d6i,1,consent,Consent,1530810162,123,1,True
1,212,j3xdp77u,1,consent,Consent,1530810058,4,1,False
1,212,j3xdp77u,17,ox,WaitingRoom,1530810069,11,1,False
1,212,j3xdp77u,18,ox,Choose,1530810131,62,1,True
1,213,5o1pagep,1,consent,Consent,1530810540,41,1,False
1,213,5o1pagep,17,ox,WaitingRoom,1530810545,5,1,False
1,213,5o1pagep,18,ox,Choose,1530810583,38,1,False
1,213,5o1pagep,19,ox,Results,1530810604,21,1,False
1,214,8wtqo0yy,1,consent,Consent,1530810596,7,1,False
1,214,8wtqo0yy,17,ox,WaitingRoom,1530810811,215,1,False
1,214,8wtqo0yy,18,ox,Choose,1530810874,63,1,True
1,215,2nxxnhb2,1,consent,Consent,1530810866,14,1,False
1,215,2nxxnhb2,17,ox,WaitingRoom,1530810879,13,1,False
1,215,2nxxnhb2,18,ox,Choose,1530810927,48,1,False
1,215,2nxxnhb2,19,ox,Results,1530810936,9,1,False
1,216,8nofph0n,1,consent,Consent,1530811140,47,1,False
1,216,8nofph0n,17,ox,WaitingRoom,1530811152,12,1,False
1,216,8nofph0n,18,ox,Choose,1530811207,55,1,False
1,216,8nofph0n,19,ox,Results,1530811219,12,1,False
1,217,fp6v4pfh,1,consent,Consent,1530811337,28,1,False
1,217,fp6v4pfh,17,ox,WaitingRoom,1530811343,6,1,False
1,217,fp6v4pfh,18,ox,Choose,1530811397,54,1,False
1,217,fp6v4pfh,19,ox,Results,1530811423,26,1,False
1,218,mqczujdz,1,consent,Consent,1530811675,128,1,True
1,219,o8hinwvz,1,consent,Consent,1530811774,30,1,False
1,219,o8hinwvz,17,ox,WaitingRoom,1530811778,4,1,False
1,219,o8hinwvz,18,ox,Choose,1530811829,51,1,False
1,219,o8hinwvz,19,ox,Results,1530811847,18,1,False
1,220,bmb4tw0n,1,consent,Consent,1530815711,10,1,False
1,220,bmb4tw0n,17,ox,WaitingRoom,1530815719,8,1,False
1,220,bmb4tw0n,18,ox,Choose,1530815760,41,1,False
1,220,bmb4tw0n,19,ox,Results,1530815766,6,1,False
1,221,sxfysr62,1,consent,Consent,1530812764,21,1,False
1,221,sxfysr62,17,ox,WaitingRoom,1530812776,12,1,False
1,221,sxfysr62,18,ox,Choose,1530812834,58,1,False
1,221,sxfysr62,19,ox,Results,1530812845,11,1,False
1,222,5ykldl1f,1,consent,Consent,1530812964,39,1,False
1,222,5ykldl1f,17,ox,WaitingRoom,1530812969,5,1,False
1,222,5ykldl1f,18,ox,Choose,1530813008,39,1,False
1,222,5ykldl1f,19,ox,Results,1530813020,12,1,False
1,223,fb2dlxw4,1,consent,Consent,1530813530,71,1,False
1,223,fb2dlxw4,17,ox,WaitingRoom,1530813538,8,1,False
1,223,fb2dlxw4,18,ox,Choose,1530813591,53,1,False
1,223,fb2dlxw4,19,ox,Results,1530813604,13,1,False
1,224,32rv5n2m,1,consent,Consent,1530813662,132,1,True
1,225,a0w0k9y5,1,consent,Consent,1530813643,44,1,False
1,225,a0w0k9y5,17,ox,WaitingRoom,1530813653,10,1,False
1,225,a0w0k9y5,18,ox,Choose,1530813680,27,1,False
1,225,a0w0k9y5,19,ox,Results,1530813694,14,1,False
1,226,twx9bwxr,1,consent,Consent,1530813821,36,1,False
1,226,twx9bwxr,17,ox,WaitingRoom,1530813825,4,1,False
1,226,twx9bwxr,18,ox,Choose,1530813887,62,1,True
1,227,abgw39ki,1,consent,Consent,1530814737,53,1,False
1,227,abgw39ki,17,ox,WaitingRoom,1530814744,7,1,False
1,227,abgw39ki,18,ox,Choose,1530814786,42,1,False
1,227,abgw39ki,19,ox,Results,1530814799,13,1,False
1,228,en75fem1,1,consent,Consent,1530814826,21,1,False
1,228,en75fem1,17,ox,WaitingRoom,1530814839,13,1,False
1,228,en75fem1,18,ox,Choose,1530814901,62,1,True
1,228,en75fem1,19,ox,Results,1530814909,8,1,False
1,229,l0nemosr,1,consent,Consent,1530815380,129,1,True
1,231,r4ramkpk,1,consent,Consent,1530815344,21,1,False
1,231,r4ramkpk,17,ox,WaitingRoom,1530815355,11,1,False
1,231,r4ramkpk,18,ox,Choose,1530815385,30,1,False
1,231,r4ramkpk,19,ox,Results,1530815394,9,1,False
1,232,3h3liq3n,1,consent,Consent,1530815450,21,1,False
1,232,3h3liq3n,17,ox,WaitingRoom,1530815456,6,1,False
1,232,3h3liq3n,18,ox,Choose,1530815489,33,1,False
1,232,3h3liq3n,19,ox,Results,1530815506,17,1,False
1,233,y5skhsjw,1,consent,Consent,1530815864,9,1,False
1,233,y5skhsjw,17,ox,WaitingRoom,1530815868,4,1,False
1,233,y5skhsjw,18,ox,Choose,1530815923,55,1,False
1,233,y5skhsjw,19,ox,Results,1530815935,12,1,False
1,234,h6ma4dw3,1,consent,Consent,1530815952,36,1,False
1,234,h6ma4dw3,17,ox,WaitingRoom,1530815955,3,1,False
1,234,h6ma4dw3,18,ox,Choose,1530816004,49,1,False
1,234,h6ma4dw3,19,ox,Results,1530816025,21,1,False
1,235,mos8sbwa,1,consent,Consent,1530816131,44,1,False
1,235,mos8sbwa,17,ox,WaitingRoom,1530816136,5,1,False
1,235,mos8sbwa,18,ox,Choose,1530816175,39,1,False
1,235,mos8sbwa,19,ox,Results,1530816189,14,1,False
1,236,gakfulfj,1,consent,Consent,1530816326,18,1,False
1,236,gakfulfj,17,ox,WaitingRoom,1530816332,6,1,False
1,236,gakfulfj,18,ox,Choose,1530816353,21,1,False
1,236,gakfulfj,19,ox,Results,1530816359,6,1,False
1,237,30plw0y4,1,consent,Consent,1530816648,124,1,True
1,238,wu1myyuf,1,consent,Consent,1530816889,25,1,False
1,238,wu1myyuf,17,ox,WaitingRoom,1530816895,6,1,False
1,238,wu1myyuf,18,ox,Choose,1530816925,30,1,False
1,238,wu1myyuf,19,ox,Results,1530816936,11,1,False
1,239,ieu8tsm2,1,consent,Consent,1530817077,68,1,False
1,239,ieu8tsm2,17,ox,WaitingRoom,1530817087,10,1,False
1,239,ieu8tsm2,18,ox,Choose,1530817149,62,1,True
1,239,ieu8tsm2,19,ox,Results,1530817163,14,1,False
1,240,64c9sgvk,1,consent,Consent,1530817311,24,1,False
1,240,64c9sgvk,17,ox,WaitingRoom,1530817321,10,1,False
1,240,64c9sgvk,18,ox,Choose,1530817385,64,1,True
1,240,64c9sgvk,19,ox,Results,1530817397,12,1,False
1,241,jv6vj648,1,consent,Consent,1530817594,47,1,False
1,241,jv6vj648,17,ox,WaitingRoom,1530817604,10,1,False
1,241,jv6vj648,18,ox,Choose,1530817630,26,1,False
1,241,jv6vj648,19,ox,Results,1530817646,16,1,False
1,242,jcb0tdck,1,consent,Consent,1530817848,85,1,False
1,242,jcb0tdck,17,ox,WaitingRoom,1530817895,47,1,False
1,242,jcb0tdck,18,ox,Choose,1530817966,71,1,True
1,242,jcb0tdck,19,ox,Results,1530818038,72,1,False
1,243,5wgcuuq1,1,consent,Consent,1530817816,16,1,False
1,243,5wgcuuq1,17,ox,WaitingRoom,1530817825,9,1,False
1,243,5wgcuuq1,18,ox,Choose,1530817883,58,1,False
1,243,5wgcuuq1,19,ox,Results,1530817893,10,1,False
1,244,j0m8ltzg,1,consent,Consent,1530818111,129,1,True
1,245,gqm1osug,1,consent,Consent,1530818678,31,1,False
1,245,gqm1osug,17,ox,WaitingRoom,1530818682,4,1,False
1,245,gqm1osug,18,ox,Choose,1530818727,45,1,False
1,245,gqm1osug,19,ox,Results,1530818748,21,1,False
1,246,9xvx0tm8,1,consent,Consent,1530818787,37,1,False
1,246,9xvx0tm8,17,ox,WaitingRoom,1530818793,6,1,False
1,246,9xvx0tm8,18,ox,Choose,1530818852,59,1,False
1,246,9xvx0tm8,19,ox,Results,1530818873,21,1,False
1,247,kg3ns3rl,1,consent,Consent,1530819313,36,1,False
1,247,kg3ns3rl,17,ox,WaitingRoom,1530819323,10,1,False
1,247,kg3ns3rl,18,ox,Choose,1530819356,33,1,False
1,247,kg3ns3rl,19,ox,Results,1530819376,20,1,False
1,248,jmfynzqm,1,consent,Consent,1530820177,129,1,True
1,249,blih02b1,1,consent,Consent,1530820347,128,1,True
1,250,gzek3nv1,1,consent,Consent,1530820397,33,1,False
1,250,gzek3nv1,17,ox,WaitingRoom,1530820405,8,1,False
1,250,gzek3nv1,18,ox,Choose,1530820454,49,1,False
1,250,gzek3nv1,19,ox,Results,1530820469,15,1,False
1,251,68hsc72o,1,consent,Consent,1530820552,14,1,False
1,251,68hsc72o,17,ox,WaitingRoom,1530820559,7,1,False
1,251,68hsc72o,18,ox,Choose,1530820620,61,1,True
1,251,68hsc72o,19,ox,Results,1530820650,30,1,False
1,252,f3zqqs93,1,consent,Consent,1530820706,10,1,False
1,252,f3zqqs93,17,ox,WaitingRoom,1530820712,6,1,False
1,252,f3zqqs93,18,ox,Choose,1530820766,54,1,False
1,252,f3zqqs93,19,ox,Results,1530820776,10,1,False
1,253,jspktadi,1,consent,Consent,1530820873,19,1,False
1,253,jspktadi,17,ox,WaitingRoom,1530820881,8,1,False
1,253,jspktadi,18,ox,Choose,1530820920,39,1,False
1,253,jspktadi,19,ox,Results,1530820928,8,1,False
1,254,cjlj4y7f,1,consent,Consent,1530821011,25,1,False
1,254,cjlj4y7f,17,ox,WaitingRoom,1530821018,7,1,False
1,254,cjlj4y7f,18,ox,Choose,1530821047,29,1,False
1,254,cjlj4y7f,19,ox,Results,1530821062,15,1,False
1,255,m1g9d54t,1,consent,Consent,1530821287,40,1,False
1,255,m1g9d54t,17,ox,WaitingRoom,1530821295,8,1,False
1,255,m1g9d54t,18,ox,Choose,1530821354,59,1,False
1,255,m1g9d54t,19,ox,Results,1530821366,12,1,False
1,256,24ex8qt6,1,consent,Consent,1530821393,129,1,True
1,257,uaae2voy,1,consent,Consent,1530821305,26,1,False
1,257,uaae2voy,17,ox,WaitingRoom,1530821358,53,1,False
1,257,uaae2voy,18,ox,Choose,1530821419,61,1,False
1,257,uaae2voy,19,ox,Results,1530821440,21,1,False
1,258,eydrnds1,1,consent,Consent,1530821453,8,1,False
1,258,eydrnds1,17,ox,WaitingRoom,1530821465,12,1,False
1,258,eydrnds1,18,ox,Choose,1530821527,62,1,True
1,259,4voi1ojk,1,consent,Consent,1530822261,19,1,False
1,259,4voi1ojk,17,ox,WaitingRoom,1530822269,8,1,False
1,259,4voi1ojk,18,ox,Choose,1530822319,50,1,False
1,259,4voi1ojk,19,ox,Results,1530822334,15,1,False
1,260,r6f3karw,1,consent,Consent,1530823080,128,1,True
1,261,2s062hf2,1,consent,Consent,1530823633,20,1,False
1,261,2s062hf2,17,ox,WaitingRoom,1530823645,12,1,False
1,261,2s062hf2,18,ox,Choose,1530823707,62,1,True
1,262,33ey26po,1,consent,Consent,1530823779,130,1,True
1,263,ktiagc9h,1,consent,Consent,1530823803,27,1,False
1,263,ktiagc9h,17,ox,WaitingRoom,1530823807,4,1,False
1,263,ktiagc9h,18,ox,Choose,1530823857,50,1,False
1,263,ktiagc9h,19,ox,Results,1530823870,13,1,False
1,264,lo6kr9i3,1,consent,Consent,1530824547,19,1,False
1,264,lo6kr9i3,17,ox,WaitingRoom,1530824557,10,1,False
1,264,lo6kr9i3,18,ox,Choose,1530824610,53,1,False
1,264,lo6kr9i3,19,ox,Results,1530824627,17,1,False
1,265,3jicxvty,1,consent,Consent,1530825042,36,1,False
1,265,3jicxvty,17,ox,WaitingRoom,1530825055,13,1,False
1,265,3jicxvty,18,ox,Choose,1530825098,43,1,False
1,265,3jicxvty,19,ox,Results,1530825116,18,1,False
1,266,6uvmfndt,1,consent,Consent,1530825190,24,1,False
1,266,6uvmfndt,17,ox,WaitingRoom,1530825195,5,1,False
1,266,6uvmfndt,18,ox,Choose,1530825244,49,1,False
1,266,6uvmfndt,19,ox,Results,1530825263,19,1,False
1,267,g4o5cfz3,1,consent,Consent,1530825668,81,1,False
1,267,g4o5cfz3,17,ox,WaitingRoom,1530825683,15,1,False
1,267,g4o5cfz3,18,ox,Choose,1530825743,60,1,False
1,267,g4o5cfz3,19,ox,Results,1530825769,26,1,False
1,268,8qceltm2,1,consent,Consent,1530826107,20,1,False
1,268,8qceltm2,17,ox,WaitingRoom,1530826119,12,1,False
1,268,8qceltm2,18,ox,Choose,1530826167,48,1,False
1,268,8qceltm2,19,ox,Results,1530826179,12,1,False
1,269,u48n2taf,1,consent,Consent,1530826272,128,1,True
1,270,povm6rc1,1,consent,Consent,1530826639,119,1,False
1,270,povm6rc1,17,ox,WaitingRoom,1530826654,15,1,False
1,270,povm6rc1,18,ox,Choose,1530826720,66,1,True
1,271,c0t0jfk0,1,consent,Consent,1530827107,24,1,False
1,271,c0t0jfk0,17,ox,WaitingRoom,1530827112,5,1,False
1,271,c0t0jfk0,18,ox,Choose,1530827160,48,1,False
1,271,c0t0jfk0,19,ox,Results,1530827167,7,1,False
1,272,wvu574cr,1,consent,Consent,1530829299,37,1,False
1,272,wvu574cr,17,ox,WaitingRoom,1530829307,8,1,False
1,272,wvu574cr,18,ox,Choose,1530829371,64,1,True
1,273,733jrqom,1,consent,Consent,1530831046,103,1,False
1,273,733jrqom,17,ox,WaitingRoom,1530831067,21,1,False
1,273,733jrqom,18,ox,Choose,1530831138,71,1,False
1,273,733jrqom,19,ox,Results,1530831169,31,1,False
1,274,79vkfrkb,1,consent,Consent,1530831058,46,1,False
1,274,79vkfrkb,17,ox,WaitingRoom,1530831141,83,1,False
1,274,79vkfrkb,18,ox,Choose,1530831195,54,1,False
1,274,79vkfrkb,19,ox,Results,1530831215,20,1,False
1,275,1qb40gx6,1,consent,Consent,1530831250,31,1,False
1,275,1qb40gx6,17,ox,WaitingRoom,1530831255,5,1,False
1,275,1qb40gx6,18,ox,Choose,1530831297,42,1,False
1,275,1qb40gx6,19,ox,Results,1530831305,8,1,False
1,276,58pkjq9w,1,consent,Consent,1530831808,15,1,False
1,276,58pkjq9w,17,ox,WaitingRoom,1530831818,10,1,False
1,276,58pkjq9w,18,ox,Choose,1530831880,62,1,True
1,277,y9aw3kjm,1,consent,Consent,1530832262,128,1,True
1,278,w876elfv,1,consent,Consent,1530833391,35,1,False
1,278,w876elfv,17,ox,WaitingRoom,1530833396,5,1,False
1,278,w876elfv,18,ox,Choose,1530833439,43,1,False
1,278,w876elfv,19,ox,Results,1530833447,8,1,False
1,279,42c43h98,1,consent,Consent,1530834240,21,1,False
1,279,42c43h98,17,ox,WaitingRoom,1530834253,13,1,False
1,279,42c43h98,18,ox,Choose,1530834286,33,1,False
1,279,42c43h98,19,ox,Results,1530834293,7,1,False
1,280,4nrznc6d,1,consent,Consent,1530834757,130,1,True
1,281,s7u1iylx,1,consent,Consent,1530835114,32,1,False
1,281,s7u1iylx,17,ox,WaitingRoom,1530835120,6,1,False
1,281,s7u1iylx,18,ox,Choose,1530835183,63,1,True
1,281,s7u1iylx,19,ox,Results,1530835195,12,1,False
1,282,jdc0kr78,1,consent,Consent,1530835292,26,1,False
1,282,jdc0kr78,17,ox,WaitingRoom,1530835301,9,1,False
1,282,jdc0kr78,18,ox,Choose,1530835326,25,1,False
1,282,jdc0kr78,19,ox,Results,1530835339,13,1,False
1,283,nwi1ppi3,1,consent,Consent,1530835651,21,1,False
1,283,nwi1ppi3,17,ox,WaitingRoom,1530835664,13,1,False
1,283,nwi1ppi3,18,ox,Choose,1530835719,55,1,False
1,283,nwi1ppi3,19,ox,Results,1530835730,11,1,False
1,284,910v93s9,1,consent,Consent,1530835808,128,1,True
1,286,dl1wkt6a,1,consent,Consent,1530835864,41,1,False
1,286,dl1wkt6a,17,ox,WaitingRoom,1530835871,7,1,False
1,286,dl1wkt6a,18,ox,Choose,1530835892,21,1,False
1,286,dl1wkt6a,19,ox,Results,1530835908,16,1,False
1,287,q8s0r60q,1,consent,Consent,1530836027,36,1,False
1,287,q8s0r60q,17,ox,WaitingRoom,1530836036,9,1,False
1,287,q8s0r60q,18,ox,Choose,1530836087,51,1,False
1,287,q8s0r60q,19,ox,Results,1530836116,29,1,False
1,288,jmfugg1v,1,consent,Consent,1530837492,43,1,False
1,288,jmfugg1v,17,ox,WaitingRoom,1530837501,9,1,False
1,288,jmfugg1v,18,ox,Choose,1530837542,41,1,False
1,288,jmfugg1v,19,ox,Results,1530837553,11,1,False
1,289,hgn1kmqc,1,consent,Consent,1530837587,30,1,False
1,289,hgn1kmqc,17,ox,WaitingRoom,1530837597,10,1,False
1,289,hgn1kmqc,18,ox,Choose,1530837622,25,1,False
1,289,hgn1kmqc,19,ox,Results,1530837641,19,1,False
1,290,nvghi3a2,1,consent,Consent,1530839505,130,1,True
1,291,pj2i1y7v,1,consent,Consent,1530839511,20,1,False
1,291,pj2i1y7v,17,ox,WaitingRoom,1530839514,3,1,False
1,291,pj2i1y7v,18,ox,Choose,1530839539,25,1,False
1,291,pj2i1y7v,19,ox,Results,1530839552,13,1,False
1,292,5whv0zco,1,consent,Consent,1530839556,34,1,False
1,292,5whv0zco,17,ox,WaitingRoom,1530839568,12,1,False
1,292,5whv0zco,18,ox,Choose,1530839611,43,1,False
1,292,5whv0zco,19,ox,Results,1530839630,19,1,False
1,293,fhj2b6xg,1,consent,Consent,1530840036,37,1,False
1,293,fhj2b6xg,17,ox,WaitingRoom,1530840058,22,1,False
1,293,fhj2b6xg,18,ox,Choose,1530840115,57,1,False
1,293,fhj2b6xg,19,ox,Results,1530840128,13,1,False
1,294,gw8ego2k,1,consent,Consent,1530840069,28,1,False
1,294,gw8ego2k,17,ox,WaitingRoom,1530840118,49,1,False
1,294,gw8ego2k,18,ox,Choose,1530840156,38,1,False
1,294,gw8ego2k,19,ox,Results,1530840175,19,1,False
1,295,jz7861uc,1,consent,Consent,1530840226,23,1,False
1,295,jz7861uc,17,ox,WaitingRoom,1530840229,3,1,False
1,295,jz7861uc,18,ox,Choose,1530840281,52,1,False
1,295,jz7861uc,19,ox,Results,1530840308,27,1,False
1,296,tp1bwrxh,1,consent,Consent,1530840824,9,1,False
1,296,tp1bwrxh,17,ox,WaitingRoom,1530840837,13,1,False
1,296,tp1bwrxh,18,ox,Choose,1530840860,23,1,False
1,296,tp1bwrxh,19,ox,Results,1530840865,5,1,False
1,297,i33xjle9,1,consent,Consent,1530840961,43,1,False
1,297,i33xjle9,17,ox,WaitingRoom,1530840965,4,1,False
1,297,i33xjle9,18,ox,Choose,1530841027,62,1,True
1,298,r4dldnt7,1,consent,Consent,1530841596,128,1,True
1,299,rfyaurbi,1,consent,Consent,1530841985,124,1,True
1,300,o1z8sg8s,1,consent,Consent,1530842010,87,1,False
1,300,o1z8sg8s,17,ox,WaitingRoom,1530842016,6,1,False
1,300,o1z8sg8s,18,ox,Choose,1530842078,62,1,True
1,300,o1z8sg8s,19,ox,Results,1530842111,33,1,False
1,301,tabin11x,1,consent,Consent,1530842071,63,1,False
1,301,tabin11x,17,ox,WaitingRoom,1530842136,65,1,False
1,301,tabin11x,18,ox,Choose,1530842196,60,1,True
1,302,lxauqii2,1,consent,Consent,1530842064,32,1,False
1,302,lxauqii2,17,ox,WaitingRoom,1530842082,18,1,False
1,302,lxauqii2,18,ox,Choose,1530842135,53,1,False
1,302,lxauqii2,19,ox,Results,1530842158,23,1,False
1,303,amgc6rxx,1,consent,Consent,1530842159,123,1,True
1,304,c8b1c43a,1,consent,Consent,1530842171,129,1,True
1,305,n3xn6yr2,1,consent,Consent,1530842494,51,1,False
1,305,n3xn6yr2,17,ox,WaitingRoom,1530842501,7,1,False
1,305,n3xn6yr2,18,ox,Choose,1530842563,62,1,True
1,305,n3xn6yr2,19,ox,Results,1530842578,15,1,False
1,306,da63w3tw,1,consent,Consent,1530842592,31,1,False
1,306,da63w3tw,17,ox,WaitingRoom,1530842659,67,1,False
1,306,da63w3tw,18,ox,Choose,1530842716,57,1,False
1,306,da63w3tw,19,ox,Results,1530842732,16,1,False
1,307,u3bys570,1,consent,Consent,1530842589,27,1,False
1,307,u3bys570,17,ox,WaitingRoom,1530842599,10,1,False
1,307,u3bys570,18,ox,Choose,1530842653,54,1,False
1,307,u3bys570,19,ox,Results,1530842666,13,1,False
1,308,nfyi06ky,1,consent,Consent,1530842890,17,1,False
1,308,nfyi06ky,17,ox,WaitingRoom,1530842894,4,1,False
1,308,nfyi06ky,18,ox,Choose,1530842955,61,1,True
1,308,nfyi06ky,19,ox,Results,1530842995,40,1,False
1,309,bs4buhhc,1,consent,Consent,1530843623,124,1,True
1,310,xtxjdkdr,1,consent,Consent,1530844138,23,1,False
1,310,xtxjdkdr,17,ox,WaitingRoom,1530844146,8,1,False
1,310,xtxjdkdr,18,ox,Choose,1530844198,52,1,False
1,310,xtxjdkdr,19,ox,Results,1530844212,14,1,False
1,311,czeu7bej,1,consent,Consent,1530844432,44,1,False
1,311,czeu7bej,17,ox,WaitingRoom,1530844442,10,1,False
1,311,czeu7bej,18,ox,Choose,1530844504,62,1,True
1,311,czeu7bej,19,ox,Results,1530844521,17,1,False
1,312,0lrlh89n,1,consent,Consent,1530845328,61,1,False
1,312,0lrlh89n,17,ox,WaitingRoom,1530845336,8,1,False
1,312,0lrlh89n,18,ox,Choose,1530845363,27,1,False
1,312,0lrlh89n,19,ox,Results,1530845388,25,1,False
1,313,lpdufxtv,1,consent,Consent,1530845561,46,1,False
1,313,lpdufxtv,17,ox,WaitingRoom,1530845572,11,1,False
1,313,lpdufxtv,18,ox,Choose,1530845634,62,1,True
1,314,yuyt2eix,1,consent,Consent,1530845661,25,1,False
1,314,yuyt2eix,17,ox,WaitingRoom,1530845667,6,1,False
1,314,yuyt2eix,18,ox,Choose,1530845728,61,1,True
1,314,yuyt2eix,19,ox,Results,1530845744,16,1,False
1,315,n2n7ousv,1,consent,Consent,1530846151,9,1,False
1,315,n2n7ousv,17,ox,WaitingRoom,1530846157,6,1,False
1,315,n2n7ousv,18,ox,Choose,1530846188,31,1,False
1,315,n2n7ousv,19,ox,Results,1530846197,9,1,False
1,316,0a4w8bsn,1,consent,Consent,1530846480,47,1,False
1,316,0a4w8bsn,17,ox,WaitingRoom,1530846486,6,1,False
1,316,0a4w8bsn,18,ox,Choose,1530846531,45,1,False
1,316,0a4w8bsn,19,ox,Results,1530846561,30,1,False
1,317,yqoot9vq,1,consent,Consent,1530846493,45,1,False
1,317,yqoot9vq,17,ox,WaitingRoom,1530846532,39,1,False
1,317,yqoot9vq,18,ox,Choose,1530846594,62,1,True
1,318,38uenonw,1,consent,Consent,1530847438,12,1,False
1,318,38uenonw,17,ox,WaitingRoom,1530847450,12,1,False
1,318,38uenonw,18,ox,Choose,1530847470,20,1,False
1,318,38uenonw,19,ox,Results,1530847489,19,1,False
1,319,c2np1qtd,1,consent,Consent,1530847567,32,1,False
1,319,c2np1qtd,17,ox,WaitingRoom,1530847577,10,1,False
1,319,c2np1qtd,18,ox,Choose,1530847628,51,1,False
1,319,c2np1qtd,19,ox,Results,1530847663,35,1,False
1,320,wbh6ldo8,1,consent,Consent,1530848538,21,1,False
1,320,wbh6ldo8,17,ox,WaitingRoom,1530848543,5,1,False
1,320,wbh6ldo8,18,ox,Choose,1530848597,54,1,False
1,320,wbh6ldo8,19,ox,Results,1530848610,13,1,False
1,321,v5rydit7,1,consent,Consent,1530848710,44,1,False
1,321,v5rydit7,17,ox,WaitingRoom,1530848720,10,1,False
1,321,v5rydit7,18,ox,Choose,1530848776,56,1,False
1,321,v5rydit7,19,ox,Results,1530848841,65,1,False
1,322,2l641vzg,1,consent,Consent,1530849402,24,1,False
1,322,2l641vzg,17,ox,WaitingRoom,1530849412,10,1,False
1,322,2l641vzg,18,ox,Choose,1530849463,51,1,False
1,322,2l641vzg,19,ox,Results,1530849472,9,1,False
1,323,1xw7hiaq,1,consent,Consent,1530849735,16,1,False
1,323,1xw7hiaq,17,ox,WaitingRoom,1530849753,18,1,False
1,323,1xw7hiaq,18,ox,Choose,1530849805,52,1,False
1,323,1xw7hiaq,19,ox,Results,1530849829,24,1,False
1,324,a35d24sp,1,consent,Consent,1530849884,35,1,False
1,324,a35d24sp,17,ox,WaitingRoom,1530849889,5,1,False
1,324,a35d24sp,18,ox,Choose,1530849946,57,1,False
1,324,a35d24sp,19,ox,Results,1530849962,16,1,False
1,325,q2znybds,1,consent,Consent,1530851278,23,1,False
1,325,q2znybds,17,ox,WaitingRoom,1530851288,10,1,False
1,325,q2znybds,18,ox,Choose,1530851313,25,1,False
1,325,q2znybds,19,ox,Results,1530851330,17,1,False
1,326,cvo55q8a,1,consent,Consent,1530851491,31,1,False
1,326,cvo55q8a,17,ox,WaitingRoom,1530851495,4,1,False
1,326,cvo55q8a,18,ox,Choose,1530851523,28,1,False
1,326,cvo55q8a,19,ox,Results,1530851528,5,1,False
1,327,oevtg51w,1,consent,Consent,1530853374,10,1,False
1,327,oevtg51w,17,ox,WaitingRoom,1530853387,13,1,False
1,327,oevtg51w,18,ox,Choose,1530853422,35,1,False
1,327,oevtg51w,19,ox,Results,1530853436,14,1,False
1,328,33tw1hnt,1,consent,Consent,1530854808,36,1,False
1,328,33tw1hnt,17,ox,WaitingRoom,1530854821,13,1,False
1,328,33tw1hnt,18,ox,Choose,1530854878,57,1,False
1,328,33tw1hnt,19,ox,Results,1530854897,19,1,False
1,329,i0isiseu,1,consent,Consent,1530855237,27,1,False
1,329,i0isiseu,17,ox,WaitingRoom,1530855244,7,1,False
1,329,i0isiseu,18,ox,Choose,1530855286,42,1,False
1,329,i0isiseu,19,ox,Results,1530855301,15,1,False
1,330,o1s95spu,1,consent,Consent,1530855579,27,1,False
1,330,o1s95spu,17,ox,WaitingRoom,1530855585,6,1,False
1,330,o1s95spu,18,ox,Choose,1530855646,61,1,True
1,331,ldn8xvc1,1,consent,Consent,1530855619,24,1,False
1,331,ldn8xvc1,17,ox,WaitingRoom,1530855648,29,1,False
1,331,ldn8xvc1,18,ox,Choose,1530855687,39,1,False
1,331,ldn8xvc1,19,ox,Results,1530855706,19,1,False
1,332,jt46rzke,1,consent,Consent,1530856448,19,1,False
1,332,jt46rzke,17,ox,WaitingRoom,1530856456,8,1,False
1,332,jt46rzke,18,ox,Choose,1530856518,62,1,True
1,333,0wr8os1s,1,consent,Consent,1530856708,130,1,True
