participant.id_in_session,participant.code,participant.label,participant._is_bot,participant._index_in_pages,participant._max_page_index,participant._current_app_name,participant._round_number,participant._current_page_name,participant.ip_address,participant.time_started,participant.visited,participant.mturk_worker_id,participant.mturk_assignment_id,participant.payoff,player.id_in_group,player.guess,player.is_winner,player.strategy_guess,player.timeout,player.payoff,group.id_in_subsession,group.two_thirds_avg,group.best_guess,group.num_winners,group.high_info,group.split,subsession.round_number,session.code,session.label,session.experimenter_name,session.mturk_HITId,session.mturk_HITGroupId,session.comment,session.is_demo
1,dum8fuxd,,0,65,64,GoR_2,8,FinalResultsAndDebrief,172.16.176.137,2018-01-18 12:53:25.810857+00:00,1,A2IQ0QCTQ3KWLT,3Z7EFSHGNAX7291D29AVXEC9IL9XC8,1.98,1,46,1,,0,0.46,2,44.33,46,1,0,1,1,gmvo6031,,,3HXCEECSQMC7ON439HB337OF5PFZYY,3DCXWU0MSD8V3HYAGJ9BK24L7SKVTS,,0
2,ddrcm8fk,,0,65,64,GoR_2,8,FinalResultsAndDebrief,172.16.176.137,2018-01-18 12:53:26.172472+00:00,1,A1NSHNH3MNFRGW,3FQ5JJ512M7K9DZXSG4KNVYJLG8NKR,0.75,1,35,1,,0,0.35,3,25.0,35,1,0,0,1,gmvo6031,,,3HXCEECSQMC7ON439HB337OF5PFZYY,3DCXWU0MSD8V3HYAGJ9BK24L7SKVTS,,0
3,ydwleocp,,0,64,64,GoR_2,8,FinalResultsAndDebrief,172.16.176.137,2018-01-18 12:53:26.314945+00:00,1,A1HZXKVQSWNKRA,3ZGVPD4G6U0DTL33PDT6J9SOE77ZTQ,8.00,1,100,1,,0,1.00,4,66.67,100,2,1,0,1,gmvo6031,,,3HXCEECSQMC7ON439HB337OF5PFZYY,3DCXWU0MSD8V3HYAGJ9BK24L7SKVTS,,0
4,jq3fzmkv,,0,65,64,GoR_2,8,FinalResultsAndDebrief,172.16.176.137,2018-01-18 12:53:26.612368+00:00,1,APGX2WZ59OWDN,3CN4LGXD5Y7T7AE8EQQFXU7USEN4Y9,1.10,2,40,0,,0,0.00,3,25.0,35,1,0,0,1,gmvo6031,,,3HXCEECSQMC7ON439HB337OF5PFZYY,3DCXWU0MSD8V3HYAGJ9BK24L7SKVTS,,0
5,mj3eg92g,,0,1,64,consent,1,Consent,172.16.176.137,2018-01-18 12:53:27.823237+00:00,1,A3PDTUA1YLJTMC,3TXWC2NHN09X8U8BWFUHWGU9XL4S9E,0.00,5,,0,,0,0.00,1,,,,0,0,1,gmvo6031,,,3HXCEECSQMC7ON439HB337OF5PFZYY,3DCXWU0MSD8V3HYAGJ9BK24L7SKVTS,,0
6,o2wxjxzc,,0,65,64,GoR_2,8,FinalResultsAndDebrief,172.16.176.137,2018-01-18 12:53:44.416442+00:00,1,A35QYDS8MRV1EX,3YW4XOSQKR4VY2XKH7AOWBUEK61U1N,0.91,2,87,0,,0,0.00,2,44.33,46,1,0,1,1,gmvo6031,,,3HXCEECSQMC7ON439HB337OF5PFZYY,3DCXWU0MSD8V3HYAGJ9BK24L7SKVTS,,0
7,1q2gv78n,,0,65,64,GoR_2,8,FinalResultsAndDebrief,172.16.176.137,2018-01-18 12:56:29.807708+00:00,1,A2F2DDH12YU4AK,3D8YOU6S9F3Q5OYHNDM5R7LVSHHU6L,8.00,2,100,1,,0,1.00,4,66.67,100,2,1,0,1,gmvo6031,,,3HXCEECSQMC7ON439HB337OF5PFZYY,3DCXWU0MSD8V3HYAGJ9BK24L7SKVTS,,0
8,59fwttut,,0,1,64,consent,1,Consent,127.0.0.1,2018-01-18 13:00:25.593543+00:00,1,,,0.00,8,,0,,0,0.00,1,,,,0,0,1,gmvo6031,,,3HXCEECSQMC7ON439HB337OF5PFZYY,3DCXWU0MSD8V3HYAGJ9BK24L7SKVTS,,0
9,k56y9gun,,0,1,64,consent,1,Consent,127.0.0.1,2018-01-18 13:00:25.621644+00:00,1,,,0.00,9,,0,,0,0.00,1,,,,0,0,1,gmvo6031,,,3HXCEECSQMC7ON439HB337OF5PFZYY,3DCXWU0MSD8V3HYAGJ9BK24L7SKVTS,,0
10,k0d302gm,,0,1,64,consent,1,Consent,127.0.0.1,2018-01-18 13:00:25.646110+00:00,1,,,0.00,10,,0,,0,0.00,1,,,,0,0,1,gmvo6031,,,3HXCEECSQMC7ON439HB337OF5PFZYY,3DCXWU0MSD8V3HYAGJ9BK24L7SKVTS,,0
11,ljtxr4mx,,0,1,64,consent,1,Consent,127.0.0.1,2018-01-18 13:00:25.670844+00:00,1,,,0.00,11,,0,,0,0.00,1,,,,0,0,1,gmvo6031,,,3HXCEECSQMC7ON439HB337OF5PFZYY,3DCXWU0MSD8V3HYAGJ9BK24L7SKVTS,,0
12,q78yz85t,,0,1,64,consent,1,Consent,127.0.0.1,2018-01-18 13:00:25.696149+00:00,1,,,0.00,12,,0,,0,0.00,1,,,,0,0,1,gmvo6031,,,3HXCEECSQMC7ON439HB337OF5PFZYY,3DCXWU0MSD8V3HYAGJ9BK24L7SKVTS,,0
1,dum8fuxd,,0,65,64,GoR_2,8,FinalResultsAndDebrief,172.16.176.137,2018-01-18 12:53:25.810857+00:00,1,A2IQ0QCTQ3KWLT,3Z7EFSHGNAX7291D29AVXEC9IL9XC8,1.98,1,32,1,,0,0.32,2,33.67,32,1,0,1,2,gmvo6031,,,3HXCEECSQMC7ON439HB337OF5PFZYY,3DCXWU0MSD8V3HYAGJ9BK24L7SKVTS,,0
2,ddrcm8fk,,0,65,64,GoR_2,8,FinalResultsAndDebrief,172.16.176.137,2018-01-18 12:53:26.172472+00:00,1,A1NSHNH3MNFRGW,3FQ5JJ512M7K9DZXSG4KNVYJLG8NKR,0.75,1,58,0,,0,0.00,3,26.0,20,1,0,0,2,gmvo6031,,,3HXCEECSQMC7ON439HB337OF5PFZYY,3DCXWU0MSD8V3HYAGJ9BK24L7SKVTS,,0
3,ydwleocp,,0,64,64,GoR_2,8,FinalResultsAndDebrief,172.16.176.137,2018-01-18 12:53:26.314945+00:00,1,A1HZXKVQSWNKRA,3ZGVPD4G6U0DTL33PDT6J9SOE77ZTQ,8.00,1,100,1,,0,1.00,4,66.67,100,2,1,0,2,gmvo6031,,,3HXCEECSQMC7ON439HB337OF5PFZYY,3DCXWU0MSD8V3HYAGJ9BK24L7SKVTS,,0
4,jq3fzmkv,,0,65,64,GoR_2,8,FinalResultsAndDebrief,172.16.176.137,2018-01-18 12:53:26.612368+00:00,1,APGX2WZ59OWDN,3CN4LGXD5Y7T7AE8EQQFXU7USEN4Y9,1.10,2,20,1,,0,0.20,3,26.0,20,1,0,0,2,gmvo6031,,,3HXCEECSQMC7ON439HB337OF5PFZYY,3DCXWU0MSD8V3HYAGJ9BK24L7SKVTS,,0
5,mj3eg92g,,0,1,64,consent,1,Consent,172.16.176.137,2018-01-18 12:53:27.823237+00:00,1,A3PDTUA1YLJTMC,3TXWC2NHN09X8U8BWFUHWGU9XL4S9E,0.00,5,,0,,0,0.00,1,,,,0,0,2,gmvo6031,,,3HXCEECSQMC7ON439HB337OF5PFZYY,3DCXWU0MSD8V3HYAGJ9BK24L7SKVTS,,0
6,o2wxjxzc,,0,65,64,GoR_2,8,FinalResultsAndDebrief,172.16.176.137,2018-01-18 12:53:44.416442+00:00,1,A35QYDS8MRV1EX,3YW4XOSQKR4VY2XKH7AOWBUEK61U1N,0.91,2,69,0,,0,0.00,2,33.67,32,1,0,1,2,gmvo6031,,,3HXCEECSQMC7ON439HB337OF5PFZYY,3DCXWU0MSD8V3HYAGJ9BK24L7SKVTS,,0
7,1q2gv78n,,0,65,64,GoR_2,8,FinalResultsAndDebrief,172.16.176.137,2018-01-18 12:56:29.807708+00:00,1,A2F2DDH12YU4AK,3D8YOU6S9F3Q5OYHNDM5R7LVSHHU6L,8.00,2,100,1,,0,1.00,4,66.67,100,2,1,0,2,gmvo6031,,,3HXCEECSQMC7ON439HB337OF5PFZYY,3DCXWU0MSD8V3HYAGJ9BK24L7SKVTS,,0
8,59fwttut,,0,1,64,consent,1,Consent,127.0.0.1,2018-01-18 13:00:25.593543+00:00,1,,,0.00,8,,0,,0,0.00,1,,,,0,0,2,gmvo6031,,,3HXCEECSQMC7ON439HB337OF5PFZYY,3DCXWU0MSD8V3HYAGJ9BK24L7SKVTS,,0
9,k56y9gun,,0,1,64,consent,1,Consent,127.0.0.1,2018-01-18 13:00:25.621644+00:00,1,,,0.00,9,,0,,0,0.00,1,,,,0,0,2,gmvo6031,,,3HXCEECSQMC7ON439HB337OF5PFZYY,3DCXWU0MSD8V3HYAGJ9BK24L7SKVTS,,0
10,k0d302gm,,0,1,64,consent,1,Consent,127.0.0.1,2018-01-18 13:00:25.646110+00:00,1,,,0.00,10,,0,,0,0.00,1,,,,0,0,2,gmvo6031,,,3HXCEECSQMC7ON439HB337OF5PFZYY,3DCXWU0MSD8V3HYAGJ9BK24L7SKVTS,,0
11,ljtxr4mx,,0,1,64,consent,1,Consent,127.0.0.1,2018-01-18 13:00:25.670844+00:00,1,,,0.00,11,,0,,0,0.00,1,,,,0,0,2,gmvo6031,,,3HXCEECSQMC7ON439HB337OF5PFZYY,3DCXWU0MSD8V3HYAGJ9BK24L7SKVTS,,0
12,q78yz85t,,0,1,64,consent,1,Consent,127.0.0.1,2018-01-18 13:00:25.696149+00:00,1,,,0.00,12,,0,,0,0.00,1,,,,0,0,2,gmvo6031,,,3HXCEECSQMC7ON439HB337OF5PFZYY,3DCXWU0MSD8V3HYAGJ9BK24L7SKVTS,,0
1,dum8fuxd,,0,65,64,GoR_2,8,FinalResultsAndDebrief,172.16.176.137,2018-01-18 12:53:25.810857+00:00,1,A2IQ0QCTQ3KWLT,3Z7EFSHGNAX7291D29AVXEC9IL9XC8,1.98,1,53,0,,0,0.00,2,25.67,24,1,0,1,3,gmvo6031,,,3HXCEECSQMC7ON439HB337OF5PFZYY,3DCXWU0MSD8V3HYAGJ9BK24L7SKVTS,,0
2,ddrcm8fk,,0,65,64,GoR_2,8,FinalResultsAndDebrief,172.16.176.137,2018-01-18 12:53:26.172472+00:00,1,A1NSHNH3MNFRGW,3FQ5JJ512M7K9DZXSG4KNVYJLG8NKR,0.75,1,60,0,,0,0.00,3,30.0,30,1,0,0,3,gmvo6031,,,3HXCEECSQMC7ON439HB337OF5PFZYY,3DCXWU0MSD8V3HYAGJ9BK24L7SKVTS,,0
3,ydwleocp,,0,64,64,GoR_2,8,FinalResultsAndDebrief,172.16.176.137,2018-01-18 12:53:26.314945+00:00,1,A1HZXKVQSWNKRA,3ZGVPD4G6U0DTL33PDT6J9SOE77ZTQ,8.00,1,100,1,,0,1.00,4,66.67,100,2,1,0,3,gmvo6031,,,3HXCEECSQMC7ON439HB337OF5PFZYY,3DCXWU0MSD8V3HYAGJ9BK24L7SKVTS,,0
4,jq3fzmkv,,0,65,64,GoR_2,8,FinalResultsAndDebrief,172.16.176.137,2018-01-18 12:53:26.612368+00:00,1,APGX2WZ59OWDN,3CN4LGXD5Y7T7AE8EQQFXU7USEN4Y9,1.10,2,30,1,,0,0.30,3,30.0,30,1,0,0,3,gmvo6031,,,3HXCEECSQMC7ON439HB337OF5PFZYY,3DCXWU0MSD8V3HYAGJ9BK24L7SKVTS,,0
5,mj3eg92g,,0,1,64,consent,1,Consent,172.16.176.137,2018-01-18 12:53:27.823237+00:00,1,A3PDTUA1YLJTMC,3TXWC2NHN09X8U8BWFUHWGU9XL4S9E,0.00,5,,0,,0,0.00,1,,,,0,0,3,gmvo6031,,,3HXCEECSQMC7ON439HB337OF5PFZYY,3DCXWU0MSD8V3HYAGJ9BK24L7SKVTS,,0
6,o2wxjxzc,,0,65,64,GoR_2,8,FinalResultsAndDebrief,172.16.176.137,2018-01-18 12:53:44.416442+00:00,1,A35QYDS8MRV1EX,3YW4XOSQKR4VY2XKH7AOWBUEK61U1N,0.91,2,24,1,,0,0.24,2,25.67,24,1,0,1,3,gmvo6031,,,3HXCEECSQMC7ON439HB337OF5PFZYY,3DCXWU0MSD8V3HYAGJ9BK24L7SKVTS,,0
7,1q2gv78n,,0,65,64,GoR_2,8,FinalResultsAndDebrief,172.16.176.137,2018-01-18 12:56:29.807708+00:00,1,A2F2DDH12YU4AK,3D8YOU6S9F3Q5OYHNDM5R7LVSHHU6L,8.00,2,100,1,,0,1.00,4,66.67,100,2,1,0,3,gmvo6031,,,3HXCEECSQMC7ON439HB337OF5PFZYY,3DCXWU0MSD8V3HYAGJ9BK24L7SKVTS,,0
8,59fwttut,,0,1,64,consent,1,Consent,127.0.0.1,2018-01-18 13:00:25.593543+00:00,1,,,0.00,8,,0,,0,0.00,1,,,,0,0,3,gmvo6031,,,3HXCEECSQMC7ON439HB337OF5PFZYY,3DCXWU0MSD8V3HYAGJ9BK24L7SKVTS,,0
9,k56y9gun,,0,1,64,consent,1,Consent,127.0.0.1,2018-01-18 13:00:25.621644+00:00,1,,,0.00,9,,0,,0,0.00,1,,,,0,0,3,gmvo6031,,,3HXCEECSQMC7ON439HB337OF5PFZYY,3DCXWU0MSD8V3HYAGJ9BK24L7SKVTS,,0
10,k0d302gm,,0,1,64,consent,1,Consent,127.0.0.1,2018-01-18 13:00:25.646110+00:00,1,,,0.00,10,,0,,0,0.00,1,,,,0,0,3,gmvo6031,,,3HXCEECSQMC7ON439HB337OF5PFZYY,3DCXWU0MSD8V3HYAGJ9BK24L7SKVTS,,0
11,ljtxr4mx,,0,1,64,consent,1,Consent,127.0.0.1,2018-01-18 13:00:25.670844+00:00,1,,,0.00,11,,0,,0,0.00,1,,,,0,0,3,gmvo6031,,,3HXCEECSQMC7ON439HB337OF5PFZYY,3DCXWU0MSD8V3HYAGJ9BK24L7SKVTS,,0
12,q78yz85t,,0,1,64,consent,1,Consent,127.0.0.1,2018-01-18 13:00:25.696149+00:00,1,,,0.00,12,,0,,0,0.00,1,,,,0,0,3,gmvo6031,,,3HXCEECSQMC7ON439HB337OF5PFZYY,3DCXWU0MSD8V3HYAGJ9BK24L7SKVTS,,0
1,dum8fuxd,,0,65,64,GoR_2,8,FinalResultsAndDebrief,172.16.176.137,2018-01-18 12:53:25.810857+00:00,1,A2IQ0QCTQ3KWLT,3Z7EFSHGNAX7291D29AVXEC9IL9XC8,1.98,1,37,1,,0,0.37,2,27.33,37,1,0,1,4,gmvo6031,,,3HXCEECSQMC7ON439HB337OF5PFZYY,3DCXWU0MSD8V3HYAGJ9BK24L7SKVTS,,0
2,ddrcm8fk,,0,65,64,GoR_2,8,FinalResultsAndDebrief,172.16.176.137,2018-01-18 12:53:26.172472+00:00,1,A1NSHNH3MNFRGW,3FQ5JJ512M7K9DZXSG4KNVYJLG8NKR,0.75,1,40,0,,0,0.00,3,23.33,30,1,0,0,4,gmvo6031,,,3HXCEECSQMC7ON439HB337OF5PFZYY,3DCXWU0MSD8V3HYAGJ9BK24L7SKVTS,,0
3,ydwleocp,,0,64,64,GoR_2,8,FinalResultsAndDebrief,172.16.176.137,2018-01-18 12:53:26.314945+00:00,1,A1HZXKVQSWNKRA,3ZGVPD4G6U0DTL33PDT6J9SOE77ZTQ,8.00,1,100,1,,0,1.00,4,66.67,100,2,1,0,4,gmvo6031,,,3HXCEECSQMC7ON439HB337OF5PFZYY,3DCXWU0MSD8V3HYAGJ9BK24L7SKVTS,,0
4,jq3fzmkv,,0,65,64,GoR_2,8,FinalResultsAndDebrief,172.16.176.137,2018-01-18 12:53:26.612368+00:00,1,APGX2WZ59OWDN,3CN4LGXD5Y7T7AE8EQQFXU7USEN4Y9,1.10,2,30,1,,0,0.30,3,23.33,30,1,0,0,4,gmvo6031,,,3HXCEECSQMC7ON439HB337OF5PFZYY,3DCXWU0MSD8V3HYAGJ9BK24L7SKVTS,,0
5,mj3eg92g,,0,1,64,consent,1,Consent,172.16.176.137,2018-01-18 12:53:27.823237+00:00,1,A3PDTUA1YLJTMC,3TXWC2NHN09X8U8BWFUHWGU9XL4S9E,0.00,5,,0,,0,0.00,1,,,,0,0,4,gmvo6031,,,3HXCEECSQMC7ON439HB337OF5PFZYY,3DCXWU0MSD8V3HYAGJ9BK24L7SKVTS,,0
6,o2wxjxzc,,0,65,64,GoR_2,8,FinalResultsAndDebrief,172.16.176.137,2018-01-18 12:53:44.416442+00:00,1,A35QYDS8MRV1EX,3YW4XOSQKR4VY2XKH7AOWBUEK61U1N,0.91,2,45,0,,0,0.00,2,27.33,37,1,0,1,4,gmvo6031,,,3HXCEECSQMC7ON439HB337OF5PFZYY,3DCXWU0MSD8V3HYAGJ9BK24L7SKVTS,,0
7,1q2gv78n,,0,65,64,GoR_2,8,FinalResultsAndDebrief,172.16.176.137,2018-01-18 12:56:29.807708+00:00,1,A2F2DDH12YU4AK,3D8YOU6S9F3Q5OYHNDM5R7LVSHHU6L,8.00,2,100,1,,0,1.00,4,66.67,100,2,1,0,4,gmvo6031,,,3HXCEECSQMC7ON439HB337OF5PFZYY,3DCXWU0MSD8V3HYAGJ9BK24L7SKVTS,,0
8,59fwttut,,0,1,64,consent,1,Consent,127.0.0.1,2018-01-18 13:00:25.593543+00:00,1,,,0.00,8,,0,,0,0.00,1,,,,0,0,4,gmvo6031,,,3HXCEECSQMC7ON439HB337OF5PFZYY,3DCXWU0MSD8V3HYAGJ9BK24L7SKVTS,,0
9,k56y9gun,,0,1,64,consent,1,Consent,127.0.0.1,2018-01-18 13:00:25.621644+00:00,1,,,0.00,9,,0,,0,0.00,1,,,,0,0,4,gmvo6031,,,3HXCEECSQMC7ON439HB337OF5PFZYY,3DCXWU0MSD8V3HYAGJ9BK24L7SKVTS,,0
10,k0d302gm,,0,1,64,consent,1,Consent,127.0.0.1,2018-01-18 13:00:25.646110+00:00,1,,,0.00,10,,0,,0,0.00,1,,,,0,0,4,gmvo6031,,,3HXCEECSQMC7ON439HB337OF5PFZYY,3DCXWU0MSD8V3HYAGJ9BK24L7SKVTS,,0
11,ljtxr4mx,,0,1,64,consent,1,Consent,127.0.0.1,2018-01-18 13:00:25.670844+00:00,1,,,0.00,11,,0,,0,0.00,1,,,,0,0,4,gmvo6031,,,3HXCEECSQMC7ON439HB337OF5PFZYY,3DCXWU0MSD8V3HYAGJ9BK24L7SKVTS,,0
12,q78yz85t,,0,1,64,consent,1,Consent,127.0.0.1,2018-01-18 13:00:25.696149+00:00,1,,,0.00,12,,0,,0,0.00,1,,,,0,0,4,gmvo6031,,,3HXCEECSQMC7ON439HB337OF5PFZYY,3DCXWU0MSD8V3HYAGJ9BK24L7SKVTS,,0
1,dum8fuxd,,0,65,64,GoR_2,8,FinalResultsAndDebrief,172.16.176.137,2018-01-18 12:53:25.810857+00:00,1,A2IQ0QCTQ3KWLT,3Z7EFSHGNAX7291D29AVXEC9IL9XC8,1.98,1,45,1,,0,0.45,2,34.33,45,1,0,1,5,gmvo6031,,,3HXCEECSQMC7ON439HB337OF5PFZYY,3DCXWU0MSD8V3HYAGJ9BK24L7SKVTS,,0
2,ddrcm8fk,,0,65,64,GoR_2,8,FinalResultsAndDebrief,172.16.176.137,2018-01-18 12:53:26.172472+00:00,1,A1NSHNH3MNFRGW,3FQ5JJ512M7K9DZXSG4KNVYJLG8NKR,0.75,1,23,1,,0,0.23,3,19.33,23,1,0,0,5,gmvo6031,,,3HXCEECSQMC7ON439HB337OF5PFZYY,3DCXWU0MSD8V3HYAGJ9BK24L7SKVTS,,0
3,ydwleocp,,0,64,64,GoR_2,8,FinalResultsAndDebrief,172.16.176.137,2018-01-18 12:53:26.314945+00:00,1,A1HZXKVQSWNKRA,3ZGVPD4G6U0DTL33PDT6J9SOE77ZTQ,8.00,1,100,1,,0,1.00,4,66.67,100,2,1,0,5,gmvo6031,,,3HXCEECSQMC7ON439HB337OF5PFZYY,3DCXWU0MSD8V3HYAGJ9BK24L7SKVTS,,0
4,jq3fzmkv,,0,65,64,GoR_2,8,FinalResultsAndDebrief,172.16.176.137,2018-01-18 12:53:26.612368+00:00,1,APGX2WZ59OWDN,3CN4LGXD5Y7T7AE8EQQFXU7USEN4Y9,1.10,2,35,0,,0,0.00,3,19.33,23,1,0,0,5,gmvo6031,,,3HXCEECSQMC7ON439HB337OF5PFZYY,3DCXWU0MSD8V3HYAGJ9BK24L7SKVTS,,0
5,mj3eg92g,,0,1,64,consent,1,Consent,172.16.176.137,2018-01-18 12:53:27.823237+00:00,1,A3PDTUA1YLJTMC,3TXWC2NHN09X8U8BWFUHWGU9XL4S9E,0.00,5,,0,,0,0.00,1,,,,0,0,5,gmvo6031,,,3HXCEECSQMC7ON439HB337OF5PFZYY,3DCXWU0MSD8V3HYAGJ9BK24L7SKVTS,,0
6,o2wxjxzc,,0,65,64,GoR_2,8,FinalResultsAndDebrief,172.16.176.137,2018-01-18 12:53:44.416442+00:00,1,A35QYDS8MRV1EX,3YW4XOSQKR4VY2XKH7AOWBUEK61U1N,0.91,2,58,0,,0,0.00,2,34.33,45,1,0,1,5,gmvo6031,,,3HXCEECSQMC7ON439HB337OF5PFZYY,3DCXWU0MSD8V3HYAGJ9BK24L7SKVTS,,0
7,1q2gv78n,,0,65,64,GoR_2,8,FinalResultsAndDebrief,172.16.176.137,2018-01-18 12:56:29.807708+00:00,1,A2F2DDH12YU4AK,3D8YOU6S9F3Q5OYHNDM5R7LVSHHU6L,8.00,2,100,1,,0,1.00,4,66.67,100,2,1,0,5,gmvo6031,,,3HXCEECSQMC7ON439HB337OF5PFZYY,3DCXWU0MSD8V3HYAGJ9BK24L7SKVTS,,0
8,59fwttut,,0,1,64,consent,1,Consent,127.0.0.1,2018-01-18 13:00:25.593543+00:00,1,,,0.00,8,,0,,0,0.00,1,,,,0,0,5,gmvo6031,,,3HXCEECSQMC7ON439HB337OF5PFZYY,3DCXWU0MSD8V3HYAGJ9BK24L7SKVTS,,0
9,k56y9gun,,0,1,64,consent,1,Consent,127.0.0.1,2018-01-18 13:00:25.621644+00:00,1,,,0.00,9,,0,,0,0.00,1,,,,0,0,5,gmvo6031,,,3HXCEECSQMC7ON439HB337OF5PFZYY,3DCXWU0MSD8V3HYAGJ9BK24L7SKVTS,,0
10,k0d302gm,,0,1,64,consent,1,Consent,127.0.0.1,2018-01-18 13:00:25.646110+00:00,1,,,0.00,10,,0,,0,0.00,1,,,,0,0,5,gmvo6031,,,3HXCEECSQMC7ON439HB337OF5PFZYY,3DCXWU0MSD8V3HYAGJ9BK24L7SKVTS,,0
11,ljtxr4mx,,0,1,64,consent,1,Consent,127.0.0.1,2018-01-18 13:00:25.670844+00:00,1,,,0.00,11,,0,,0,0.00,1,,,,0,0,5,gmvo6031,,,3HXCEECSQMC7ON439HB337OF5PFZYY,3DCXWU0MSD8V3HYAGJ9BK24L7SKVTS,,0
12,q78yz85t,,0,1,64,consent,1,Consent,127.0.0.1,2018-01-18 13:00:25.696149+00:00,1,,,0.00,12,,0,,0,0.00,1,,,,0,0,5,gmvo6031,,,3HXCEECSQMC7ON439HB337OF5PFZYY,3DCXWU0MSD8V3HYAGJ9BK24L7SKVTS,,0
1,dum8fuxd,,0,65,64,GoR_2,8,FinalResultsAndDebrief,172.16.176.137,2018-01-18 12:53:25.810857+00:00,1,A2IQ0QCTQ3KWLT,3Z7EFSHGNAX7291D29AVXEC9IL9XC8,1.98,1,38,1,,0,0.38,2,28.0,38,1,0,1,6,gmvo6031,,,3HXCEECSQMC7ON439HB337OF5PFZYY,3DCXWU0MSD8V3HYAGJ9BK24L7SKVTS,,0
2,ddrcm8fk,,0,65,64,GoR_2,8,FinalResultsAndDebrief,172.16.176.137,2018-01-18 12:53:26.172472+00:00,1,A1NSHNH3MNFRGW,3FQ5JJ512M7K9DZXSG4KNVYJLG8NKR,0.75,1,25,0,,0,0.00,3,15.0,20,1,0,0,6,gmvo6031,,,3HXCEECSQMC7ON439HB337OF5PFZYY,3DCXWU0MSD8V3HYAGJ9BK24L7SKVTS,,0
3,ydwleocp,,0,64,64,GoR_2,8,FinalResultsAndDebrief,172.16.176.137,2018-01-18 12:53:26.314945+00:00,1,A1HZXKVQSWNKRA,3ZGVPD4G6U0DTL33PDT6J9SOE77ZTQ,8.00,1,100,1,,0,1.00,4,66.67,100,2,1,0,6,gmvo6031,,,3HXCEECSQMC7ON439HB337OF5PFZYY,3DCXWU0MSD8V3HYAGJ9BK24L7SKVTS,,0
4,jq3fzmkv,,0,65,64,GoR_2,8,FinalResultsAndDebrief,172.16.176.137,2018-01-18 12:53:26.612368+00:00,1,APGX2WZ59OWDN,3CN4LGXD5Y7T7AE8EQQFXU7USEN4Y9,1.10,2,20,1,,0,0.20,3,15.0,20,1,0,0,6,gmvo6031,,,3HXCEECSQMC7ON439HB337OF5PFZYY,3DCXWU0MSD8V3HYAGJ9BK24L7SKVTS,,0
5,mj3eg92g,,0,1,64,consent,1,Consent,172.16.176.137,2018-01-18 12:53:27.823237+00:00,1,A3PDTUA1YLJTMC,3TXWC2NHN09X8U8BWFUHWGU9XL4S9E,0.00,5,,0,,0,0.00,1,,,,0,0,6,gmvo6031,,,3HXCEECSQMC7ON439HB337OF5PFZYY,3DCXWU0MSD8V3HYAGJ9BK24L7SKVTS,,0
6,o2wxjxzc,,0,65,64,GoR_2,8,FinalResultsAndDebrief,172.16.176.137,2018-01-18 12:53:44.416442+00:00,1,A35QYDS8MRV1EX,3YW4XOSQKR4VY2XKH7AOWBUEK61U1N,0.91,2,46,0,,0,0.00,2,28.0,38,1,0,1,6,gmvo6031,,,3HXCEECSQMC7ON439HB337OF5PFZYY,3DCXWU0MSD8V3HYAGJ9BK24L7SKVTS,,0
7,1q2gv78n,,0,65,64,GoR_2,8,FinalResultsAndDebrief,172.16.176.137,2018-01-18 12:56:29.807708+00:00,1,A2F2DDH12YU4AK,3D8YOU6S9F3Q5OYHNDM5R7LVSHHU6L,8.00,2,100,1,,0,1.00,4,66.67,100,2,1,0,6,gmvo6031,,,3HXCEECSQMC7ON439HB337OF5PFZYY,3DCXWU0MSD8V3HYAGJ9BK24L7SKVTS,,0
8,59fwttut,,0,1,64,consent,1,Consent,127.0.0.1,2018-01-18 13:00:25.593543+00:00,1,,,0.00,8,,0,,0,0.00,1,,,,0,0,6,gmvo6031,,,3HXCEECSQMC7ON439HB337OF5PFZYY,3DCXWU0MSD8V3HYAGJ9BK24L7SKVTS,,0
9,k56y9gun,,0,1,64,consent,1,Consent,127.0.0.1,2018-01-18 13:00:25.621644+00:00,1,,,0.00,9,,0,,0,0.00,1,,,,0,0,6,gmvo6031,,,3HXCEECSQMC7ON439HB337OF5PFZYY,3DCXWU0MSD8V3HYAGJ9BK24L7SKVTS,,0
10,k0d302gm,,0,1,64,consent,1,Consent,127.0.0.1,2018-01-18 13:00:25.646110+00:00,1,,,0.00,10,,0,,0,0.00,1,,,,0,0,6,gmvo6031,,,3HXCEECSQMC7ON439HB337OF5PFZYY,3DCXWU0MSD8V3HYAGJ9BK24L7SKVTS,,0
11,ljtxr4mx,,0,1,64,consent,1,Consent,127.0.0.1,2018-01-18 13:00:25.670844+00:00,1,,,0.00,11,,0,,0,0.00,1,,,,0,0,6,gmvo6031,,,3HXCEECSQMC7ON439HB337OF5PFZYY,3DCXWU0MSD8V3HYAGJ9BK24L7SKVTS,,0
12,q78yz85t,,0,1,64,consent,1,Consent,127.0.0.1,2018-01-18 13:00:25.696149+00:00,1,,,0.00,12,,0,,0,0.00,1,,,,0,0,6,gmvo6031,,,3HXCEECSQMC7ON439HB337OF5PFZYY,3DCXWU0MSD8V3HYAGJ9BK24L7SKVTS,,0
1,dum8fuxd,,0,65,64,GoR_2,8,FinalResultsAndDebrief,172.16.176.137,2018-01-18 12:53:25.810857+00:00,1,A2IQ0QCTQ3KWLT,3Z7EFSHGNAX7291D29AVXEC9IL9XC8,1.98,1,42,0,,0,0.00,2,24.67,32,1,0,1,7,gmvo6031,,,3HXCEECSQMC7ON439HB337OF5PFZYY,3DCXWU0MSD8V3HYAGJ9BK24L7SKVTS,,0
2,ddrcm8fk,,0,65,64,GoR_2,8,FinalResultsAndDebrief,172.16.176.137,2018-01-18 12:53:26.172472+00:00,1,A1NSHNH3MNFRGW,3FQ5JJ512M7K9DZXSG4KNVYJLG8NKR,0.75,1,17,1,,0,0.17,3,11.67,17,1,0,0,7,gmvo6031,,,3HXCEECSQMC7ON439HB337OF5PFZYY,3DCXWU0MSD8V3HYAGJ9BK24L7SKVTS,,0
3,ydwleocp,,0,64,64,GoR_2,8,FinalResultsAndDebrief,172.16.176.137,2018-01-18 12:53:26.314945+00:00,1,A1HZXKVQSWNKRA,3ZGVPD4G6U0DTL33PDT6J9SOE77ZTQ,8.00,1,100,1,,0,1.00,4,66.67,100,2,1,0,7,gmvo6031,,,3HXCEECSQMC7ON439HB337OF5PFZYY,3DCXWU0MSD8V3HYAGJ9BK24L7SKVTS,,0
4,jq3fzmkv,,0,65,64,GoR_2,8,FinalResultsAndDebrief,172.16.176.137,2018-01-18 12:53:26.612368+00:00,1,APGX2WZ59OWDN,3CN4LGXD5Y7T7AE8EQQFXU7USEN4Y9,1.10,2,18,0,,0,0.00,3,11.67,17,1,0,0,7,gmvo6031,,,3HXCEECSQMC7ON439HB337OF5PFZYY,3DCXWU0MSD8V3HYAGJ9BK24L7SKVTS,,0
5,mj3eg92g,,0,1,64,consent,1,Consent,172.16.176.137,2018-01-18 12:53:27.823237+00:00,1,A3PDTUA1YLJTMC,3TXWC2NHN09X8U8BWFUHWGU9XL4S9E,0.00,5,,0,,0,0.00,1,,,,0,0,7,gmvo6031,,,3HXCEECSQMC7ON439HB337OF5PFZYY,3DCXWU0MSD8V3HYAGJ9BK24L7SKVTS,,0
6,o2wxjxzc,,0,65,64,GoR_2,8,FinalResultsAndDebrief,172.16.176.137,2018-01-18 12:53:44.416442+00:00,1,A35QYDS8MRV1EX,3YW4XOSQKR4VY2XKH7AOWBUEK61U1N,0.91,2,32,1,,0,0.32,2,24.67,32,1,0,1,7,gmvo6031,,,3HXCEECSQMC7ON439HB337OF5PFZYY,3DCXWU0MSD8V3HYAGJ9BK24L7SKVTS,,0
7,1q2gv78n,,0,65,64,GoR_2,8,FinalResultsAndDebrief,172.16.176.137,2018-01-18 12:56:29.807708+00:00,1,A2F2DDH12YU4AK,3D8YOU6S9F3Q5OYHNDM5R7LVSHHU6L,8.00,2,100,1,,0,1.00,4,66.67,100,2,1,0,7,gmvo6031,,,3HXCEECSQMC7ON439HB337OF5PFZYY,3DCXWU0MSD8V3HYAGJ9BK24L7SKVTS,,0
8,59fwttut,,0,1,64,consent,1,Consent,127.0.0.1,2018-01-18 13:00:25.593543+00:00,1,,,0.00,8,,0,,0,0.00,1,,,,0,0,7,gmvo6031,,,3HXCEECSQMC7ON439HB337OF5PFZYY,3DCXWU0MSD8V3HYAGJ9BK24L7SKVTS,,0
9,k56y9gun,,0,1,64,consent,1,Consent,127.0.0.1,2018-01-18 13:00:25.621644+00:00,1,,,0.00,9,,0,,0,0.00,1,,,,0,0,7,gmvo6031,,,3HXCEECSQMC7ON439HB337OF5PFZYY,3DCXWU0MSD8V3HYAGJ9BK24L7SKVTS,,0
10,k0d302gm,,0,1,64,consent,1,Consent,127.0.0.1,2018-01-18 13:00:25.646110+00:00,1,,,0.00,10,,0,,0,0.00,1,,,,0,0,7,gmvo6031,,,3HXCEECSQMC7ON439HB337OF5PFZYY,3DCXWU0MSD8V3HYAGJ9BK24L7SKVTS,,0
11,ljtxr4mx,,0,1,64,consent,1,Consent,127.0.0.1,2018-01-18 13:00:25.670844+00:00,1,,,0.00,11,,0,,0,0.00,1,,,,0,0,7,gmvo6031,,,3HXCEECSQMC7ON439HB337OF5PFZYY,3DCXWU0MSD8V3HYAGJ9BK24L7SKVTS,,0
12,q78yz85t,,0,1,64,consent,1,Consent,127.0.0.1,2018-01-18 13:00:25.696149+00:00,1,,,0.00,12,,0,,0,0.00,1,,,,0,0,7,gmvo6031,,,3HXCEECSQMC7ON439HB337OF5PFZYY,3DCXWU0MSD8V3HYAGJ9BK24L7SKVTS,,0
1,dum8fuxd,,0,65,64,GoR_2,8,FinalResultsAndDebrief,172.16.176.137,2018-01-18 12:53:25.810857+00:00,1,A2IQ0QCTQ3KWLT,3Z7EFSHGNAX7291D29AVXEC9IL9XC8,1.98,1,39,0,I went with my gut,0,0.00,2,24.67,35,1,0,1,8,gmvo6031,,,3HXCEECSQMC7ON439HB337OF5PFZYY,3DCXWU0MSD8V3HYAGJ9BK24L7SKVTS,,0
2,ddrcm8fk,,0,65,64,GoR_2,8,FinalResultsAndDebrief,172.16.176.137,2018-01-18 12:53:26.172472+00:00,1,A1NSHNH3MNFRGW,3FQ5JJ512M7K9DZXSG4KNVYJLG8NKR,0.75,1,13,0,Started with higher numbers to push the average up then used lower numbers to align with the average. ,0,0.00,3,7.67,10,1,0,0,8,gmvo6031,,,3HXCEECSQMC7ON439HB337OF5PFZYY,3DCXWU0MSD8V3HYAGJ9BK24L7SKVTS,,0
3,ydwleocp,,0,64,64,GoR_2,8,FinalResultsAndDebrief,172.16.176.137,2018-01-18 12:53:26.314945+00:00,1,A1HZXKVQSWNKRA,3ZGVPD4G6U0DTL33PDT6J9SOE77ZTQ,8.00,1,100,1,,0,1.00,4,66.67,100,2,1,0,8,gmvo6031,,,3HXCEECSQMC7ON439HB337OF5PFZYY,3DCXWU0MSD8V3HYAGJ9BK24L7SKVTS,,0
4,jq3fzmkv,,0,65,64,GoR_2,8,FinalResultsAndDebrief,172.16.176.137,2018-01-18 12:53:26.612368+00:00,1,APGX2WZ59OWDN,3CN4LGXD5Y7T7AE8EQQFXU7USEN4Y9,1.10,2,10,1,I tried to guess lower than what I thought it would be,0,0.10,3,7.67,10,1,0,0,8,gmvo6031,,,3HXCEECSQMC7ON439HB337OF5PFZYY,3DCXWU0MSD8V3HYAGJ9BK24L7SKVTS,,0
5,mj3eg92g,,0,1,64,consent,1,Consent,172.16.176.137,2018-01-18 12:53:27.823237+00:00,1,A3PDTUA1YLJTMC,3TXWC2NHN09X8U8BWFUHWGU9XL4S9E,0.00,5,,0,,0,0.00,1,,,,0,0,8,gmvo6031,,,3HXCEECSQMC7ON439HB337OF5PFZYY,3DCXWU0MSD8V3HYAGJ9BK24L7SKVTS,,0
6,o2wxjxzc,,0,65,64,GoR_2,8,FinalResultsAndDebrief,172.16.176.137,2018-01-18 12:53:44.416442+00:00,1,A35QYDS8MRV1EX,3YW4XOSQKR4VY2XKH7AOWBUEK61U1N,0.91,2,35,1,guessing,0,0.35,2,24.67,35,1,0,1,8,gmvo6031,,,3HXCEECSQMC7ON439HB337OF5PFZYY,3DCXWU0MSD8V3HYAGJ9BK24L7SKVTS,,0
7,1q2gv78n,,0,65,64,GoR_2,8,FinalResultsAndDebrief,172.16.176.137,2018-01-18 12:56:29.807708+00:00,1,A2F2DDH12YU4AK,3D8YOU6S9F3Q5OYHNDM5R7LVSHHU6L,8.00,2,100,1,"I planned to use a tit for two tats strategy, and the other player never defected from the optimal strategy, so I chose the optimal strategy as well.",0,1.00,4,66.67,100,2,1,0,8,gmvo6031,,,3HXCEECSQMC7ON439HB337OF5PFZYY,3DCXWU0MSD8V3HYAGJ9BK24L7SKVTS,,0
8,59fwttut,,0,1,64,consent,1,Consent,127.0.0.1,2018-01-18 13:00:25.593543+00:00,1,,,0.00,8,,0,,0,0.00,1,,,,0,0,8,gmvo6031,,,3HXCEECSQMC7ON439HB337OF5PFZYY,3DCXWU0MSD8V3HYAGJ9BK24L7SKVTS,,0
9,k56y9gun,,0,1,64,consent,1,Consent,127.0.0.1,2018-01-18 13:00:25.621644+00:00,1,,,0.00,9,,0,,0,0.00,1,,,,0,0,8,gmvo6031,,,3HXCEECSQMC7ON439HB337OF5PFZYY,3DCXWU0MSD8V3HYAGJ9BK24L7SKVTS,,0
10,k0d302gm,,0,1,64,consent,1,Consent,127.0.0.1,2018-01-18 13:00:25.646110+00:00,1,,,0.00,10,,0,,0,0.00,1,,,,0,0,8,gmvo6031,,,3HXCEECSQMC7ON439HB337OF5PFZYY,3DCXWU0MSD8V3HYAGJ9BK24L7SKVTS,,0
11,ljtxr4mx,,0,1,64,consent,1,Consent,127.0.0.1,2018-01-18 13:00:25.670844+00:00,1,,,0.00,11,,0,,0,0.00,1,,,,0,0,8,gmvo6031,,,3HXCEECSQMC7ON439HB337OF5PFZYY,3DCXWU0MSD8V3HYAGJ9BK24L7SKVTS,,0
12,q78yz85t,,0,1,64,consent,1,Consent,127.0.0.1,2018-01-18 13:00:25.696149+00:00,1,,,0.00,12,,0,,0,0.00,1,,,,0,0,8,gmvo6031,,,3HXCEECSQMC7ON439HB337OF5PFZYY,3DCXWU0MSD8V3HYAGJ9BK24L7SKVTS,,0
